dataset,dataset_name,window_id,start_s,end_s,sample_rows,frame_count,vehicle_count,density_veh_per_m,flow_veh_per_s,mean_speed_kmh,std_speed_kmh,speed_ratio,mean_abs_acc,std_acc,mean_headway_s,min_headway_s,mean_space_gap_m,headway_sample_count,acceleration_interference,mgti,lane_change_count,lane_change_rate,hbb_occupancy,obb_occupancy,occupancy_reduction,hbb_hfgo_occupancy,hfgo_occupancy,hfgo_occupancy_reduction,hbb_grid_active_mean,obb_grid_active_mean,grid_active_reduction,hbb_grid_entropy_mean,obb_grid_entropy_mean,grid_entropy_reduction,hbb_grid_peak_frac_mean,obb_grid_peak_frac_mean,grid_peak_gain,sgt_hfgo,direction_fluctuation,theta_conf_mean
xamn6,XAM-N-6,0,66.000,71.000,13010,300,55,0.392857,11.000000,22.197550,16.322319,0.369959,0.522825,0.899230,2.123411,0.130918,10.730357,10072,0.899230,2.8206567764282227,6,0.109091,0.05897766,0.05897766,0.00000000,0.05897766,0.05897763,0.00000054,1.646272,1.681553,-0.021431,0.074852,0.075515,-0.008846,0.861821,0.862515,0.000694,0.02250461,0.93461705,0.999516
xamn6,XAM-N-6,1,67.000,72.000,13038,300,55,0.392857,11.000000,22.059158,16.730562,0.367653,0.530386,0.945718,2.225405,0.011919,11.382919,9995,0.945718,2.9012198448181152,6,0.109091,0.05778988,0.05778988,0.00000000,0.05778988,0.05778986,0.00000041,1.647032,1.684307,-0.022632,0.074765,0.075632,-0.011600,0.862001,0.862371,0.000369,0.02211067,0.94309954,1.000000
xamn6,XAM-N-6,2,68.000,73.000,12997,300,55,0.392857,11.000000,21.910589,17.229097,0.365176,0.511756,0.841296,2.224695,0.011919,11.444540,9798,0.841296,2.862860918045044,12,0.218182,0.05644363,0.05644363,0.00000000,0.05644363,0.05644363,0.00000000,1.604216,1.641610,-0.023309,0.071323,0.072258,-0.013103,0.866760,0.867030,0.000270,0.02107940,0.94706115,1.000000
xamn6,XAM-N-6,3,69.000,74.000,13040,300,53,0.378571,10.600000,21.834986,17.698465,0.363916,0.500819,0.772648,2.264874,0.000158,11.551782,9769,0.772648,2.825777769088745,11,0.207547,0.05619338,0.05619338,0.00000000,0.05619338,0.05619338,0.00000000,1.561733,1.605675,-0.028137,0.066317,0.067403,-0.016386,0.875744,0.875678,-0.000066,0.02132166,0.95372433,1.000000
xamn6,XAM-N-6,4,70.000,75.000,13081,300,55,0.392857,11.000000,21.635950,17.760580,0.360599,0.505908,0.813685,2.301348,0.000158,11.693847,9774,0.813685,2.9503939151763916,10,0.181818,0.05589150,0.05589150,0.00000007,0.05589150,0.05589150,0.00000000,1.538032,1.587417,-0.032109,0.065506,0.066548,-0.015901,0.875365,0.875755,0.000390,0.02017083,0.93945828,1.000000
xamn6,XAM-N-6,5,71.000,76.000,13135,300,54,0.385714,10.800000,21.805759,17.871294,0.363429,0.590189,1.079969,2.318242,0.000158,11.915084,9795,1.079969,2.904517650604248,23,0.425926,0.05559526,0.05559526,0.00000000,0.05559526,0.05559526,0.00000000,1.520137,1.572440,-0.034407,0.064739,0.065775,-0.016006,0.875520,0.876114,0.000593,0.01880342,0.93560251,1.000000
xamn6,XAM-N-6,6,72.000,77.000,13363,300,56,0.400000,11.200000,22.366442,18.433340,0.372774,0.587823,1.069153,2.353307,0.000158,12.439991,10147,1.069153,2.988845109939575,26,0.464286,0.05596738,0.05596738,0.00000000,0.05596738,0.05596738,0.00000000,1.479084,1.531318,-0.035315,0.059915,0.060997,-0.018064,0.884454,0.884847,0.000394,0.01791605,0.95260830,1.000000
xamn6,XAM-N-6,7,73.000,78.000,13563,300,57,0.407143,11.400000,22.675045,18.642794,0.377917,0.607373,1.132722,2.495507,0.000158,13.167605,10537,1.132722,3.168480634689331,18,0.315789,0.05619629,0.05619628,0.00000014,0.05619629,0.05619629,0.00000000,1.484775,1.539482,-0.036846,0.060116,0.061125,-0.016793,0.884710,0.885042,0.000332,0.01840547,0.96307996,1.000000
xamn6,XAM-N-6,8,74.000,79.000,13724,300,58,0.414286,11.600000,23.085623,18.782259,0.384760,0.688382,1.322638,2.654048,0.090078,13.923614,10830,1.322638,3.350348472595215,21,0.362069,0.05622817,0.05622817,0.00000000,0.05622817,0.05622817,0.00000000,1.506485,1.564850,-0.038742,0.063259,0.064372,-0.017606,0.878651,0.878874,0.000223,0.01856688,0.98757335,1.000000
xamn6,XAM-N-6,9,75.000,80.000,13956,300,57,0.407143,11.400000,23.695793,18.966860,0.394930,0.770014,1.491584,2.760462,0.009326,14.478645,11014,1.491584,3.399312973022461,24,0.421053,0.05680728,0.05680728,-0.00000007,0.05680728,0.05680728,0.00000000,1.507810,1.570651,-0.041677,0.062757,0.064346,-0.025320,0.880370,0.879575,-0.000795,0.01971037,1.03078862,1.000000
xamn6,XAM-N-6,10,76.000,81.000,14187,300,60,0.428571,12.000000,24.033524,18.880297,0.400559,0.755278,1.457778,2.762427,0.009326,14.717806,11256,1.457778,3.514197826385498,13,0.216667,0.05742709,0.05742709,0.00000007,0.05742709,0.05742709,0.00000000,1.519842,1.585466,-0.043178,0.063483,0.065237,-0.027637,0.878793,0.877438,-0.001356,0.01810541,1.05759345,1.000000
xamn6,XAM-N-6,11,77.000,82.000,14184,300,60,0.428571,12.000000,24.036873,18.292017,0.400615,0.768885,1.442220,2.680898,0.009050,14.386629,11190,1.442220,3.4079113006591797,15,0.250000,0.05700765,0.05700764,0.00000007,0.05700765,0.05700765,0.00000000,1.545897,1.615694,-0.045150,0.066807,0.068663,-0.027785,0.872252,0.870887,-0.001365,0.01757725,1.07018843,1.000000
xamn6,XAM-N-6,12,78.000,83.000,14220,300,59,0.421429,11.800000,24.313707,17.819187,0.405228,0.773348,1.435876,2.542653,0.009050,14.175184,11170,1.435876,3.1849615573883057,15,0.254237,0.05681746,0.05681746,0.00000000,0.05681746,0.05681746,0.00000000,1.571519,1.640084,-0.043630,0.069145,0.070861,-0.024806,0.868530,0.867390,-0.001140,0.01786063,1.08845655,1.000000
xamn6,XAM-N-6,13,79.000,84.000,14205,300,60,0.428571,12.000000,24.789392,17.473824,0.413157,0.746534,1.364254,2.348904,0.009050,13.784904,11109,1.364254,2.9592885971069336,16,0.266667,0.05654282,0.05654281,0.00000007,0.05654282,0.05654282,0.00000000,1.563604,1.627455,-0.040836,0.067348,0.068866,-0.022544,0.873215,0.872167,-0.001048,0.01682553,1.10820005,1.000000
xamn6,XAM-N-6,14,80.000,85.000,14125,300,60,0.428571,12.000000,25.243500,17.145432,0.420725,0.705017,1.256486,2.205791,0.004071,13.495445,11142,1.256486,2.741300106048584,15,0.250000,0.05597362,0.05597362,0.00000007,0.05597362,0.05597362,0.00000000,1.583292,1.640779,-0.036308,0.069735,0.070943,-0.017334,0.869030,0.868306,-0.000724,0.01769061,1.12303518,1.000000
xamn6,XAM-N-6,15,81.000,86.000,13913,300,57,0.407143,11.400000,25.893684,17.000744,0.431561,0.668805,1.106123,2.149184,0.004071,13.353592,11031,1.106123,2.46955943107605,12,0.210526,0.05499556,0.05499556,0.00000007,0.05499556,0.05499556,0.00000000,1.589449,1.643786,-0.034187,0.069687,0.070946,-0.018063,0.870630,0.869830,-0.000800,0.01692477,1.15043607,1.000000
xamn6,XAM-N-6,16,82.000,87.000,13848,300,59,0.421429,11.800000,26.754229,17.006765,0.445904,0.677978,1.123918,2.104058,0.004071,13.373154,11029,1.123918,2.419137954711914,6,0.101695,0.05481238,0.05481238,0.00000015,0.05481238,0.05481238,0.00000000,1.580373,1.630416,-0.031666,0.069128,0.070372,-0.017991,0.871142,0.870220,-0.000923,0.01715456,1.17951492,1.000000
xamn6,XAM-N-6,17,83.000,88.000,13903,300,63,0.450000,12.600000,27.790564,17.028984,0.463176,0.710997,1.195801,2.084974,0.004071,13.832699,11140,1.195801,2.4763269424438477,10,0.158730,0.05502753,0.05502753,0.00000000,0.05502753,0.05502753,0.00000000,1.570884,1.624182,-0.033929,0.068916,0.070309,-0.020216,0.870087,0.868933,-0.001154,0.01793904,1.21677565,1.000000
xamn6,XAM-N-6,18,84.000,89.000,13891,300,60,0.428571,12.000000,28.534348,16.927671,0.475572,0.677326,1.125171,2.095716,0.004071,14.381154,11174,1.125171,2.304710626602173,9,0.150000,0.05494523,0.05494522,0.00000015,0.05494523,0.05494523,0.00000000,1.560363,1.613779,-0.034233,0.067330,0.068963,-0.024245,0.872231,0.870818,-0.001413,0.01713268,1.23387348,1.000000
xamn6,XAM-N-6,19,85.000,90.000,13854,300,60,0.428571,12.000000,28.904570,16.881956,0.481743,0.654558,1.152633,2.081605,0.012281,14.458148,11154,1.152633,2.2513632774353027,7,0.116667,0.05476736,0.05476735,0.00000007,0.05476736,0.05476736,0.00000000,1.553126,1.607334,-0.034903,0.066631,0.068331,-0.025518,0.873281,0.871790,-0.001490,0.01727409,1.22933910,1.000000
xamn6,XAM-N-6,20,86.000,91.000,13814,300,57,0.407143,11.400000,28.778469,16.780121,0.479641,0.644415,1.164979,2.054456,0.065784,14.383053,11114,1.164979,2.1037466526031494,10,0.175439,0.05449622,0.05449622,-0.00000007,0.05449622,0.05449622,0.00000000,1.558998,1.618431,-0.038122,0.068784,0.070518,-0.025208,0.867263,0.865890,-0.001374,0.01785151,1.20283743,1.000000
xamn6,XAM-N-6,21,87.000,92.000,13834,300,59,0.421429,11.800000,28.652794,16.786991,0.477547,0.612754,1.120998,2.052126,0.233567,14.748086,11134,1.120998,2.184586524963379,10,0.169492,0.05434001,0.05434001,-0.00000007,0.05434001,0.05434001,0.00000000,1.546697,1.609079,-0.040333,0.066994,0.068854,-0.027772,0.870699,0.869253,-0.001446,0.01623848,1.18901124,1.000000
xamn6,XAM-N-6,22,88.000,93.000,13651,300,59,0.421429,11.800000,28.378923,16.903183,0.472982,0.574101,1.029309,2.074569,0.204122,15.225891,10951,1.029309,2.2054710388183594,6,0.101695,0.05361378,0.05361378,0.00000000,0.05361378,0.05361378,0.00000000,1.523039,1.585159,-0.040787,0.064260,0.066300,-0.031752,0.876513,0.874809,-0.001704,0.01685277,1.17427157,1.000000
xamn6,XAM-N-6,23,89.000,94.000,13496,300,57,0.407143,11.400000,27.929939,16.925451,0.465499,0.590129,1.058277,2.060069,0.174408,15.203709,10796,1.058277,2.1234569549560547,7,0.122807,0.05294276,0.05294276,-0.00000008,0.05294276,0.05294276,0.00000000,1.527119,1.588619,-0.040272,0.066060,0.067967,-0.028869,0.872390,0.870945,-0.001445,0.01603131,1.14843824,1.000000
xamn6,XAM-N-6,24,90.000,95.000,13269,300,58,0.414286,11.600000,27.728655,17.097328,0.462144,0.589903,0.948238,2.057780,0.100428,15.451777,10574,0.948238,2.1385388374328613,8,0.137931,0.05190391,0.05190391,0.00000000,0.05190391,0.05190391,0.00000000,1.508554,1.566735,-0.038567,0.063393,0.065073,-0.026499,0.878065,0.876992,-0.001073,0.01498087,1.14267709,1.000000
xamn6,XAM-N-6,25,91.000,96.000,13246,300,59,0.421429,11.800000,27.948248,17.260221,0.465804,0.627145,1.065745,2.073490,0.004034,15.845602,10521,1.065745,2.167271137237549,7,0.118644,0.05164586,0.05164586,0.00000008,0.05164586,0.05164586,0.00000000,1.484448,1.540088,-0.037482,0.060376,0.062178,-0.029844,0.884466,0.883226,-0.001240,0.01506329,1.16397648,1.000000
xamn6,XAM-N-6,26,92.000,97.000,13173,300,62,0.442857,12.400000,28.227015,17.328268,0.470450,0.658416,1.137323,2.037586,0.004034,15.341688,10389,1.137323,2.210024833679199,11,0.177419,0.05132186,0.05132186,0.00000000,0.05132186,0.05132186,0.00000000,1.490397,1.546421,-0.037590,0.061549,0.063231,-0.027319,0.881997,0.880914,-0.001083,0.01524069,1.17594943,1.000000
xamn6,XAM-N-6,27,93.000,98.000,13331,300,62,0.442857,12.400000,28.772348,17.392179,0.479539,0.665565,1.124969,1.973961,0.003457,14.634985,10469,1.124969,2.101168632507324,13,0.209677,0.05152320,0.05152320,0.00000000,0.05152320,0.05152320,0.00000000,1.493811,1.551196,-0.038415,0.061992,0.063354,-0.021970,0.881250,0.880685,-0.000565,0.01531036,1.20875433,1.000000
xamn6,XAM-N-6,28,94.000,99.000,13600,300,59,0.421429,11.800000,29.358713,17.462702,0.489312,0.703222,1.269589,1.944024,0.003457,14.383123,10618,1.269589,1.9279124736785889,11,0.186441,0.05225462,0.05225462,-0.00000008,0.05225462,0.05225462,0.00000000,1.506176,1.562353,-0.037297,0.062478,0.063731,-0.020060,0.881020,0.880589,-0.000431,0.01612160,1.25061530,1.000000
xamn6,XAM-N-6,29,95.000,100.000,13923,300,59,0.421429,11.800000,29.950634,17.508707,0.499177,1.036381,10.113532,1.901276,0.000171,14.204059,10816,10.113532,1.8701636791229248,13,0.220339,0.05331308,0.05331309,-0.00000015,0.05331308,0.05331308,0.00000000,1.508511,1.568125,-0.039518,0.062403,0.063619,-0.019495,0.881159,0.880850,-0.000309,0.01815025,1.29170964,1.000000
xamn6,XAM-N-6,30,96.000,101.000,13998,300,61,0.435714,12.200000,30.409410,17.695330,0.506824,0.995373,10.075291,1.883872,0.000171,14.383333,10827,10.075291,1.9019414186477661,11,0.180328,0.05360685,0.05360685,0.00000000,0.05360685,0.05360685,0.00000000,1.512573,1.569010,-0.037312,0.061892,0.062645,-0.012174,0.883127,0.883410,0.000282,0.01875282,1.33942064,1.000000
xamn6,XAM-N-6,31,97.000,102.000,14049,300,60,0.428571,12.000000,30.581381,17.843168,0.509690,1.009971,10.063503,1.903764,0.000171,14.923161,10877,10.063503,1.8768597841262817,11,0.183333,0.05378540,0.05378540,0.00000007,0.05378540,0.05378540,0.00000000,1.510001,1.568439,-0.038701,0.061738,0.062295,-0.009033,0.883265,0.883980,0.000715,0.01918212,1.37667004,1.000000
xamn6,XAM-N-6,32,98.000,103.000,13829,300,62,0.442857,12.400000,30.404818,17.980080,0.506747,1.021073,10.149971,1.948720,0.000171,15.049696,10675,10.149971,1.9985401630401611,13,0.209677,0.05320222,0.05320222,0.00000000,0.05320222,0.05320222,0.00000000,1.521368,1.581532,-0.039546,0.063051,0.063616,-0.008962,0.880738,0.881640,0.000902,0.01869801,1.40148343,0.999740
xamn6,XAM-N-6,33,99.000,104.000,13726,300,66,0.471429,13.200000,30.123812,18.146124,0.502064,0.965945,10.164335,2.079891,0.000171,15.179745,10632,10.164335,2.316477060317993,11,0.166667,0.05297411,0.05297410,0.00000015,0.05297411,0.05297411,0.00000000,1.524261,1.591651,-0.044212,0.064178,0.064908,-0.011377,0.878391,0.879336,0.000944,0.01874540,1.42337380,0.997935
xamn6,XAM-N-6,34,100.000,105.000,13629,300,60,0.428571,12.000000,29.800135,18.321760,0.496669,0.618327,1.051449,2.255811,0.246937,15.475783,10595,1.051449,2.29419207572937,9,0.150000,0.05274554,0.05274553,0.00000015,0.05274554,0.05274554,0.00000000,1.526818,1.601585,-0.048969,0.064233,0.064910,-0.010537,0.879153,0.880329,0.001177,0.01877456,1.44744441,0.995939
xamn6,XAM-N-6,35,101.000,106.000,13579,300,59,0.421429,11.800000,29.207890,18.433105,0.486798,0.645676,1.087072,2.421418,0.246937,15.100833,10576,1.087072,2.482485055923462,9,0.152542,0.05259103,0.05259101,0.00000030,0.05259103,0.05259103,0.00000000,1.569777,1.646292,-0.048743,0.069145,0.069967,-0.011881,0.869857,0.870936,0.001078,0.01768082,1.45465893,0.994665
xamn6,XAM-N-6,36,102.000,107.000,13606,300,61,0.435714,12.200000,28.771179,18.528597,0.479520,0.651599,1.071696,2.522294,0.000017,14.915874,10614,1.071696,2.7154433727264404,8,0.131148,0.05274576,0.05274575,0.00000023,0.05274576,0.05274576,0.00000000,1.567911,1.642290,-0.047438,0.067873,0.069255,-0.020359,0.872913,0.872942,0.000029,0.01628269,1.47014133,0.993584
xamn6,XAM-N-6,37,103.000,108.000,13661,300,60,0.428571,12.000000,28.305079,18.483337,0.471751,0.638342,1.010492,2.596134,0.000017,14.772408,10653,1.010492,2.8048999309539795,9,0.150000,0.05295498,0.05295497,0.00000015,0.05295498,0.05295498,0.00000000,1.595930,1.660127,-0.040226,0.069941,0.071684,-0.024928,0.869919,0.869110,-0.000809,0.01526259,1.46881907,0.992885
xamn6,XAM-N-6,38,104.000,109.000,13510,300,58,0.414286,11.600000,27.741802,18.422819,0.462363,0.652255,1.061510,2.577810,0.000017,14.507154,10502,1.061510,2.7335662841796875,10,0.172414,0.05242703,0.05242703,0.00000008,0.05242703,0.05242703,0.00000000,1.582383,1.635825,-0.033773,0.067316,0.068959,-0.024418,0.875308,0.874314,-0.000994,0.01600293,1.43794284,0.993838
xamn6,XAM-N-6,39,105.000,110.000,13492,300,60,0.428571,12.000000,27.219515,18.181133,0.453659,0.656296,1.096086,2.512377,0.000017,14.508291,10487,1.096086,2.7818615436553955,10,0.166667,0.05238219,0.05238219,0.00000000,0.05238219,0.05238219,0.00000000,1.582642,1.625111,-0.026835,0.068591,0.070239,-0.024025,0.870812,0.869513,-0.001300,0.01601627,1.39399193,0.995664
xamn6,XAM-N-6,40,106.000,111.000,13458,300,57,0.407143,11.400000,26.690128,17.916723,0.444835,0.689404,1.210678,2.414638,0.000017,14.658993,10515,1.210678,2.593435287475586,14,0.245614,0.05220813,0.05220813,0.00000000,0.05220813,0.05220813,0.00000000,1.550528,1.589761,-0.025303,0.065596,0.067248,-0.025192,0.875121,0.873606,-0.001516,0.01739259,1.32782888,0.996924
xamn6,XAM-N-6,41,107.000,112.000,13209,300,56,0.400000,11.200000,26.046879,17.796736,0.434115,0.664228,1.143845,2.360044,0.356307,14.538948,10315,1.143845,2.512444496154785,16,0.285714,0.05126376,0.05126377,-0.00000008,0.05126376,0.05126376,0.00000000,1.549398,1.588538,-0.025261,0.065437,0.066672,-0.018869,0.875679,0.874822,-0.000857,0.01658349,1.27103018,0.997990
xamn6,XAM-N-6,42,108.000,113.000,13076,300,58,0.414286,11.600000,25.568317,17.799078,0.426139,0.685192,1.240810,2.301195,0.356307,14.494144,10230,1.240810,2.547451972961426,21,0.362069,0.05076362,0.05076362,0.00000000,0.05076362,0.05076362,0.00000000,1.518507,1.559116,-0.026742,0.062720,0.063367,-0.010319,0.879080,0.879007,-0.000073,0.01636721,1.21435457,0.999002
xamn6,XAM-N-6,43,109.000,114.000,13038,300,58,0.414286,11.600000,25.345646,17.877537,0.422427,0.681879,1.227711,2.202636,0.356307,14.357948,10193,1.227711,2.455354928970337,25,0.431034,0.05072327,0.05072327,0.00000008,0.05072327,0.05072327,0.00000000,1.532981,1.578923,-0.029969,0.064482,0.065139,-0.010188,0.875689,0.875656,-0.000033,0.01669525,1.20306268,0.999827
xamn6,XAM-N-6,44,110.000,115.000,13050,300,59,0.421429,11.800000,25.139246,18.038115,0.418987,0.649755,1.180700,2.140284,0.356307,13.993459,10219,1.180700,2.447234630584717,25,0.423729,0.05084037,0.05084037,0.00000000,0.05084037,0.05084037,0.00000000,1.523908,1.572797,-0.032081,0.063557,0.064296,-0.011635,0.877476,0.877321,-0.000155,0.01680397,1.20292259,1.000000
xamn6,XAM-N-6,45,111.000,116.000,13186,300,58,0.414286,11.600000,25.231823,18.235170,0.420530,0.580994,1.030264,2.096459,0.360069,13.645006,10296,1.030264,2.373365879058838,22,0.379310,0.05142797,0.05142797,-0.00000008,0.05142797,0.05142797,0.00000000,1.496663,1.548688,-0.034761,0.060366,0.061346,-0.016237,0.883974,0.883360,-0.000614,0.01726305,1.21904361,1.000000
xamn6,XAM-N-6,46,112.000,117.000,13505,300,58,0.414286,11.600000,25.320381,18.240614,0.422006,0.541927,0.967046,2.107010,0.519236,13.526575,10555,0.967046,2.4210896492004395,17,0.293103,0.05259691,0.05259691,0.00000008,0.05259691,0.05259691,0.00000000,1.513514,1.561570,-0.031751,0.062946,0.063830,-0.014040,0.879187,0.878706,-0.000481,0.01848611,1.22942771,1.000000
xamn6,XAM-N-6,47,113.000,118.000,13851,300,57,0.407143,11.400000,25.223822,18.137964,0.420397,0.511640,0.812240,2.120787,0.519236,13.407075,10869,0.812240,2.4532389640808105,7,0.122807,0.05389092,0.05389093,-0.00000007,0.05389092,0.05389092,0.00000000,1.530142,1.575265,-0.029489,0.065819,0.066732,-0.013872,0.873608,0.873081,-0.000527,0.01921021,1.24700691,1.000000
xamn6,XAM-N-6,48,114.000,119.000,14155,300,59,0.421429,11.800000,25.031427,17.925541,0.417190,0.511093,0.810172,2.228001,0.522264,13.906702,11172,0.810172,2.7073824405670166,9,0.152542,0.05497789,0.05497789,0.00000000,0.05497789,0.05497789,0.00000000,1.507948,1.553444,-0.030171,0.064240,0.065028,-0.012257,0.876569,0.876286,-0.000284,0.01745436,1.25991446,1.000000
xamn6,XAM-N-6,49,115.000,120.000,14372,300,60,0.428571,12.000000,24.646122,17.417929,0.410769,0.530341,0.916689,2.359974,0.373705,14.374249,11379,0.916689,2.957679033279419,8,0.133333,0.05584576,0.05584576,0.00000007,0.05584576,0.05584576,0.00000000,1.486502,1.533816,-0.031829,0.061440,0.062516,-0.017505,0.882231,0.881611,-0.000620,0.01720589,1.27289328,1.000000
xamn6,XAM-N-6,50,116.000,121.000,14415,300,60,0.428571,12.000000,23.953482,16.708740,0.399225,0.562400,1.015997,2.491298,0.358755,14.567544,11453,1.015997,3.170793294906616,10,0.166667,0.05609676,0.05609676,0.00000007,0.05609676,0.05609676,0.00000000,1.496358,1.545682,-0.032962,0.062749,0.063753,-0.016000,0.880013,0.879700,-0.000313,0.01672729,1.26621459,1.000000
xamn6,XAM-N-6,51,117.000,122.000,14437,300,63,0.450000,12.600000,23.384367,16.024401,0.389739,0.580402,1.063040,2.546056,0.358755,14.416025,11445,1.063040,3.4041991233825684,11,0.174603,0.05628161,0.05628162,-0.00000007,0.05628161,0.05628161,0.00000000,1.470250,1.522962,-0.035852,0.059977,0.060900,-0.015390,0.884653,0.884485,-0.000168,0.01558750,1.27785945,1.000000
xamn6,XAM-N-6,52,118.000,123.000,14432,300,64,0.457143,12.800000,23.055012,15.448565,0.384250,0.630858,1.278867,2.547476,0.358681,14.305634,11405,1.278867,3.472825050354004,14,0.218750,0.05628319,0.05628319,-0.00000007,0.05628319,0.05628319,0.00000000,1.437292,1.492517,-0.038423,0.055663,0.056679,-0.018255,0.893264,0.893063,-0.000202,0.01586644,1.29938145,1.000000
xamn6,XAM-N-6,53,119.000,124.000,14461,300,62,0.442857,12.400000,22.749170,15.046605,0.379153,0.625048,1.282250,2.560933,0.358681,14.077986,11424,1.282250,3.437347412109375,13,0.209677,0.05635330,0.05635331,-0.00000014,0.05635330,0.05635330,0.00000000,1.450038,1.502524,-0.036196,0.057050,0.058015,-0.016909,0.890321,0.890119,-0.000203,0.01573692,1.29552741,1.000000
xamn6,XAM-N-6,54,120.000,125.000,14594,300,62,0.442857,12.400000,22.589281,15.054670,0.376488,0.631498,1.242279,2.545759,0.358681,13.851198,11550,1.242279,3.4519357681274414,14,0.225806,0.05683721,0.05683722,-0.00000014,0.05683721,0.05683721,0.00000000,1.458271,1.506921,-0.033362,0.057713,0.058346,-0.010965,0.889192,0.889430,0.000239,0.01665325,1.30440674,1.000000
xamn6,XAM-N-6,55,121.000,126.000,14830,300,61,0.435714,12.200000,22.853586,15.480011,0.380893,0.658104,1.283216,2.479987,0.350150,13.972523,11763,1.283216,3.351778268814087,20,0.327869,0.05776012,0.05776013,-0.00000007,0.05776012,0.05776012,0.00000000,1.464936,1.508766,-0.029920,0.058358,0.058817,-0.007863,0.888073,0.888442,0.000369,0.01830912,1.34698763,1.000000
xamn6,XAM-N-6,56,122.000,127.000,14977,300,64,0.457143,12.800000,23.152987,16.021648,0.385883,0.671980,1.329372,2.458419,0.350150,14.141065,11940,1.329372,3.4416842460632324,24,0.375000,0.05832325,0.05832325,-0.00000007,0.05832325,0.05832325,0.00000000,1.470188,1.509515,-0.026750,0.059016,0.059476,-0.007788,0.886718,0.887032,0.000315,0.01960391,1.36470719,1.000000
xamn6,XAM-N-6,57,123.000,128.000,15174,300,62,0.442857,12.400000,23.206144,16.368120,0.386769,0.626508,1.160224,2.519281,0.025003,14.355698,12172,1.160224,3.4560799598693848,23,0.370968,0.05913154,0.05913155,-0.00000014,0.05913154,0.05913154,0.00000000,1.472123,1.511731,-0.026905,0.058477,0.058947,-0.008042,0.888566,0.888785,0.000219,0.01964296,1.37590221,1.000000
xamn6,XAM-N-6,58,124.000,129.000,15262,300,65,0.464286,13.000000,23.176281,16.548950,0.386271,0.606122,1.116784,2.550580,0.024197,14.341440,12270,1.116784,3.6280088424682617,17,0.261538,0.05958038,0.05958039,-0.00000013,0.05958038,0.05958038,0.00000000,1.465928,1.506225,-0.027489,0.057850,0.058339,-0.008455,0.889186,0.889461,0.000275,0.01911459,1.40534067,1.000000
xamn6,XAM-N-6,59,125.000,130.000,15324,300,66,0.471429,13.200000,23.118773,16.602375,0.385313,0.634307,1.292688,2.631322,0.024197,14.628224,12328,1.292688,3.7748396396636963,16,0.242424,0.05993342,0.05993342,-0.00000013,0.05993342,0.05993342,0.00000000,1.488449,1.531585,-0.028980,0.061137,0.061655,-0.008476,0.882725,0.883122,0.000397,0.01898589,1.42340352,1.000000
xamn6,XAM-N-6,60,126.000,131.000,15401,300,65,0.464286,13.000000,22.962019,16.512514,0.382700,0.615007,1.289653,2.702229,0.024197,14.696549,12397,1.289653,3.8384320735931396,9,0.138462,0.06023304,0.06023305,-0.00000013,0.06023304,0.06023304,0.00000000,1.471008,1.517304,-0.031472,0.059021,0.059728,-0.011982,0.886641,0.886847,0.000206,0.01955268,1.41954796,1.000000
xamn6,XAM-N-6,61,127.000,132.000,15554,300,67,0.478571,13.400000,22.764711,16.216682,0.379412,0.606160,1.256369,2.777301,0.024197,14.972448,12548,1.256369,4.043000221252441,8,0.119403,0.06093446,0.06093447,-0.00000013,0.06093446,0.06093446,0.00000000,1.487270,1.535682,-0.032551,0.061048,0.061803,-0.012368,0.882794,0.882965,0.000171,0.02067338,1.43400178,1.000000
xamn6,XAM-N-6,62,128.000,133.000,15715,300,68,0.485714,13.600000,22.770355,16.065836,0.379506,0.624500,1.381037,2.762817,0.024197,14.864697,12682,1.381037,4.095239162445068,7,0.102941,0.06172615,0.06172615,0.00000000,0.06172615,0.06172615,0.00000000,1.486669,1.537576,-0.034242,0.060543,0.061311,-0.012683,0.884162,0.884426,0.000264,0.02089837,1.45147115,1.000000
xamn6,XAM-N-6,63,129.000,134.000,15975,300,69,0.492857,13.800000,22.763464,15.861585,0.379391,0.635230,1.388835,2.730278,0.434133,14.599314,12940,1.388835,4.13981819152832,8,0.115942,0.06282203,0.06282203,-0.00000006,0.06282203,0.06282203,0.00000000,1.506479,1.561002,-0.036192,0.063158,0.063943,-0.012433,0.878978,0.879286,0.000308,0.02128377,1.46365343,1.000000
xamn6,XAM-N-6,64,130.000,135.000,16165,300,69,0.492857,13.800000,22.919336,15.690535,0.381989,0.651434,1.357717,2.579324,0.236879,13.936522,13134,1.357717,3.988873243331909,15,0.217391,0.06361663,0.06361663,-0.00000006,0.06361663,0.06361663,0.00000000,1.509743,1.566594,-0.037656,0.063214,0.064029,-0.012901,0.879362,0.879634,0.000273,0.02133986,1.47485131,1.000000
xamn6,XAM-N-6,65,131.000,136.000,16536,300,72,0.514286,14.400000,23.047766,15.421121,0.384129,0.657517,1.347109,2.443626,0.000001,13.305751,13492,1.347109,4.001147270202637,21,0.291667,0.06510977,0.06510977,0.00000000,0.06510977,0.06510977,0.00000000,1.512579,1.570089,-0.038022,0.063018,0.063761,-0.011787,0.880404,0.880778,0.000374,0.02100939,1.51290815,1.000000
xamn6,XAM-N-6,66,132.000,137.000,16968,300,72,0.514286,14.400000,23.176144,15.140098,0.386269,0.644302,1.320289,2.318129,0.000001,12.615355,13878,1.320289,3.9100418090820312,20,0.277778,0.06669254,0.06669254,0.00000000,0.06669254,0.06669254,0.00000000,1.512730,1.569778,-0.037712,0.063190,0.064004,-0.012878,0.879733,0.880090,0.000357,0.02157818,1.53666762,1.000000
xamn6,XAM-N-6,67,133.000,138.000,17280,300,69,0.492857,13.800000,23.207535,14.767168,0.386792,0.678224,1.324045,2.222441,0.000001,11.965895,14217,1.324045,3.7223286628723145,23,0.333333,0.06774312,0.06774311,0.00000012,0.06774312,0.06774312,0.00000000,1.536632,1.591493,-0.035702,0.067032,0.067702,-0.009994,0.871649,0.872242,0.000594,0.02164759,1.53415630,1.000000
xamn6,XAM-N-6,68,134.000,139.000,17478,300,73,0.521429,14.600000,23.402102,14.587489,0.390035,0.722884,1.433811,2.150848,0.000001,11.752921,14416,1.433811,3.8079957962036133,25,0.342466,0.06838949,0.06838948,0.00000012,0.06838949,0.06838949,0.00000000,1.513159,1.565797,-0.034787,0.063864,0.064509,-0.010099,0.878190,0.878674,0.000484,0.02034566,1.53565996,1.000000
xamn6,XAM-N-6,69,135.000,140.000,17861,300,73,0.521429,14.600000,23.475725,14.524086,0.391262,0.704181,1.375009,2.152897,0.000001,11.693378,14759,1.375009,3.860060691833496,22,0.301370,0.06989507,0.06989506,0.00000011,0.06989507,0.06989507,0.00000000,1.508090,1.556072,-0.031816,0.063240,0.063871,-0.009990,0.879483,0.879842,0.000359,0.01928416,1.54130402,1.000000
xamn6,XAM-N-6,70,136.000,141.000,17966,300,72,0.514286,14.400000,23.445389,14.556553,0.390756,0.706299,1.351739,2.166328,0.007340,11.578667,14817,1.351739,3.857389450073242,15,0.208333,0.07041223,0.07041223,0.00000000,0.07041223,0.07041223,0.00000000,1.521095,1.566236,-0.029677,0.064928,0.065568,-0.009859,0.875764,0.876096,0.000331,0.01876758,1.51184833,1.000000
xamn6,XAM-N-6,71,137.000,142.000,17988,300,76,0.542857,15.200000,23.475645,14.677874,0.391261,0.785580,1.504937,2.156161,0.007340,11.606815,14827,1.504937,4.008447647094727,17,0.223684,0.07061440,0.07061441,-0.00000011,0.07061440,0.07061440,0.00000000,1.498777,1.545141,-0.030935,0.062028,0.062617,-0.009498,0.881573,0.881924,0.000351,0.01848533,1.49625391,1.000000
xamn6,XAM-N-6,72,138.000,143.000,18110,300,75,0.535714,15.000000,23.626627,14.961047,0.393777,0.785160,1.517307,2.181399,0.000046,12.070736,14874,1.517307,4.005515098571777,20,0.266667,0.07118183,0.07118183,-0.00000011,0.07118183,0.07118183,0.00000000,1.499393,1.547929,-0.032371,0.061950,0.062493,-0.008769,0.881864,0.882373,0.000509,0.01840543,1.48850681,1.000000
xamn6,XAM-N-6,73,139.000,144.000,18320,300,74,0.528571,14.800000,23.695354,15.225739,0.394923,0.780798,1.469049,2.179788,0.000046,12.123565,15079,1.469049,3.9926586151123047,20,0.270270,0.07209755,0.07209756,-0.00000011,0.07209755,0.07209755,0.00000000,1.532696,1.583188,-0.032943,0.065311,0.065751,-0.006728,0.876219,0.876971,0.000753,0.01889963,1.48281134,1.000000
xamn6,XAM-N-6,74,140.000,145.000,18318,300,77,0.550000,15.400000,23.671709,15.379320,0.394528,0.760735,1.417554,2.179996,0.000046,12.285994,15098,1.417554,4.106762886047363,17,0.220779,0.07193238,0.07193239,-0.00000011,0.07193238,0.07193238,0.00000000,1.538378,1.591222,-0.034351,0.065053,0.065584,-0.008161,0.876448,0.877063,0.000615,0.01828906,1.48121378,1.000000
xamn6,XAM-N-6,75,141.000,146.000,18311,300,75,0.535714,15.000000,23.719625,15.393521,0.395327,0.781868,1.443659,2.216964,0.000046,12.862483,15129,1.443659,4.06104850769043,25,0.333333,0.07182475,0.07182475,0.00000000,0.07182475,0.07182475,0.00000000,1.563159,1.620556,-0.036719,0.067868,0.068671,-0.011826,0.871531,0.871839,0.000308,0.01966828,1.49687650,1.000000
xamn6,XAM-N-6,76,142.000,147.000,18265,300,77,0.550000,15.400000,23.370401,15.273815,0.389507,0.764218,1.410737,2.261770,0.000046,12.990566,15143,1.410737,4.211211204528809,23,0.298701,0.07162232,0.07162231,0.00000011,0.07162232,0.07162232,0.00000000,1.581440,1.640515,-0.037355,0.068579,0.069656,-0.015707,0.871840,0.871720,-0.000120,0.01974850,1.47615058,0.999975
xamn6,XAM-N-6,77,143.000,148.000,18087,300,76,0.542857,15.200000,22.828400,14.988430,0.380473,0.781869,1.497176,2.322960,0.003048,12.878025,15033,1.497176,4.258387565612793,28,0.368421,0.07090020,0.07090020,0.00000000,0.07090020,0.07090020,0.00000000,1.594073,1.647703,-0.033643,0.069860,0.071084,-0.017519,0.869677,0.869017,-0.000660,0.01960406,1.46176651,0.999975
xamn6,XAM-N-6,78,144.000,149.000,18014,300,76,0.542857,15.200000,22.441950,14.679717,0.374032,0.850217,1.695480,2.383142,0.007829,12.992074,14947,1.695480,4.345639705657959,30,0.394737,0.07057925,0.07057924,0.00000011,0.07057925,0.07057925,0.00000000,1.574609,1.622571,-0.030460,0.067536,0.068883,-0.019934,0.873217,0.872048,-0.001169,0.02117324,1.46924204,0.999975
xamn6,XAM-N-6,79,145.000,150.000,17882,300,75,0.535714,15.000000,22.228920,14.440437,0.370482,0.874184,1.760707,2.431421,0.007829,12.879232,14834,1.760707,4.356910228729248,39,0.520000,0.07001952,0.07001952,0.00000000,0.07001952,0.07001952,0.00000000,1.573873,1.619729,-0.029136,0.068008,0.069478,-0.021621,0.872218,0.870801,-0.001416,0.02187133,1.48194640,0.999975
xamn6,XAM-N-6,80,146.000,151.000,17885,300,74,0.528571,14.800000,22.112473,14.273264,0.368541,0.823120,1.713282,2.443374,0.007829,12.517931,14859,1.713282,4.336212158203125,36,0.486486,0.06990145,0.06990145,0.00000011,0.06990145,0.06990145,0.00000000,1.541236,1.582779,-0.026954,0.064528,0.066051,-0.023601,0.877553,0.875893,-0.001660,0.02237761,1.50567330,0.999975
xamn6,XAM-N-6,81,147.000,152.000,17804,300,70,0.500000,14.000000,22.423763,14.278042,0.373729,0.808677,1.674500,2.428357,0.007829,12.360869,14778,1.674500,4.117722511291504,35,0.500000,0.06940808,0.06940808,0.00000012,0.06940808,0.06940808,0.00000000,1.561840,1.602561,-0.026073,0.069031,0.070173,-0.016538,0.866401,0.865519,-0.000882,0.02361983,1.56900576,1.000000
xamn6,XAM-N-6,82,148.000,153.000,17758,300,73,0.521429,14.600000,22.900257,14.269129,0.381671,0.788809,1.604653,2.357339,0.000248,12.180155,14738,1.604653,4.1032490730285645,33,0.452055,0.06903864,0.06903863,0.00000012,0.06903864,0.06903864,0.00000000,1.535252,1.582048,-0.030481,0.066342,0.067369,-0.015481,0.870629,0.870175,-0.000454,0.02322126,1.65057142,1.000000
xamn6,XAM-N-6,83,149.000,154.000,17701,300,72,0.514286,14.400000,23.346626,14.202444,0.389110,0.696775,1.383890,2.316563,0.000248,12.214919,14660,1.383890,3.967933177947998,32,0.444444,0.06868135,0.06868135,0.00000012,0.06868135,0.06868135,0.00000000,1.531382,1.587481,-0.036633,0.065813,0.066892,-0.016388,0.872552,0.872278,-0.000274,0.02257416,1.73965415,1.000000
xamn6,XAM-N-6,84,150.000,155.000,17688,300,73,0.521429,14.600000,23.545786,14.018684,0.392430,0.676649,1.321041,2.240062,0.000020,12.022653,14558,1.321041,3.8975167274475098,23,0.315068,0.06846083,0.06846082,0.00000012,0.06846083,0.06846083,0.00000000,1.547829,1.603177,-0.035759,0.066342,0.067248,-0.013650,0.872594,0.872556,-0.000038,0.02247652,1.80305522,1.000000
xamn6,XAM-N-6,85,151.000,156.000,17685,300,75,0.535714,15.000000,23.664616,13.863569,0.394410,0.753045,1.459261,2.191625,0.000020,11.915551,14526,1.459261,3.9038069248199463,18,0.240000,0.06822684,0.06822684,0.00000000,0.06822684,0.06822684,0.00000000,1.583828,1.635001,-0.032310,0.069427,0.070000,-0.008260,0.868854,0.869199,0.000345,0.02332021,1.85147014,1.000000
xamn6,XAM-N-6,86,152.000,157.000,17750,300,72,0.514286,14.400000,23.630032,13.677752,0.393834,0.729670,1.408997,2.167158,0.000020,11.925580,14563,1.408997,3.764831066131592,19,0.263889,0.06831490,0.06831490,0.00000012,0.06831490,0.06831490,0.00000000,1.593690,1.638254,-0.027962,0.069893,0.070563,-0.009590,0.869035,0.868862,-0.000173,0.02356414,1.87072666,1.000000
xamn6,XAM-N-6,87,153.000,158.000,17681,300,69,0.492857,13.800000,23.562695,13.630098,0.392712,0.707215,1.284636,2.157885,0.000020,11.934206,14494,1.284636,3.630923271179199,10,0.144928,0.06801224,0.06801224,0.00000000,0.06801224,0.06801224,0.00000000,1.607545,1.647192,-0.024663,0.070867,0.071957,-0.015378,0.868549,0.867392,-0.001157,0.02390789,1.86969412,1.000000
xamn6,XAM-N-6,88,154.000,159.000,17469,300,70,0.500000,14.000000,23.463974,13.519992,0.391066,0.756269,1.383685,2.089991,0.000020,11.606209,14315,1.383685,3.573671579360962,10,0.142857,0.06721620,0.06721620,0.00000000,0.06721620,0.06721620,0.00000000,1.632091,1.662259,-0.018484,0.073622,0.074748,-0.015300,0.863812,0.862444,-0.001368,0.02268639,1.81016200,1.000000
xamn6,XAM-N-6,89,155.000,160.000,17300,300,73,0.521429,14.600000,23.603580,13.437404,0.393393,0.786596,1.446730,2.050956,0.002815,11.684733,14223,1.446730,3.6212711334228516,17,0.232877,0.06680156,0.06680156,0.00000000,0.06680156,0.06680156,0.00000000,1.655376,1.693988,-0.023326,0.077444,0.078930,-0.019181,0.855651,0.854117,-0.001534,0.02182852,1.78016187,1.000000
xamn6,XAM-N-6,90,156.000,161.000,17029,300,71,0.507143,14.200000,23.810308,13.325564,0.396838,0.709448,1.253689,1.988142,0.002815,11.704077,13981,1.253689,3.425715446472168,17,0.239437,0.06599834,0.06599834,0.00000006,0.06599834,0.06599834,0.00000000,1.673263,1.717130,-0.026216,0.078333,0.080127,-0.022895,0.853409,0.851547,-0.001862,0.02091970,1.75399537,1.000000
xamn6,XAM-N-6,91,157.000,162.000,16635,300,69,0.492857,13.800000,24.028503,13.259048,0.400475,0.729938,1.312341,1.951754,0.002815,11.765347,13646,1.312341,3.2396697998046875,17,0.246377,0.06468871,0.06468871,0.00000006,0.06468871,0.06468871,0.00000000,1.674542,1.720349,-0.027355,0.076753,0.079031,-0.029676,0.856977,0.854322,-0.002655,0.02086382,1.73791269,1.000000
xamn6,XAM-N-6,92,158.000,163.000,16300,300,69,0.492857,13.800000,24.140461,13.154739,0.402341,0.721646,1.330349,1.976621,0.113004,12.131658,13302,1.330349,3.2160773277282715,25,0.362319,0.06356522,0.06356522,-0.00000006,0.06356522,0.06356522,0.00000000,1.697853,1.743926,-0.027136,0.078026,0.080363,-0.029944,0.854539,0.851871,-0.002668,0.01960297,1.70294582,1.000000
xamn6,XAM-N-6,93,159.000,164.000,16020,300,69,0.492857,13.800000,24.319811,13.124739,0.405330,0.697577,1.303017,2.059998,0.113004,12.854610,12969,1.303017,3.262183666229248,22,0.318841,0.06272339,0.06272339,0.00000000,0.06272339,0.06272339,0.00000000,1.731336,1.778589,-0.027293,0.081790,0.084544,-0.033662,0.846006,0.842766,-0.003239,0.02047425,1.69500873,1.000000
xamn6,XAM-N-6,94,160.000,165.000,15614,300,68,0.485714,13.600000,24.445829,13.121025,0.407430,0.699360,1.315078,2.152758,0.023469,13.495072,12515,1.315078,3.263031005859375,17,0.250000,0.06132207,0.06132208,-0.00000007,0.06132207,0.06132207,0.00000000,1.740874,1.777187,-0.020859,0.081210,0.083848,-0.032483,0.847107,0.843625,-0.003483,0.02068593,1.65411470,1.000000
xamn6,XAM-N-6,95,161.000,166.000,15236,300,68,0.485714,13.600000,24.404268,13.086881,0.406738,0.699447,1.331420,2.197309,0.000060,13.601268,12133,1.331420,3.268923282623291,18,0.264706,0.06005791,0.06005791,-0.00000007,0.06005791,0.06005791,0.00000000,1.734970,1.766146,-0.017969,0.080821,0.083500,-0.033136,0.847819,0.844004,-0.003815,0.01890235,1.62456053,1.000000
xamn6,XAM-N-6,96,162.000,167.000,15114,300,67,0.478571,13.400000,24.401979,12.990273,0.406700,0.663294,1.248470,2.208011,0.000060,13.492644,12011,1.248470,3.23177170753479,15,0.223881,0.05979244,0.05979245,-0.00000007,0.05979244,0.05979244,0.00000000,1.753540,1.789996,-0.020790,0.084213,0.086875,-0.031617,0.840547,0.836977,-0.003569,0.01891904,1.60824489,1.000000
xamn6,XAM-N-6,97,163.000,168.000,15216,300,71,0.507143,14.200000,24.595083,12.853236,0.409918,0.659867,1.212949,2.160838,0.000060,13.405371,12071,1.212949,3.3402657508850098,10,0.140845,0.06032102,0.06032102,0.00000007,0.06032102,0.06032102,0.00000000,1.738368,1.781283,-0.024687,0.083365,0.086010,-0.031726,0.841856,0.838471,-0.003385,0.02097427,1.61341589,1.000000
xamn6,XAM-N-6,98,164.000,169.000,15357,300,67,0.478571,13.400000,24.776674,12.733262,0.412945,0.597662,1.012985,2.086464,0.000060,13.204758,12272,1.012985,3.1080780029296875,9,0.134328,0.06093706,0.06093706,0.00000000,0.06093706,0.06093706,0.00000000,1.705411,1.753988,-0.028484,0.079594,0.082212,-0.032892,0.849827,0.846517,-0.003309,0.02069918,1.63008703,1.000000
xamn6,XAM-N-6,99,165.000,170.000,15554,300,65,0.464286,13.000000,25.048643,12.725114,0.417477,0.531842,0.820544,2.010805,0.000060,12.924266,12514,0.820544,2.950834274291992,6,0.092308,0.06169463,0.06169463,0.00000000,0.06169463,0.06169463,0.00000000,1.674360,1.724830,-0.030142,0.077823,0.080384,-0.032905,0.853554,0.850240,-0.003314,0.01985506,1.66450034,1.000000
xamn6,XAM-N-6,100,166.000,171.000,15757,300,65,0.464286,13.000000,25.509449,12.798873,0.425157,0.545014,0.908771,1.996150,0.004631,13.057216,12661,0.908771,2.926727771759033,5,0.076923,0.06252397,0.06252396,0.00000006,0.06252397,0.06252397,0.00000000,1.648918,1.699879,-0.030906,0.076251,0.078821,-0.033707,0.856300,0.852817,-0.003484,0.01816719,1.66128097,1.000000
xamn6,XAM-N-6,101,167.000,172.000,15913,300,68,0.485714,13.600000,26.129738,12.854534,0.435496,0.543274,0.890791,2.010138,0.004631,13.575668,12786,0.890791,3.0349907875061035,7,0.102941,0.06324522,0.06324523,-0.00000006,0.06324522,0.06324522,0.00000000,1.619431,1.661974,-0.026271,0.072884,0.075171,-0.031374,0.862776,0.859361,-0.003415,0.01838991,1.65642948,1.000000
xamn6,XAM-N-6,102,168.000,173.000,16025,300,69,0.492857,13.800000,26.729584,12.864970,0.445493,0.521855,0.826639,2.014060,0.008026,13.836589,12950,0.826639,3.050489902496338,4,0.057971,0.06384149,0.06384149,0.00000000,0.06384149,0.06384149,0.00000000,1.616974,1.652418,-0.021920,0.072699,0.074692,-0.027410,0.862751,0.859634,-0.003117,0.01856490,1.67015470,1.000000
xamn6,XAM-N-6,103,169.000,174.000,16100,300,69,0.492857,13.800000,27.330494,12.860121,0.455508,0.525245,0.837579,2.025858,0.008026,14.039738,13025,0.837579,3.023179769515991,4,0.057971,0.06411199,0.06411199,0.00000000,0.06411199,0.06411199,0.00000000,1.632298,1.660062,-0.017009,0.074831,0.076362,-0.020464,0.858164,0.855709,-0.002455,0.01877857,1.67155378,1.000000
xamn6,XAM-N-6,104,170.000,175.000,16213,300,71,0.507143,14.200000,27.735302,12.750058,0.462255,0.543378,0.886898,2.050999,0.002917,14.316230,13138,0.886898,3.1106553077697754,4,0.056338,0.06451279,0.06451279,-0.00000006,0.06451279,0.06451279,0.00000000,1.615000,1.639364,-0.015086,0.073215,0.074511,-0.017693,0.860810,0.858788,-0.002022,0.01818765,1.66794514,1.000000
xamn6,XAM-N-6,105,171.000,176.000,16181,300,70,0.500000,14.000000,27.999636,12.664501,0.466661,0.549905,0.904976,2.081295,0.002917,14.609857,13106,0.904976,3.0700221061706543,7,0.100000,0.06417138,0.06417138,0.00000006,0.06417138,0.06417138,0.00000000,1.613250,1.637661,-0.015132,0.073313,0.074235,-0.012577,0.860275,0.859098,-0.001177,0.01776823,1.69221280,1.000000
xamn6,XAM-N-6,106,172.000,177.000,16183,300,71,0.507143,14.200000,28.129320,12.729902,0.468822,0.556001,0.931872,2.123898,0.002917,14.825689,13048,0.931872,3.138533115386963,8,0.112676,0.06397802,0.06397801,0.00000006,0.06397802,0.06397802,0.00000000,1.611877,1.642155,-0.018785,0.073222,0.073938,-0.009781,0.860112,0.859585,-0.000527,0.01776952,1.71090413,1.000000
xamn6,XAM-N-6,107,173.000,178.000,16135,300,70,0.500000,14.000000,27.962603,12.672638,0.466043,0.586415,1.040257,2.193092,0.002917,15.038996,12995,1.040257,3.177466869354248,8,0.114286,0.06364307,0.06364307,0.00000000,0.06364307,0.06364297,0.00000157,1.611156,1.643198,-0.019888,0.073996,0.074590,-0.008040,0.857644,0.857459,-0.000185,0.01853920,1.69275479,1.000000
xamn6,XAM-N-6,108,174.000,179.000,15888,300,67,0.478571,13.400000,27.757915,12.574699,0.462632,0.690115,1.435314,2.213668,0.002917,15.165833,12747,1.435314,3.059187889099121,11,0.164179,0.06256086,0.06256086,0.00000000,0.06256086,0.06256020,0.00001054,1.572822,1.608447,-0.022650,0.069934,0.070363,-0.006127,0.864832,0.864934,0.000102,0.01997624,1.69819126,1.000000
xamn6,XAM-N-6,109,175.000,180.000,15463,300,66,0.471429,13.200000,27.382780,12.656595,0.456380,0.723874,1.510613,2.227294,0.004244,14.977046,12291,1.510613,3.007953405380249,18,0.272727,0.06098805,0.06098806,-0.00000007,0.06098805,0.06098659,0.00002404,1.583328,1.625623,-0.026712,0.070825,0.071224,-0.005634,0.862804,0.863038,0.000234,0.01970711,1.70563064,1.000000
xamn6,XAM-N-6,110,176.000,181.000,15251,300,66,0.471429,13.200000,26.717140,12.732723,0.445286,0.733779,1.507317,2.247568,0.004244,14.656446,12139,1.507317,3.0654349327087402,14,0.212121,0.06042623,0.06042624,-0.00000013,0.06042623,0.06042477,0.00002420,1.570979,1.622976,-0.033098,0.069544,0.070012,-0.006734,0.865037,0.865334,0.000297,0.01966930,1.69043566,1.000000
xamn6,XAM-N-6,111,177.000,182.000,14966,300,67,0.478571,13.400000,26.007542,12.634964,0.433459,0.794809,1.625888,2.250965,0.004244,14.532189,11937,1.625888,3.141713857650757,15,0.223881,0.05971607,0.05971607,-0.00000007,0.05971607,0.05971460,0.00002462,1.577509,1.632033,-0.034563,0.069636,0.070239,-0.008658,0.865358,0.865485,0.000127,0.01986377,1.69541087,1.000000
xamn6,XAM-N-6,112,178.000,183.000,14673,300,67,0.478571,13.400000,25.355244,12.691038,0.422587,0.802160,1.645537,2.225252,0.077846,14.478011,11709,1.645537,3.1371395587921143,17,0.253731,0.05888679,0.05888679,-0.00000007,0.05888679,0.05888542,0.00002320,1.581612,1.640973,-0.037532,0.068911,0.069608,-0.010117,0.868195,0.868189,-0.000006,0.01950513,1.74249054,1.000000
xamn6,XAM-N-6,113,179.000,184.000,14592,300,64,0.457143,12.800000,24.510195,12.698299,0.408503,0.720429,1.330803,2.224088,0.363785,13.981360,11630,1.330803,3.09192156791687,15,0.234375,0.05897080,0.05897081,-0.00000014,0.05897080,0.05896999,0.00001375,1.596491,1.655496,-0.036959,0.069070,0.069999,-0.013443,0.869688,0.869279,-0.000408,0.02115484,1.73995414,1.000000
xamn6,XAM-N-6,114,180.000,185.000,14689,300,62,0.442857,12.400000,23.957523,12.437009,0.399292,0.733998,1.372484,2.179408,0.300366,13.464865,11800,1.372484,3.0367379188537598,15,0.241935,0.05968673,0.05968673,0.00000000,0.05968673,0.05968673,0.00000000,1.613861,1.669072,-0.034211,0.070501,0.071398,-0.012718,0.868717,0.868377,-0.000339,0.02257023,1.74375579,1.000000
xamn6,XAM-N-6,115,181.000,186.000,14830,300,64,0.457143,12.800000,23.637987,12.099843,0.393966,0.700766,1.295497,2.100851,0.218086,12.992575,12001,1.295497,3.086669921875,16,0.250000,0.06053494,0.06053493,0.00000007,0.06053494,0.06053494,0.00000000,1.632367,1.681996,-0.030403,0.073161,0.073893,-0.010001,0.863582,0.863485,-0.000097,0.02383740,1.75212771,1.000000
xamn6,XAM-N-6,116,182.000,187.000,15194,300,67,0.478571,13.400000,23.454433,11.772471,0.390907,0.636132,1.159992,2.006980,0.124302,12.258167,12343,1.159992,3.1975576877593994,12,0.179104,0.06272865,0.06272865,0.00000000,0.06272865,0.06272865,0.00000000,1.609122,1.658944,-0.030962,0.071480,0.071977,-0.006953,0.867215,0.867384,0.000169,0.02517060,1.75440651,1.000000
xamn6,XAM-N-6,117,183.000,188.000,15582,300,66,0.471429,13.200000,23.400417,11.553793,0.390007,0.614322,1.122109,1.962278,0.124295,11.602974,12671,1.122109,3.202310562133789,11,0.166667,0.06512599,0.06512599,0.00000000,0.06512599,0.06512599,0.00000000,1.597805,1.642600,-0.028036,0.070559,0.070828,-0.003812,0.868780,0.869232,0.000452,0.02401820,1.75413951,1.000000
xamn6,XAM-N-6,118,184.000,189.000,16164,300,69,0.492857,13.800000,23.652054,11.612303,0.394201,0.690421,1.392040,1.959730,0.124295,11.518888,13252,1.392040,3.442537307739258,17,0.246377,0.06905741,0.06905741,0.00000000,0.06905741,0.06905741,0.00000000,1.605110,1.647736,-0.026556,0.071994,0.072039,-0.000626,0.865623,0.866469,0.000846,0.02478856,1.79685229,1.000000
xamn6,XAM-N-6,119,185.000,190.000,16810,300,70,0.500000,14.000000,23.868021,11.789810,0.397800,0.690858,1.410164,1.994130,0.123791,11.813856,13871,1.410164,3.6552484035491943,16,0.228571,0.07318227,0.07318227,0.00000000,0.07318227,0.07318227,0.00000000,1.598929,1.640036,-0.025709,0.072031,0.071900,0.001818,0.864211,0.865370,0.001159,0.02594437,1.83975136,1.000000
xamn6,XAM-N-6,120,186.000,191.000,17397,300,72,0.514286,14.400000,24.084309,11.945252,0.401405,0.741513,1.532519,2.031566,0.123791,12.064276,14398,1.532519,3.901761531829834,22,0.305556,0.07706838,0.07706839,-0.00000010,0.07706838,0.07706838,0.00000000,1.605967,1.641720,-0.022263,0.072817,0.072544,0.003749,0.862449,0.863874,0.001425,0.02709839,1.89319684,1.000000
xamn6,XAM-N-6,121,187.000,192.000,17728,300,71,0.507143,14.200000,23.987495,12.066966,0.399792,0.756425,1.522992,2.071668,0.123791,11.998625,14728,1.522992,3.996817111968994,22,0.309859,0.07926865,0.07926866,-0.00000010,0.07926865,0.07926865,0.00000000,1.616144,1.648861,-0.020244,0.073591,0.073303,0.003915,0.860707,0.862244,0.001537,0.02783834,1.91304124,1.000000
xamn6,XAM-N-6,122,188.000,193.000,17978,300,72,0.514286,14.400000,23.792667,12.153684,0.396544,0.899624,5.439667,2.092385,0.075870,11.772906,14978,5.439667,4.148067474365234,24,0.333333,0.08122072,0.08122072,0.00000000,0.08122072,0.08122072,0.00000000,1.622483,1.652798,-0.018684,0.074015,0.073836,0.002409,0.860048,0.861432,0.001384,0.02811128,1.91706415,1.000000
xamn6,XAM-N-6,123,189.000,194.000,17948,300,73,0.521429,14.600000,23.293892,12.040040,0.388232,0.896736,5.436939,2.113459,0.000026,11.451698,14905,5.436939,4.257885456085205,20,0.273973,0.08136155,0.08136155,0.00000000,0.08136155,0.08136155,0.00000000,1.636840,1.667762,-0.018892,0.076563,0.076369,0.002536,0.854302,0.855748,0.001446,0.02886962,1.88884125,1.000000
xamn6,XAM-N-6,124,190.000,195.000,17889,300,74,0.528571,14.800000,22.755638,11.867620,0.379261,0.920118,5.449673,2.118016,0.000026,11.204110,14788,5.449673,4.348090648651123,18,0.243243,0.08137835,0.08137836,-0.00000010,0.08137835,0.08137835,0.00000000,1.621387,1.654928,-0.020686,0.074645,0.074710,-0.000870,0.858151,0.859272,0.001121,0.02785853,1.87079798,0.999723
xamn6,XAM-N-6,125,191.000,196.000,17862,300,73,0.521429,14.600000,22.170382,11.875342,0.369506,0.915894,5.443987,2.202612,0.000026,11.151294,14761,5.443987,4.4574785232543945,12,0.164384,0.08153360,0.08153360,0.00000000,0.08153360,0.08153360,0.00000000,1.629941,1.667395,-0.022979,0.075647,0.075993,-0.004569,0.856097,0.856744,0.000647,0.02873219,1.85411706,0.998111
xamn6,XAM-N-6,126,192.000,197.000,17889,300,75,0.535714,15.000000,21.753239,12.009594,0.362554,0.940577,5.466677,2.334397,0.000016,11.552007,14743,5.466677,4.7270989418029785,14,0.186667,0.08179669,0.08179670,-0.00000010,0.08179669,0.08179669,0.00000000,1.650176,1.688188,-0.023035,0.078687,0.079345,-0.008358,0.849410,0.849660,0.000251,0.02751397,1.86761078,0.995799
xamn6,XAM-N-6,127,193.000,198.000,17881,300,72,0.514286,14.400000,21.228918,12.200398,0.353815,0.806058,1.574640,2.423650,0.000016,11.917189,14650,1.574640,4.729835510253906,13,0.180556,0.08119839,0.08119839,0.00000000,0.08119839,0.08119839,0.00000000,1.652984,1.698842,-0.027743,0.079327,0.080545,-0.015360,0.847692,0.847545,-0.000147,0.02684684,1.85719228,0.991544
xamn6,XAM-N-6,128,194.000,199.000,17841,300,72,0.514286,14.400000,20.759121,12.498517,0.345985,0.780152,1.549857,2.504371,0.000016,12.207147,14519,1.549857,4.8286051750183105,15,0.208333,0.08038639,0.08038639,0.00000000,0.08038639,0.08038639,0.00000000,1.619696,1.668741,-0.030280,0.074610,0.076453,-0.024712,0.856584,0.855872,-0.000712,0.02607379,1.84380026,0.986834
xamn6,XAM-N-6,129,195.000,200.000,17859,300,73,0.521429,14.600000,20.403362,12.906321,0.340056,0.751379,1.527699,2.639264,0.000016,12.676846,14422,1.527699,5.001943588256836,14,0.191781,0.07916363,0.07916364,-0.00000010,0.07916363,0.07916363,0.00000000,1.624167,1.671426,-0.029097,0.074996,0.077321,-0.030999,0.855550,0.854255,-0.001295,0.02573182,1.82535004,0.980094
xamn6,XAM-N-6,130,196.000,201.000,17803,300,75,0.535714,15.000000,20.085783,13.298163,0.334763,0.707850,1.481949,2.742065,0.000016,13.126698,14210,1.481949,5.159914970397949,15,0.200000,0.07751293,0.07751293,0.00000000,0.07751293,0.07751293,0.00000000,1.597371,1.646015,-0.030452,0.070733,0.073719,-0.042210,0.864725,0.862552,-0.002173,0.02703689,1.80120008,0.977580
xamn6,XAM-N-6,131,197.000,202.000,17684,300,74,0.528571,14.800000,19.658339,13.737122,0.327639,0.673670,1.420734,2.792593,0.022499,13.084394,13945,1.420734,5.146399974822998,19,0.256757,0.07573515,0.07573514,0.00000011,0.07573515,0.07573515,0.00000000,1.579846,1.637073,-0.036223,0.068452,0.071996,-0.051773,0.870473,0.867708,-0.002765,0.02581353,1.76804055,0.974910
xamn6,XAM-N-6,132,198.000,203.000,17795,300,74,0.528571,14.800000,19.464861,14.240255,0.324414,0.663021,1.425450,2.928936,0.022499,12.982720,13956,1.425450,5.305389404296875,21,0.283784,0.07550779,0.07550778,0.00000011,0.07550779,0.07550779,0.00000000,1.568474,1.627817,-0.037835,0.068217,0.071922,-0.054303,0.870495,0.867573,-0.002923,0.02635305,1.76995948,0.971298
xamn6,XAM-N-6,133,199.000,204.000,18258,300,76,0.542857,15.200000,19.484032,14.771370,0.324734,0.691414,1.497897,3.033471,0.004242,12.954987,14285,1.497897,5.541348934173584,20,0.263158,0.07666347,0.07666347,0.00000000,0.07666347,0.07666347,0.00000000,1.589331,1.659985,-0.044455,0.071933,0.075485,-0.049378,0.863100,0.861197,-0.001903,0.02680308,1.80086953,0.968994
xamn6,XAM-N-6,134,200.000,205.000,18717,300,78,0.557143,15.600000,19.295542,15.221744,0.321592,0.753765,4.677423,3.181364,0.004242,12.626758,14624,4.677423,5.84485387802124,22,0.282051,0.07787361,0.07787360,0.00000010,0.07787361,0.07787361,0.00000000,1.594647,1.680718,-0.053975,0.072293,0.075655,-0.046498,0.863176,0.862151,-0.001025,0.02740696,1.81606453,0.969250
xamn6,XAM-N-6,135,201.000,206.000,19233,300,76,0.542857,15.200000,19.073862,15.577647,0.317898,0.740450,4.611850,3.252225,0.004242,12.259847,14935,4.611850,5.913459777832031,23,0.302632,0.07922120,0.07922119,0.00000010,0.07922120,0.07922120,0.00000000,1.606614,1.697135,-0.056343,0.074035,0.076532,-0.033719,0.860312,0.861210,0.000898,0.02850762,1.84584498,0.966916
xamn6,XAM-N-6,136,202.000,207.000,19660,300,75,0.535714,15.000000,18.787430,15.785028,0.313124,0.728150,4.551062,3.387367,0.004242,11.952615,15169,4.551062,6.083644866943359,17,0.226667,0.08017911,0.08017909,0.00000020,0.08017911,0.08017911,0.00000000,1.594964,1.688403,-0.058583,0.071716,0.073423,-0.023792,0.864978,0.867845,0.002867,0.02987602,1.86214467,0.963950
xamn6,XAM-N-6,137,203.000,208.000,20010,300,79,0.564286,15.800000,18.452612,15.969170,0.307544,0.716085,4.498032,3.611394,0.004242,11.684053,15406,4.498032,6.538450241088867,14,0.177215,0.08074125,0.08074124,0.00000010,0.08074125,0.08074125,0.00000000,1.600250,1.702599,-0.063958,0.072382,0.073686,-0.018005,0.863949,0.868299,0.004350,0.02920225,1.88746722,0.963591
xamn6,XAM-N-6,138,204.000,209.000,20177,300,81,0.578571,16.200000,17.952456,16.072628,0.299208,0.668655,4.430246,3.803245,0.180086,11.539326,15480,4.430246,6.866106033325195,11,0.135802,0.08058614,0.08058614,0.00000000,0.08058614,0.08058614,0.00000000,1.593299,1.703821,-0.069367,0.071594,0.072776,-0.016504,0.865592,0.870704,0.005112,0.02777385,1.90129732,0.959030
xamn6,XAM-N-6,139,205.000,210.000,20235,300,79,0.564286,15.800000,17.528286,16.151602,0.292138,0.585506,1.116512,4.012323,0.180086,11.380802,15456,1.116512,7.04872989654541,13,0.164557,0.08042023,0.08042023,0.00000000,0.08042023,0.08042023,0.00000000,1.575636,1.694934,-0.075714,0.069825,0.070876,-0.015060,0.868691,0.874950,0.006259,0.02775190,1.93469028,0.953165
xamn6,XAM-N-6,140,206.000,211.000,20241,300,78,0.557143,15.600000,17.041607,16.165728,0.284027,0.613279,1.233060,4.293312,0.180086,11.127749,15377,1.233060,7.354915142059326,14,0.179487,0.08023377,0.08023377,0.00000000,0.08023377,0.08023377,0.00000000,1.556445,1.692456,-0.087386,0.067947,0.069917,-0.028980,0.871104,0.876893,0.005789,0.02821013,1.92901757,0.946643
xamn6,XAM-N-6,141,207.000,212.000,20418,300,80,0.571429,16.000000,16.679569,16.241459,0.277993,0.614978,1.235518,4.672339,0.150864,10.991009,15502,1.235518,7.901556968688965,16,0.200000,0.08069761,0.08069761,0.00000000,0.08069761,0.08069761,0.00000000,1.547948,1.692428,-0.093337,0.067679,0.070414,-0.040421,0.870340,0.875592,0.005252,0.02519951,1.92551789,0.943183
xamn6,XAM-N-6,142,208.000,213.000,20555,300,85,0.607143,17.000000,16.325974,16.324711,0.272100,0.613961,1.248094,4.907305,0.027840,10.971379,15328,1.248094,8.399086952209473,14,0.164706,0.08098217,0.08098217,0.00000000,0.08098217,0.08098217,0.00000000,1.536123,1.683921,-0.096215,0.066172,0.069563,-0.051243,0.872832,0.877806,0.004974,0.02460835,1.97241991,0.938679
xamn6,XAM-N-6,143,209.000,214.000,20594,300,83,0.592857,16.600000,16.155388,16.591043,0.269256,0.598227,1.214869,5.212543,0.027840,10.684450,15135,1.214869,8.667001724243164,21,0.253012,0.08081487,0.08081487,-0.00000010,0.08081487,0.08081487,0.00000000,1.516850,1.675634,-0.104680,0.064113,0.068517,-0.068682,0.876746,0.880933,0.004187,0.02610187,1.99214598,0.935102
xamn6,XAM-N-6,144,210.000,215.000,20703,300,83,0.592857,16.600000,15.923121,16.718025,0.265385,0.593931,1.163001,5.484865,0.008764,10.268779,15220,1.163001,9.009953498840332,16,0.192771,0.08139218,0.08139218,0.00000000,0.08139218,0.08139218,0.00000000,1.516833,1.689224,-0.113652,0.064835,0.070162,-0.082170,0.874352,0.878224,0.003872,0.02563181,2.04744356,0.936792
xamn6,XAM-N-6,145,211.000,216.000,20886,300,83,0.592857,16.600000,15.769801,16.918058,0.262830,0.575348,1.124525,5.769218,0.003949,10.230947,15175,1.124525,9.386526107788086,13,0.156627,0.08269327,0.08269327,0.00000000,0.08269327,0.08269327,0.00000000,1.527243,1.711194,-0.120446,0.066921,0.073244,-0.094488,0.870106,0.873366,0.003260,0.02814619,2.14526702,0.940039
xamn6,XAM-N-6,146,212.000,217.000,21073,300,84,0.600000,16.800000,15.707241,17.171618,0.261787,0.597369,1.297958,5.871942,0.000114,10.343206,14890,1.297958,9.596990585327148,46,0.547619,0.08409074,0.08409074,0.00000000,0.08409074,0.08409074,0.00000000,1.526835,1.726807,-0.130971,0.067717,0.074980,-0.107256,0.867757,0.870559,0.002802,0.03088133,2.28626887,0.940379
xamn6,XAM-N-6,147,213.000,218.000,21240,300,81,0.578571,16.200000,15.514392,17.344650,0.258573,0.579638,1.284021,6.091098,0.000114,10.240145,14857,1.284021,9.788158416748047,60,0.740741,0.08543483,0.08543483,0.00000000,0.08543483,0.08543483,0.00000000,1.529614,1.735452,-0.134569,0.068453,0.075843,-0.107956,0.865917,0.868835,0.002918,0.03060660,2.40633477,0.936631
xamn6,XAM-N-6,148,214.000,219.000,21300,300,80,0.571429,16.000000,15.085220,17.321302,0.251420,0.551347,1.298253,6.342703,0.000114,10.313158,14712,1.298253,10.102622032165527,52,0.650000,0.08647719,0.08647720,-0.00000009,0.08647719,0.08647719,0.00000000,1.534413,1.735258,-0.130894,0.069364,0.076517,-0.103124,0.863436,0.866879,0.003444,0.03056630,2.28200774,0.935584
xamn6,XAM-N-6,149,215.000,220.000,21306,300,85,0.607143,17.000000,14.735755,17.451155,0.245596,0.524593,1.290287,6.592524,0.000114,10.874777,14452,1.290287,10.62750244140625,51,0.600000,0.08706367,0.08706368,-0.00000009,0.08706367,0.08706367,0.00000000,1.528349,1.727401,-0.130240,0.069297,0.076284,-0.100828,0.862947,0.867072,0.004126,0.03007880,2.01615041,0.931716
xamn6,XAM-N-6,150,216.000,221.000,21184,300,83,0.592857,16.600000,14.346122,17.581360,0.239102,0.483458,1.162119,6.731567,0.000114,11.021392,14249,1.162119,10.725194931030273,51,0.614458,0.08678048,0.08678049,-0.00000009,0.08678048,0.08678048,0.00000000,1.521714,1.725972,-0.134229,0.068756,0.074591,-0.084864,0.863717,0.870307,0.006590,0.03023426,1.84342823,0.927011
xamn6,XAM-N-6,151,217.000,222.000,20959,300,83,0.592857,16.600000,13.763117,17.517809,0.229385,0.440563,1.030231,6.909750,0.000010,10.789444,14139,1.030231,10.941668510437012,16,0.192771,0.08597166,0.08597167,-0.00000019,0.08597166,0.08597166,0.00000000,1.536428,1.742545,-0.134153,0.070167,0.075260,-0.072577,0.861478,0.869262,0.007784,0.02999652,1.67619384,0.923436
xamn6,XAM-N-6,152,218.000,223.000,20652,300,83,0.592857,16.600000,13.156696,17.360054,0.219278,0.430597,1.035377,6.987187,0.000010,10.456097,13919,1.035377,11.042073249816895,5,0.060241,0.08499305,0.08499307,-0.00000019,0.08499305,0.08499305,0.00000000,1.550843,1.775228,-0.144686,0.071543,0.076851,-0.074196,0.859260,0.866733,0.007473,0.03058030,1.66577572,0.919901
xamn6,XAM-N-6,153,219.000,224.000,20599,300,83,0.592857,16.600000,12.834682,17.346254,0.213911,0.417203,0.988462,6.871881,0.000010,10.427295,13890,0.988462,10.94137954711914,6,0.072289,0.08499675,0.08499674,0.00000009,0.08499675,0.08499675,0.00000000,1.578232,1.812467,-0.148416,0.073494,0.078764,-0.071700,0.857072,0.864116,0.007043,0.02972081,1.64606367,0.920285
xamn6,XAM-N-6,154,220.000,225.000,20484,300,81,0.578571,16.200000,12.566581,17.250185,0.209443,0.417131,0.990537,6.753691,0.000010,10.095890,13757,0.990537,10.742302894592285,6,0.074074,0.08467842,0.08467842,0.00000000,0.08467842,0.08467842,0.00000000,1.612087,1.841291,-0.142178,0.075292,0.080126,-0.064193,0.856765,0.862868,0.006103,0.02994002,1.66262802,0.917465
xamn6,XAM-N-6,155,221.000,226.000,20366,300,77,0.550000,15.400000,12.427398,17.100439,0.207123,0.444432,1.048549,6.555737,0.000010,9.852905,13820,1.048549,10.363122940063477,11,0.142857,0.08430220,0.08430221,-0.00000009,0.08430220,0.08430220,0.00000000,1.635373,1.848718,-0.130457,0.076610,0.081587,-0.064966,0.854869,0.859326,0.004457,0.02903326,1.70790123,0.921450
xamn6,XAM-N-6,156,222.000,227.000,20286,300,78,0.557143,15.600000,12.545992,16.917559,0.209100,0.527684,1.314151,6.216918,0.000010,9.942804,13985,1.314151,10.01076889038086,19,0.243590,0.08414064,0.08414064,0.00000000,0.08414064,0.08414064,0.00000000,1.628956,1.825052,-0.120381,0.075113,0.080561,-0.072526,0.858054,0.860364,0.002310,0.02969991,1.74055902,0.924556
xamn6,XAM-N-6,157,223.000,228.000,20239,300,80,0.571429,16.000000,12.914443,16.888662,0.215241,0.564863,1.347121,5.929880,0.032808,10.180408,14181,1.347121,9.729398727416992,30,0.375000,0.08384984,0.08384985,-0.00000010,0.08384984,0.08384984,0.00000000,1.620436,1.786897,-0.102726,0.073369,0.078752,-0.073356,0.860769,0.861866,0.001097,0.02933801,1.70264175,0.935988
xamn6,XAM-N-6,158,224.000,229.000,20179,300,81,0.578571,16.200000,13.296474,16.723635,0.221608,0.586496,1.301807,5.690697,0.004055,10.231689,14318,1.301807,9.451210021972656,29,0.358025,0.08330619,0.08330619,0.00000000,0.08330619,0.08330619,0.00000000,1.606571,1.744239,-0.085691,0.070449,0.075724,-0.074870,0.865811,0.865742,-0.000069,0.02900276,1.67594979,0.938206
xamn6,XAM-N-6,159,225.000,230.000,20085,300,78,0.557143,15.600000,13.657391,16.551201,0.227623,0.623471,1.352623,5.428334,0.004055,9.918610,14468,1.352623,8.9827299118042,28,0.358974,0.08252035,0.08252035,0.00000000,0.08252035,0.08252035,0.00000000,1.597859,1.713617,-0.072446,0.068694,0.073844,-0.074973,0.867012,0.865988,-0.001025,0.02774465,1.62579765,0.944212
xamn6,XAM-N-6,160,226.000,231.000,20168,300,80,0.571429,16.000000,14.190930,16.485228,0.236516,0.639794,1.361091,5.145770,0.004055,9.589664,14674,1.361091,8.697021484375,26,0.325000,0.08235233,0.08235233,0.00000000,0.08235233,0.08235233,0.00000000,1.587862,1.681079,-0.058706,0.066546,0.071916,-0.080701,0.870623,0.867629,-0.002993,0.02622882,1.61349070,0.945513
xamn6,XAM-N-6,161,227.000,232.000,20163,300,79,0.564286,15.800000,14.819042,16.696085,0.246984,0.607543,1.139857,4.907599,0.004055,9.416408,14767,1.139857,8.3207368850708,21,0.265823,0.08181188,0.08181189,-0.00000010,0.08181188,0.08181188,0.00000000,1.594406,1.673660,-0.049708,0.066201,0.071087,-0.073811,0.872442,0.869254,-0.003188,0.02664218,1.60603206,0.950119
xamn6,XAM-N-6,162,228.000,233.000,20275,300,79,0.564286,15.800000,15.588645,16.807751,0.259811,0.643709,1.268176,4.601490,0.002768,9.254085,15017,1.268176,7.918425559997559,10,0.126582,0.08185922,0.08185922,0.00000000,0.08185922,0.08185922,0.00000000,1.608039,1.679556,-0.044474,0.067428,0.071585,-0.061645,0.872168,0.869686,-0.002482,0.02623906,1.62404073,0.952348
xamn6,XAM-N-6,163,229.000,234.000,20203,300,78,0.557143,15.600000,16.203253,16.805420,0.270054,0.672535,1.335232,4.386341,0.002768,8.903964,15247,1.335232,7.573657989501953,12,0.153846,0.08144932,0.08144932,0.00000000,0.08144932,0.08144931,0.00000020,1.616493,1.683166,-0.041246,0.068646,0.072283,-0.052983,0.870902,0.868796,-0.002107,0.02646857,1.61643778,0.960664
xamn6,XAM-N-6,164,230.000,235.000,20236,300,80,0.571429,16.000000,16.895391,16.784145,0.281590,0.686037,1.347410,4.084487,0.002768,9.080779,15432,1.347410,7.264579772949219,13,0.162500,0.08158658,0.08158659,-0.00000010,0.08158658,0.08158620,0.00000470,1.609261,1.668215,-0.036634,0.068492,0.071596,-0.045315,0.872892,0.871075,-0.001817,0.02715789,1.61306937,0.968578
xamn6,XAM-N-6,165,231.000,236.000,20154,300,79,0.564286,15.800000,17.543861,16.677380,0.292398,0.687475,1.346586,3.853132,0.002768,9.608606,15571,1.346586,6.9041218757629395,29,0.367089,0.08131494,0.08131494,0.00000000,0.08131494,0.08131419,0.00000924,1.598194,1.660117,-0.038746,0.067054,0.069104,-0.030576,0.877628,0.877504,-0.000123,0.02707481,1.58753195,0.973943
xamn6,XAM-N-6,166,232.000,237.000,20011,300,79,0.564286,15.800000,18.030798,16.347486,0.300513,0.652989,1.255409,3.591320,0.002768,9.879132,15616,1.255409,6.551609992980957,45,0.569620,0.08074304,0.08074304,0.00000000,0.08074304,0.08074130,0.00002157,1.591775,1.645045,-0.033466,0.067812,0.068999,-0.017513,0.875430,0.876324,0.000894,0.02626005,1.55972007,0.977198
xamn6,XAM-N-6,167,233.000,238.000,19661,300,80,0.571429,16.000000,18.376106,15.951688,0.306268,0.673727,1.313806,3.371217,0.002788,10.228970,15521,1.313806,6.2685418128967285,45,0.562500,0.07941721,0.07941721,0.00000000,0.07941721,0.07941420,0.00003783,1.585270,1.637964,-0.033239,0.067607,0.068487,-0.013021,0.875420,0.876498,0.001078,0.02531080,1.51850587,0.980614
xamn6,XAM-N-6,168,234.000,239.000,19191,300,75,0.535714,15.000000,18.673035,15.526218,0.311217,0.704669,1.364784,3.171517,0.000002,10.453720,15341,1.364784,5.757689952850342,47,0.626667,0.07759485,0.07759485,0.00000000,0.07759485,0.07759163,0.00004150,1.579907,1.633214,-0.033740,0.067811,0.068481,-0.009885,0.874255,0.875443,0.001188,0.02377725,1.48082061,0.984923
xamn6,XAM-N-6,169,235.000,240.000,18664,300,75,0.535714,15.000000,18.872061,15.120219,0.314534,0.720306,1.367301,2.966223,0.000002,10.451097,15047,1.367301,5.437093257904053,52,0.693333,0.07554653,0.07554652,0.00000011,0.07554653,0.07554123,0.00007012,1.588191,1.648146,-0.037750,0.068073,0.068914,-0.012346,0.874202,0.875275,0.001073,0.02258305,1.43853745,0.988017
xamn6,XAM-N-6,170,236.000,241.000,18257,300,75,0.535714,15.000000,19.072817,14.608510,0.317880,0.760559,1.480474,2.825200,0.000002,10.485810,14753,1.480474,5.20409631729126,34,0.453333,0.07394256,0.07394256,0.00000011,0.07394256,0.07393394,0.00011671,1.605247,1.665827,-0.037738,0.071010,0.072286,-0.017973,0.867412,0.867556,0.000144,0.02230918,1.41168434,0.991447
xamn6,XAM-N-6,171,237.000,242.000,17877,300,71,0.507143,14.200000,19.184256,14.087997,0.319738,0.826241,1.677059,2.838757,0.000002,10.719784,14627,1.677059,4.997653961181641,19,0.267606,0.07247159,0.07247159,0.00000000,0.07247159,0.07246110,0.00014477,1.606813,1.669967,-0.039304,0.070334,0.071777,-0.020514,0.869722,0.869450,-0.000272,0.02185751,1.36368649,0.995167
xamn6,XAM-N-6,172,238.000,243.000,17639,300,73,0.521429,14.600000,19.490993,13.826544,0.324850,0.789623,1.589481,2.785530,0.000002,11.296956,14431,1.589481,4.9608988761901855,33,0.452055,0.07164893,0.07164893,0.00000000,0.07164893,0.07163637,0.00017531,1.597596,1.658087,-0.037864,0.069071,0.070501,-0.020708,0.871058,0.870577,-0.000481,0.02094301,1.33499228,0.998087
xamn6,XAM-N-6,173,239.000,244.000,17454,300,70,0.500000,14.000000,19.846394,13.650522,0.330773,0.798113,1.650303,2.661731,0.279436,11.890434,14171,1.650303,4.64937686920166,32,0.457143,0.07094468,0.07094468,0.00000000,0.07094468,0.07092695,0.00024992,1.614472,1.670620,-0.034778,0.071335,0.072604,-0.017800,0.866893,0.866444,-0.000449,0.02060135,1.31820624,0.998943
xamn6,XAM-N-6,174,240.000,245.000,17450,300,73,0.521429,14.600000,20.298365,13.478908,0.338306,0.771607,1.625080,2.585249,0.171376,12.211714,14161,1.625080,4.639615058898926,34,0.465753,0.07085729,0.07085729,-0.00000011,0.07085729,0.07079178,0.00092447,1.602235,1.649628,-0.029579,0.071033,0.072013,-0.013801,0.866495,0.866154,-0.000342,0.01962609,1.31715592,0.998994
xamn6,XAM-N-6,175,241.000,246.000,17373,300,73,0.521429,14.600000,20.568815,13.568913,0.342814,0.728882,1.509366,2.478720,0.012521,12.090351,14149,1.509366,4.484929084777832,33,0.452055,0.07054630,0.07054630,0.00000000,0.07054630,0.07041944,0.00179820,1.599321,1.636620,-0.023322,0.070071,0.070568,-0.007091,0.869264,0.869399,0.000135,0.01925351,1.29634097,0.998498
xamn6,XAM-N-6,176,242.000,247.000,17390,300,69,0.492857,13.800000,20.974527,13.977915,0.349575,0.707173,1.446831,2.368183,0.012521,11.989024,14128,1.446831,4.17675256729126,32,0.463768,0.07076495,0.07076495,0.00000000,0.07076495,0.07057617,0.00266762,1.643761,1.675561,-0.019346,0.075344,0.075365,-0.000273,0.858776,0.859604,0.000828,0.01905702,1.30407140,0.997179
xamn6,XAM-N-6,177,243.000,248.000,17316,300,69,0.492857,13.800000,21.152199,14.361567,0.352537,0.764838,1.663043,2.265100,0.000048,11.507900,14013,1.663043,4.03466272354126,19,0.275362,0.07048329,0.07048329,0.00000000,0.07048329,0.07023036,0.00358839,1.659679,1.682317,-0.013640,0.075325,0.074919,0.005385,0.860534,0.861679,0.001144,0.01849828,1.30147393,0.996024
xamn6,XAM-N-6,178,244.000,249.000,17375,300,67,0.478571,13.400000,21.249832,14.785783,0.354164,0.768799,1.700647,2.244421,0.000025,11.362107,13988,1.700647,3.928924322128296,23,0.343284,0.07065532,0.07065532,0.00000000,0.07065532,0.07033990,0.00446425,1.660604,1.677468,-0.010155,0.074543,0.073910,0.008500,0.862192,0.863455,0.001263,0.01872663,1.30610463,0.994483
xamn6,XAM-N-6,179,245.000,250.000,17373,300,70,0.500000,14.000000,21.339275,15.373233,0.355655,0.766566,1.708770,2.267946,0.000025,11.534259,13986,1.708770,4.0631608963012695,21,0.300000,0.07060783,0.07060783,0.00000011,0.07060783,0.07027629,0.00469551,1.669315,1.688137,-0.011275,0.075732,0.075273,0.006056,0.858983,0.860174,0.001191,0.01887257,1.31882024,0.994250
xamn6,XAM-N-6,180,246.000,251.000,17428,300,71,0.507143,14.200000,21.366306,15.788066,0.356105,0.761623,1.706190,2.312344,0.000025,11.932580,14014,1.706190,4.166414260864258,21,0.295775,0.07106521,0.07106521,0.00000000,0.07106521,0.07073204,0.00468833,1.656243,1.676268,-0.012091,0.074485,0.074063,0.005661,0.860443,0.861572,0.001129,0.01873490,1.32978884,0.995249
xamn6,XAM-N-6,181,247.000,252.000,17594,300,72,0.514286,14.400000,21.370462,16.121113,0.356174,0.697539,1.543051,2.328547,0.000025,12.233196,14087,1.543051,4.266351222991943,20,0.277778,0.07222392,0.07222392,0.00000000,0.07222392,0.07188799,0.00465129,1.598670,1.627771,-0.018203,0.068126,0.068289,-0.002403,0.872581,0.872688,0.000107,0.01866853,1.34120855,0.995498
xamn6,XAM-N-6,182,248.000,253.000,17773,300,72,0.514286,14.400000,21.391735,16.522617,0.356529,0.635437,1.312070,2.378515,0.000025,12.587713,14220,1.312070,4.366305351257324,18,0.250000,0.07346851,0.07346851,0.00000000,0.07346851,0.07313420,0.00455041,1.571091,1.605750,-0.022061,0.067002,0.067465,-0.006921,0.874115,0.873783,-0.000332,0.01818728,1.35560401,0.995443
xamn6,XAM-N-6,183,249.000,254.000,17972,300,72,0.514286,14.400000,21.400030,16.933619,0.356667,0.612961,1.299728,2.417019,0.000030,12.646077,14416,1.299728,4.4609270095825195,13,0.180556,0.07487794,0.07487795,-0.00000011,0.07487794,0.07454952,0.00438611,1.536891,1.581071,-0.028746,0.063864,0.064875,-0.015837,0.880113,0.879040,-0.001074,0.01944699,1.38119917,0.994667
xamn6,XAM-N-6,184,250.000,255.000,18038,300,72,0.514286,14.400000,21.201468,17.244812,0.353358,0.632180,1.434246,2.475712,0.000030,12.483076,14440,1.434246,4.576899528503418,10,0.138889,0.07577576,0.07577576,-0.00000011,0.07577576,0.07546988,0.00403657,1.524559,1.575396,-0.033345,0.062131,0.063609,-0.023786,0.883549,0.882169,-0.001380,0.01949621,1.36876926,0.994038
xamn6,XAM-N-6,185,251.000,256.000,18173,300,75,0.535714,15.000000,21.123964,17.771587,0.352066,0.620107,1.412595,2.563351,0.000030,12.104857,14568,1.412595,4.828378677368164,10,0.133333,0.07653478,0.07653479,-0.00000021,0.07653478,0.07627052,0.00345270,1.535300,1.600341,-0.042364,0.063455,0.065446,-0.031380,0.881676,0.880111,-0.001565,0.02184654,1.38169067,0.991853
xamn6,XAM-N-6,186,252.000,257.000,18212,300,74,0.528571,14.800000,20.757761,18.216309,0.345963,0.630730,1.441336,2.685770,0.000030,11.681096,14589,1.441336,4.9548845291137695,8,0.108108,0.07646192,0.07646194,-0.00000021,0.07646192,0.07625297,0.00273273,1.573578,1.649242,-0.048084,0.068618,0.071230,-0.038062,0.870355,0.868370,-0.001985,0.02188159,1.38439135,0.990611
xamn6,XAM-N-6,187,253.000,258.000,18205,300,73,0.521429,14.600000,20.024260,18.471315,0.333738,0.603547,1.380960,2.907022,0.000196,11.100694,14516,1.380960,5.222911834716797,7,0.095890,0.07641320,0.07641322,-0.00000021,0.07641320,0.07626441,0.00194718,1.610766,1.707608,-0.060121,0.072216,0.076235,-0.055646,0.862772,0.859716,-0.003056,0.02060203,1.37534307,0.983290
xamn6,XAM-N-6,188,254.000,259.000,18429,300,74,0.528571,14.800000,19.398529,18.704964,0.323309,0.540418,1.170055,3.256778,0.000196,11.061383,14577,1.170055,5.7449445724487305,14,0.189189,0.07750079,0.07750081,-0.00000021,0.07750079,0.07740225,0.00127145,1.645504,1.754192,-0.066051,0.076579,0.081421,-0.063227,0.852938,0.849428,-0.003509,0.02219852,1.36383884,0.974605
xamn6,XAM-N-6,189,255.000,260.000,18738,300,74,0.528571,14.800000,18.852463,18.832472,0.314208,0.473631,0.906811,3.561952,0.000196,11.077862,14586,0.906811,6.183618545532227,14,0.189189,0.07892052,0.07892053,-0.00000010,0.07892052,0.07886572,0.00069435,1.653858,1.773829,-0.072540,0.078758,0.084273,-0.070023,0.847932,0.843884,-0.004048,0.02347241,1.39601179,0.968540
xamn6,XAM-N-6,190,256.000,261.000,18968,300,79,0.564286,15.800000,18.173548,18.734386,0.302892,0.473227,0.969164,3.844184,0.000196,11.269073,14570,0.969164,6.796156406402588,18,0.227848,0.08014165,0.08014165,0.00000000,0.08014165,0.08009895,0.00053282,1.646141,1.773988,-0.077665,0.078869,0.084903,-0.076505,0.846670,0.842332,-0.004338,0.02550460,1.42745543,0.960143
xamn6,XAM-N-6,191,257.000,262.000,19192,300,77,0.550000,15.400000,17.564829,18.563059,0.292747,0.497476,1.152183,4.109163,0.004299,11.297401,14565,1.152183,7.110562324523926,23,0.298701,0.08143688,0.08143688,0.00000000,0.08143688,0.08139377,0.00052935,1.613589,1.756774,-0.088737,0.074641,0.081635,-0.093706,0.855715,0.850913,-0.004803,0.02578280,1.44865554,0.955591
xamn6,XAM-N-6,192,258.000,263.000,19601,300,78,0.557143,15.600000,17.254547,18.373215,0.287576,0.481133,1.113017,4.353430,0.004299,11.569344,14689,1.113017,7.514490127563477,28,0.358974,0.08325335,0.08325336,-0.00000010,0.08325335,0.08321368,0.00047643,1.584562,1.734095,-0.094369,0.071983,0.079423,-0.103355,0.860307,0.855174,-0.005133,0.02468458,1.48419642,0.951857
xamn6,XAM-N-6,193,259.000,264.000,19766,300,78,0.557143,15.600000,16.742960,18.058559,0.279049,0.505565,1.229497,4.487572,0.010152,11.259089,14587,1.229497,7.703246593475342,25,0.320513,0.08316410,0.08316411,-0.00000010,0.08316410,0.08313424,0.00035915,1.563139,1.727765,-0.105318,0.069568,0.077885,-0.119554,0.864976,0.859149,-0.005827,0.02568311,1.51130141,0.948252
xamn6,XAM-N-6,194,260.000,265.000,20028,300,82,0.585714,16.400000,16.153641,17.716536,0.269227,0.532526,1.293192,4.619203,0.005471,10.774592,14795,1.293192,8.0673189163208,27,0.329268,0.08347000,0.08346999,0.00000010,0.08347000,0.08343719,0.00039316,1.555123,1.719193,-0.105503,0.067551,0.076777,-0.136580,0.869989,0.862220,-0.007769,0.02376137,1.52822293,0.943379
xamn6,XAM-N-6,195,261.000,266.000,20261,300,78,0.557143,15.600000,15.685157,17.446568,0.261419,0.551798,1.332666,4.803405,0.005471,10.292882,14990,1.332666,8.16187858581543,30,0.384615,0.08368142,0.08368142,0.00000000,0.08368142,0.08366093,0.00024483,1.550269,1.718227,-0.108341,0.066542,0.076758,-0.153529,0.871317,0.861900,-0.009417,0.02328126,1.52744152,0.940477
xamn6,XAM-N-6,196,262.000,267.000,20544,300,79,0.564286,15.800000,15.379791,17.309050,0.256330,0.549789,1.263781,4.920009,0.004215,10.179548,15191,1.263781,8.371716499328613,26,0.329114,0.08408726,0.08408727,-0.00000010,0.08408726,0.08407930,0.00009474,1.570045,1.729556,-0.101597,0.067688,0.077549,-0.145683,0.869406,0.859839,-0.009567,0.02233169,1.53190416,0.937836
xamn6,XAM-N-6,197,263.000,268.000,20808,300,79,0.564286,15.800000,14.991487,17.139217,0.249858,0.590212,1.378823,4.985877,0.004215,10.062181,15290,1.378823,8.48802375793457,30,0.379747,0.08437180,0.08437180,0.00000000,0.08437180,0.08436606,0.00006809,1.580306,1.722799,-0.090168,0.067925,0.076954,-0.132913,0.869457,0.860041,-0.009416,0.02417019,1.55082827,0.937587
xamn6,XAM-N-6,198,264.000,269.000,21170,300,82,0.585714,16.400000,14.748199,17.002104,0.245803,0.588710,1.305679,5.070723,0.004215,10.241851,15586,1.305679,8.776668548583984,25,0.304878,0.08587909,0.08587909,0.00000000,0.08587909,0.08587531,0.00004401,1.600283,1.714454,-0.071344,0.068824,0.076138,-0.106277,0.869083,0.860815,-0.008268,0.02402575,1.57835064,0.940503
xamn6,XAM-N-6,199,265.000,270.000,21317,300,83,0.592857,16.600000,14.392074,16.786161,0.239868,0.590408,1.309404,5.092588,0.000002,10.416759,15366,1.309404,8.89910888671875,21,0.253012,0.08665495,0.08665495,0.00000000,0.08665495,0.08665412,0.00000959,1.604822,1.706338,-0.063256,0.068526,0.073869,-0.077981,0.870496,0.864886,-0.005611,0.02431594,1.62749240,0.936607
xamn6,XAM-N-6,200,266.000,271.000,21479,300,87,0.621429,17.400000,14.031918,16.513559,0.233865,0.604450,1.312453,5.085543,0.000002,10.503078,15079,1.312453,9.109406471252441,18,0.206897,0.08747482,0.08747482,0.00000000,0.08747482,0.08747463,0.00000219,1.620373,1.703571,-0.051345,0.068455,0.071657,-0.046772,0.872958,0.869821,-0.003137,0.02615699,1.67664775,0.933670
xamn6,XAM-N-6,201,267.000,272.000,21821,300,88,0.628571,17.600000,13.872068,16.297667,0.231201,0.627537,1.402286,5.021909,0.000002,10.314252,15077,1.402286,9.144282341003418,24,0.272727,0.08889183,0.08889183,0.00000000,0.08889183,0.08889180,0.00000036,1.615095,1.683103,-0.042108,0.068091,0.069207,-0.016400,0.873879,0.873475,-0.000404,0.02673446,1.70510989,0.930049
xamn6,XAM-N-6,202,268.000,273.000,21983,300,88,0.628571,17.600000,13.799666,16.205538,0.229994,0.574698,1.241943,4.916405,0.000002,9.933867,15142,1.241943,9.03915786743164,21,0.238636,0.08904760,0.08904760,0.00000000,0.08904760,0.08904760,0.00000000,1.605832,1.668517,-0.039036,0.067556,0.067158,0.005889,0.875734,0.877852,0.002119,0.02644875,1.70356463,0.930994
xamn6,XAM-N-6,203,269.000,274.000,22177,300,90,0.642857,18.000000,13.864239,16.235418,0.231071,0.570488,1.294843,4.768339,0.000002,9.437924,15256,1.294843,8.954761505126953,23,0.255556,0.08922357,0.08922357,0.00000000,0.08922357,0.08922357,0.00000000,1.587095,1.649276,-0.039179,0.066318,0.064789,0.023053,0.877959,0.882673,0.004714,0.02757500,1.70486269,0.929853
xamn6,XAM-N-6,204,270.000,275.000,22630,300,87,0.621429,17.400000,14.297349,16.457806,0.238289,0.583678,1.336608,4.724830,0.000019,9.260386,15879,1.336608,8.794293403625488,26,0.298851,0.09035760,0.09035760,0.00000000,0.09035760,0.09035760,0.00000000,1.589792,1.652276,-0.039303,0.067605,0.065191,0.035695,0.874935,0.881771,0.006836,0.03043773,1.74061471,0.936606
xamn6,XAM-N-6,205,271.000,276.000,22956,300,87,0.621429,17.400000,14.707976,16.702566,0.245133,0.551021,1.271448,4.651494,0.016249,9.196065,16261,1.271448,8.700224876403809,26,0.298851,0.09094218,0.09094218,0.00000000,0.09094218,0.09094218,0.00000000,1.578542,1.642926,-0.040787,0.067984,0.064799,0.046850,0.872597,0.881320,0.008723,0.02821174,1.78753584,0.942211
xamn6,XAM-N-6,206,272.000,277.000,22975,300,88,0.628571,17.600000,14.886118,16.731155,0.248102,0.508656,1.106026,4.618400,0.006793,9.116025,16336,1.106026,8.667993545532227,40,0.454545,0.09040662,0.09040661,0.00000009,0.09040662,0.09040662,0.00000000,1.575103,1.641175,-0.041948,0.067745,0.064297,0.050904,0.872948,0.882563,0.009615,0.02733162,1.80871555,0.947312
xamn6,XAM-N-6,207,273.000,278.000,22967,300,84,0.600000,16.800000,15.035410,16.686190,0.250590,0.514457,1.115059,4.482706,0.006793,9.176508,16353,1.115059,8.347675323486328,48,0.571429,0.09040799,0.09040798,0.00000009,0.09040799,0.09040799,0.00000000,1.579571,1.654287,-0.047301,0.068122,0.064551,0.052416,0.871811,0.882158,0.010347,0.02655813,1.84159768,0.948842
xamn6,XAM-N-6,208,274.000,279.000,22750,300,87,0.621429,17.400000,15.133209,16.562859,0.252220,0.498520,0.988801,4.355717,0.006793,9.470233,16288,0.988801,8.28788948059082,48,0.551724,0.08963398,0.08963397,0.00000009,0.08963398,0.08963398,0.00000000,1.586022,1.665846,-0.050330,0.068775,0.065915,0.041581,0.869850,0.879041,0.009191,0.02760094,1.81582760,0.952132
xamn6,XAM-N-6,209,275.000,280.000,22310,300,87,0.621429,17.400000,15.023473,16.349392,0.250391,0.469535,0.835064,4.202689,0.006793,9.692417,16065,0.835064,8.068400382995605,48,0.551724,0.08804688,0.08804686,0.00000018,0.08804688,0.08804688,0.00000000,1.585388,1.666741,-0.051315,0.068429,0.066223,0.032237,0.869910,0.877769,0.007859,0.02896324,1.77463477,0.951551
xamn6,XAM-N-6,210,276.000,281.000,21895,300,84,0.600000,16.800000,14.894415,16.011164,0.248240,0.514296,1.105408,4.114144,0.000011,9.630782,16042,1.105408,7.810742378234863,43,0.511905,0.08664072,0.08664070,0.00000028,0.08664072,0.08664072,0.00000000,1.588902,1.668783,-0.050275,0.068426,0.067216,0.017677,0.870627,0.876776,0.006149,0.02848232,1.71380506,0.953592
xamn6,XAM-N-6,211,277.000,282.000,21690,300,88,0.628571,17.600000,15.141875,15.921537,0.252365,0.612439,1.478279,4.025752,0.000011,10.089184,16342,1.478279,7.835384368896484,43,0.488636,0.08626637,0.08626636,0.00000009,0.08626637,0.08626637,0.00000000,1.584371,1.659935,-0.047694,0.068212,0.068028,0.002700,0.870839,0.875198,0.004359,0.02637395,1.64481528,0.956100
xamn6,XAM-N-6,212,278.000,283.000,21488,300,82,0.585714,16.400000,15.479471,15.921044,0.257991,0.681799,1.625752,3.959077,0.000011,10.553228,16583,1.625752,7.4824066162109375,32,0.390244,0.08587218,0.08587218,0.00000009,0.08587218,0.08587218,0.00000000,1.575112,1.645244,-0.044525,0.068482,0.069430,-0.013844,0.868921,0.871215,0.002294,0.02787848,1.59052060,0.961509
xamn6,XAM-N-6,213,279.000,284.000,21446,300,85,0.607143,17.000000,15.800891,15.907170,0.263348,0.688698,1.665624,3.892981,0.000011,10.530041,16866,1.665624,7.505551815032959,31,0.364706,0.08601752,0.08601752,0.00000000,0.08601752,0.08601752,0.00000000,1.570596,1.638860,-0.043464,0.068865,0.070100,-0.017937,0.867691,0.869607,0.001917,0.02712683,1.56671940,0.968379
xamn6,XAM-N-6,214,280.000,285.000,21374,300,84,0.600000,16.800000,16.155464,15.897474,0.269258,0.713548,1.761361,3.821974,0.000011,10.376278,16975,1.761361,7.35571813583374,30,0.357143,0.08596431,0.08596431,0.00000000,0.08596431,0.08596431,0.00000000,1.571910,1.637644,-0.041818,0.069235,0.071093,-0.026840,0.866411,0.866908,0.000497,0.02648332,1.54302555,0.976125
xamn6,XAM-N-6,215,281.000,286.000,21368,300,85,0.607143,17.000000,16.581331,16.114429,0.276356,0.677044,1.639319,3.692287,0.000053,10.436422,16967,1.639319,7.2248921394348145,32,0.376471,0.08621725,0.08621725,0.00000000,0.08621725,0.08621725,0.00000000,1.584144,1.650131,-0.041654,0.071407,0.073481,-0.029037,0.861577,0.861335,-0.000242,0.02754202,1.55281753,0.982668
xamn6,XAM-N-6,216,282.000,287.000,21250,300,85,0.607143,17.000000,16.558659,16.189520,0.275978,0.594715,1.371905,3.656854,0.000053,10.296922,16620,1.371905,7.182333469390869,14,0.164706,0.08607820,0.08607820,0.00000000,0.08607820,0.08607820,0.00000000,1.596471,1.662071,-0.041091,0.072999,0.075158,-0.029566,0.858784,0.857701,-0.001083,0.02800902,1.55225467,0.985791
xamn6,XAM-N-6,217,283.000,288.000,21273,300,87,0.621429,17.400000,16.561876,16.322685,0.276031,0.600302,1.463603,3.676031,0.025155,10.342263,16562,1.463603,7.310760021209717,11,0.126437,0.08685134,0.08685134,0.00000000,0.08685134,0.08685134,0.00000000,1.612843,1.671038,-0.036083,0.074448,0.076516,-0.027778,0.857386,0.855526,-0.001859,0.02944858,1.55178314,0.987837
xamn6,XAM-N-6,218,284.000,289.000,21198,300,85,0.607143,17.000000,16.518669,16.433697,0.275311,0.676526,1.690141,3.651749,0.025155,10.603497,16420,1.690141,7.221430778503418,17,0.200000,0.08719172,0.08719171,0.00000009,0.08719172,0.08719172,0.00000000,1.618407,1.670441,-0.032151,0.074393,0.076394,-0.026894,0.858610,0.855916,-0.002695,0.03161499,1.55222650,0.988367
xamn6,XAM-N-6,219,285.000,290.000,21209,300,87,0.621429,17.400000,16.497585,16.597874,0.274960,0.709779,1.804870,3.756504,0.025155,10.951549,16465,1.804870,7.444511890411377,18,0.206897,0.08790352,0.08790352,0.00000000,0.08790352,0.08790352,0.00000000,1.625866,1.671649,-0.028159,0.075483,0.076986,-0.019918,0.857380,0.855339,-0.002042,0.03074008,1.57827713,0.989497
xamn6,XAM-N-6,220,286.000,291.000,21391,300,89,0.635714,17.800000,16.660599,16.710785,0.277677,0.738020,1.849420,3.853843,0.025155,11.116241,16747,1.849420,7.694794178009033,25,0.280899,0.08998406,0.08998406,0.00000000,0.08998406,0.08998404,0.00000018,1.637792,1.678089,-0.024605,0.077223,0.078644,-0.018401,0.853891,0.851499,-0.002392,0.03095840,1.59766618,0.989187
xamn6,XAM-N-6,221,287.000,292.000,21466,300,87,0.621429,17.400000,16.926291,16.798149,0.282105,0.752975,1.852319,3.860851,0.025155,11.097933,16917,1.852319,7.653775215148926,29,0.333333,0.09138793,0.09138792,0.00000009,0.09138793,0.09138792,0.00000017,1.641386,1.675720,-0.020917,0.078252,0.079508,-0.016048,0.850257,0.848322,-0.001934,0.03027765,1.61357464,0.989434
xamn6,XAM-N-6,222,288.000,293.000,21558,300,90,0.642857,18.000000,17.309956,16.826567,0.288499,0.715328,1.728779,3.756612,0.026931,10.969884,16981,1.728779,7.661520957946777,40,0.444444,0.09239744,0.09239744,0.00000000,0.09239744,0.09239743,0.00000017,1.636794,1.667594,-0.018818,0.075903,0.076759,-0.011282,0.855038,0.853832,-0.001205,0.02797521,1.63536156,0.988060
xamn6,XAM-N-6,223,289.000,294.000,21554,300,86,0.614286,17.200000,17.725204,16.803324,0.295420,0.639639,1.456927,3.706766,0.000259,10.872693,16996,1.456927,7.434630870819092,32,0.372093,0.09295184,0.09295184,0.00000000,0.09295184,0.09295182,0.00000017,1.640252,1.670780,-0.018612,0.075242,0.075894,-0.008656,0.856660,0.856207,-0.000452,0.02698973,1.64981668,0.987306
xamn6,XAM-N-6,224,290.000,295.000,21525,300,83,0.592857,16.600000,18.319715,16.721285,0.305329,0.614563,1.235703,3.504069,0.000259,10.833582,17018,1.235703,7.058555603027344,28,0.337349,0.09339955,0.09339956,-0.00000009,0.09339955,0.09339953,0.00000017,1.671638,1.699466,-0.016647,0.077733,0.078165,-0.005553,0.852477,0.852732,0.000255,0.02638883,1.65202057,0.987227
xamn6,XAM-N-6,225,291.000,296.000,21188,300,82,0.585714,16.400000,18.778828,16.453468,0.312980,0.593802,1.120346,3.288699,0.000259,10.943892,16851,1.120346,6.682950496673584,22,0.268293,0.09181551,0.09181550,0.00000009,0.09181551,0.09181551,0.00000000,1.683170,1.702992,-0.011777,0.077721,0.077701,0.000265,0.853463,0.854459,0.000996,0.02269367,1.61911938,0.988298
xamn6,XAM-N-6,226,292.000,297.000,20918,300,82,0.585714,16.400000,19.374804,16.137550,0.322913,0.627641,1.236033,3.062271,0.000259,11.042848,16871,1.236033,6.33543062210083,20,0.243902,0.09056779,0.09056779,0.00000000,0.09056779,0.09056779,0.00000000,1.711684,1.729802,-0.010585,0.078994,0.078892,0.001299,0.853072,0.853950,0.000878,0.02339972,1.60057558,0.990255
xamn6,XAM-N-6,227,293.000,298.000,20516,300,82,0.585714,16.400000,19.799623,15.667999,0.329994,0.642893,1.210697,2.957247,0.000259,10.847099,16697,1.210697,6.10734224319458,17,0.207317,0.08852480,0.08852479,0.00000009,0.08852480,0.08852480,0.00000000,1.718025,1.734500,-0.009589,0.079019,0.078793,0.002862,0.853964,0.854978,0.001014,0.02387248,1.56977045,0.994122
xamn6,XAM-N-6,228,294.000,299.000,20263,300,82,0.585714,16.400000,20.239864,15.337877,0.337331,0.697323,1.323178,2.816039,0.041831,10.857468,16638,1.323178,5.853499889373779,19,0.231707,0.08690313,0.08690312,0.00000009,0.08690313,0.08690310,0.00000028,1.703400,1.716429,-0.007649,0.077387,0.077181,0.002663,0.856829,0.857380,0.000551,0.02407637,1.53951935,0.996469
xamn6,XAM-N-6,229,295.000,300.000,19984,300,81,0.578571,16.200000,20.725935,15.125895,0.345432,0.725442,1.415090,2.652781,0.184175,10.830289,16514,1.415090,5.525435924530029,20,0.246914,0.08510565,0.08510565,0.00000000,0.08510565,0.08510442,0.00001446,1.676491,1.691003,-0.008656,0.075337,0.075391,-0.000716,0.860180,0.859982,-0.000197,0.02441199,1.52915855,0.997838
xamn6,XAM-N-6,230,296.000,301.000,19722,300,80,0.571429,16.000000,21.225981,15.062273,0.353766,0.719336,1.408999,2.522439,0.184163,10.731380,16355,1.408999,5.217545032501221,20,0.250000,0.08290054,0.08290055,-0.00000010,0.08290054,0.08289792,0.00003161,1.644509,1.667072,-0.013721,0.072397,0.072827,-0.005938,0.864531,0.864046,-0.000485,0.02389790,1.55437504,0.998950
xamn6,XAM-N-6,231,297.000,302.000,19436,300,77,0.550000,15.400000,21.573891,15.014430,0.359565,0.707172,1.384109,2.469671,0.184163,10.851274,16164,1.384109,4.917494773864746,18,0.233766,0.08036416,0.08036416,0.00000010,0.08036416,0.08036154,0.00003261,1.613964,1.639844,-0.016035,0.069053,0.069619,-0.008200,0.871016,0.870375,-0.000641,0.02436954,1.57558844,0.999676
xamn6,XAM-N-6,232,298.000,303.000,19146,300,77,0.550000,15.400000,21.846775,15.105782,0.364113,0.693476,1.377532,2.413229,0.184163,11.229377,16031,1.377532,4.750405311584473,12,0.155844,0.07816960,0.07816960,0.00000000,0.07816960,0.07816698,0.00003343,1.613235,1.643529,-0.018778,0.071064,0.071735,-0.009441,0.865859,0.865272,-0.000587,0.02533843,1.59458777,0.999765
xamn6,XAM-N-6,233,299.000,304.000,18923,300,78,0.557143,15.600000,22.176723,15.224288,0.369612,0.695294,1.412843,2.375432,0.168645,11.535192,15895,1.412843,4.661034107208252,14,0.179487,0.07657999,0.07657999,0.00000000,0.07657999,0.07657739,0.00003391,1.606881,1.641759,-0.021705,0.072428,0.073348,-0.012697,0.862032,0.861332,-0.000700,0.02707542,1.61746600,1.000000
xamn6,XAM-N-6,234,300.000,305.000,18528,300,75,0.535714,15.000000,22.155035,15.205357,0.369251,0.643860,1.303197,2.429838,0.135494,12.021605,15515,1.303197,4.510011196136475,23,0.306667,0.07401943,0.07401943,0.00000000,0.07401943,0.07401805,0.00001868,1.561421,1.603951,-0.027238,0.067732,0.068907,-0.017351,0.869927,0.869015,-0.000912,0.02599389,1.61161254,1.000000
xamn6,XAM-N-6,235,301.000,306.000,18129,300,74,0.528571,14.800000,21.982185,15.064862,0.366370,0.687472,1.407957,2.446367,0.135494,12.354613,15116,1.407957,4.415781021118164,23,0.310811,0.07165825,0.07165825,0.00000000,0.07165825,0.07165825,0.00000000,1.544707,1.590546,-0.029674,0.066029,0.067173,-0.017330,0.873974,0.873207,-0.000767,0.02471121,1.60457061,1.000000
xamn6,XAM-N-6,236,302.000,307.000,17914,300,75,0.535714,15.000000,21.712685,14.809647,0.361878,0.649927,1.264757,2.444135,0.073026,12.446820,14901,1.264757,4.4178667068481445,23,0.306667,0.07011406,0.07011405,0.00000011,0.07011406,0.07011406,0.00000000,1.535447,1.584571,-0.031993,0.066791,0.067851,-0.015876,0.870920,0.870723,-0.000196,0.02397281,1.61189972,1.000000
xamn6,XAM-N-6,237,303.000,308.000,17846,300,75,0.535714,15.000000,21.549662,14.444715,0.359161,0.679261,1.349410,2.474025,0.052938,12.661712,14833,1.349410,4.427417278289795,22,0.293333,0.06911124,0.06911123,0.00000012,0.06911124,0.06911124,0.00000000,1.524095,1.572565,-0.031803,0.065843,0.066696,-0.012956,0.872926,0.873207,0.000282,0.02286168,1.62694017,1.000000
xamn6,XAM-N-6,238,304.000,309.000,17825,300,75,0.535714,15.000000,21.244837,13.840349,0.354081,0.729361,1.473694,2.455820,0.052938,12.813250,14825,1.473694,4.399205684661865,26,0.346667,0.06820709,0.06820708,0.00000012,0.06820709,0.06820709,0.00000000,1.522805,1.576886,-0.035514,0.064157,0.064803,-0.010063,0.877401,0.878151,0.000750,0.02265097,1.62453484,1.000000
xamn6,XAM-N-6,239,305.000,310.000,17914,300,74,0.528571,14.800000,20.965227,13.203473,0.349420,0.755475,1.490174,2.357793,0.052938,12.325862,14914,1.490174,4.270624160766602,21,0.283784,0.06809915,0.06809915,0.00000000,0.06809915,0.06809915,0.00000000,1.545272,1.597187,-0.033596,0.066596,0.066968,-0.005594,0.873708,0.874838,0.001131,0.02339863,1.62896524,1.000000
xamn6,XAM-N-6,240,306.000,311.000,17981,300,72,0.514286,14.400000,20.683550,12.646927,0.344726,0.745665,1.452157,2.310996,0.052938,12.041993,14977,1.452157,4.168366432189941,22,0.305556,0.06822474,0.06822474,0.00000000,0.06822474,0.06822474,0.00000000,1.547522,1.594906,-0.030619,0.066646,0.066941,-0.004421,0.873891,0.874992,0.001101,0.02350200,1.60637457,1.000000
xamn6,XAM-N-6,241,307.000,312.000,18044,300,74,0.528571,14.800000,20.559235,12.331914,0.342654,0.764317,1.515062,2.248252,0.052938,11.789042,15040,1.515062,4.19820499420166,21,0.283784,0.06850186,0.06850186,0.00000000,0.06850186,0.06850186,0.00000000,1.512137,1.557194,-0.029797,0.061819,0.062184,-0.005904,0.883433,0.884187,0.000754,0.02201210,1.59197862,1.000000
xamn6,XAM-N-6,242,308.000,313.000,18071,300,73,0.521429,14.600000,20.432009,12.194396,0.340533,0.766179,1.503185,2.163470,0.109676,11.273587,15067,1.503185,4.082895278930664,23,0.315068,0.06869983,0.06869984,-0.00000012,0.06869983,0.06869983,0.00000000,1.526424,1.570583,-0.028930,0.063857,0.064393,-0.008392,0.877967,0.878363,0.000396,0.02218382,1.56769298,1.000000
xamn6,XAM-N-6,243,309.000,314.000,18153,300,76,0.542857,15.200000,20.428856,12.342122,0.340481,0.701261,1.336428,2.121314,0.043816,10.741199,15149,1.336428,4.17287540435791,16,0.210526,0.06919603,0.06919603,0.00000000,0.06919603,0.06919603,0.00000000,1.514075,1.553407,-0.025978,0.062286,0.062925,-0.010260,0.881782,0.881848,0.000065,0.02260193,1.56465118,1.000000
xamn6,XAM-N-6,244,310.000,315.000,18327,300,73,0.521429,14.600000,20.627962,12.807675,0.343799,0.692010,1.343105,2.137875,0.043816,10.758106,15323,1.343105,4.088944435119629,14,0.191781,0.07006854,0.07006854,0.00000000,0.07006854,0.07006854,0.00000000,1.495116,1.533912,-0.025948,0.060166,0.060962,-0.013222,0.885044,0.884965,-0.000079,0.02320954,1.55370631,1.000000
xamn6,XAM-N-6,245,311.000,316.000,18670,300,76,0.542857,15.200000,21.086573,13.484854,0.351443,0.737712,1.493044,2.144108,0.043816,10.858479,15670,1.493044,4.229978084564209,13,0.171053,0.07153740,0.07153741,-0.00000011,0.07153740,0.07153740,0.00000000,1.500107,1.540653,-0.027029,0.061355,0.062341,-0.016070,0.881569,0.881274,-0.000294,0.02528049,1.57000435,1.000000
xamn6,XAM-N-6,246,312.000,317.000,19006,300,76,0.542857,15.200000,21.483330,14.119577,0.358055,0.748036,1.528278,2.147623,0.043816,10.946024,16006,1.528278,4.253872871398926,18,0.236842,0.07297118,0.07297118,0.00000000,0.07297118,0.07297118,0.00000000,1.529833,1.568663,-0.025382,0.065015,0.065720,-0.010845,0.875124,0.875182,0.000058,0.02705484,1.57962355,1.000000
xamn6,XAM-N-6,247,313.000,318.000,19227,300,77,0.550000,15.400000,21.698988,14.634345,0.361650,0.766396,1.625816,2.175720,0.043816,10.951450,16227,1.625816,4.341263771057129,16,0.207792,0.07391264,0.07391264,0.00000000,0.07391264,0.07391264,0.00000000,1.501950,1.537629,-0.023755,0.061226,0.061891,-0.010854,0.883382,0.883281,-0.000102,0.02711892,1.58373152,1.000000
xamn6,XAM-N-6,248,314.000,319.000,19253,300,77,0.550000,15.400000,21.690170,15.004390,0.361503,0.760708,1.624456,2.211997,0.098933,10.874067,16253,1.624456,4.3823628425598145,20,0.259740,0.07391612,0.07391612,0.00000000,0.07391612,0.07391612,0.00000000,1.506830,1.544331,-0.024887,0.062864,0.063776,-0.014501,0.878353,0.877975,-0.000378,0.02736145,1.57224744,1.000000
xamn6,XAM-N-6,249,315.000,320.000,19201,300,79,0.564286,15.800000,21.502047,15.249949,0.358367,0.773158,1.660703,2.297839,0.346670,10.943264,16201,1.660703,4.570610523223877,20,0.253165,0.07387777,0.07387777,0.00000000,0.07387777,0.07387777,0.00000000,1.516327,1.558565,-0.027855,0.063741,0.064612,-0.013664,0.877600,0.877567,-0.000033,0.02713642,1.57090919,0.999859
xamn6,XAM-N-6,250,316.000,321.000,19141,300,77,0.550000,15.400000,21.141527,15.397290,0.352359,0.734530,1.546259,2.391195,0.346670,11.046237,16139,1.546259,4.639071464538574,19,0.246753,0.07423692,0.07423692,0.00000011,0.07423692,0.07423692,0.00000000,1.509848,1.559950,-0.033183,0.062548,0.063232,-0.010937,0.880453,0.880968,0.000515,0.02709799,1.54961102,0.999600
xamn6,XAM-N-6,251,317.000,322.000,18924,300,78,0.557143,15.600000,20.844406,15.391967,0.347407,0.769990,1.600744,2.472777,0.079380,11.160189,15922,1.600744,4.784267902374268,15,0.192308,0.07397977,0.07397976,0.00000011,0.07397977,0.07397977,0.00000000,1.511837,1.568590,-0.037539,0.063482,0.064295,-0.012801,0.877946,0.878685,0.000739,0.02575864,1.51347346,0.999596
xamn6,XAM-N-6,252,318.000,323.000,18631,300,76,0.542857,15.200000,20.679480,15.339141,0.344658,0.747310,1.446497,2.563941,0.017174,11.500170,15629,1.446497,4.797110080718994,19,0.250000,0.07334987,0.07334987,0.00000011,0.07334987,0.07334987,0.00000000,1.533519,1.595674,-0.040531,0.066300,0.066933,-0.009551,0.872468,0.873862,0.001395,0.02505678,1.48182419,0.999589
xamn6,XAM-N-6,253,319.000,324.000,18337,300,73,0.521429,14.600000,20.657417,15.161563,0.344290,0.736714,1.378618,2.645062,0.017174,12.001314,15335,1.378618,4.751668453216553,14,0.191781,0.07283248,0.07283248,0.00000000,0.07283248,0.07283248,0.00000000,1.541310,1.600916,-0.038672,0.065970,0.066286,-0.004797,0.873993,0.875793,0.001800,0.02378170,1.44215482,0.999583
xamn6,XAM-N-6,254,320.000,325.000,17951,300,74,0.528571,14.800000,20.947388,14.949725,0.349123,0.723736,1.283137,2.645290,0.017174,12.425508,14949,1.283137,4.734837055206299,11,0.148649,0.07196975,0.07196975,0.00000000,0.07196975,0.07196975,0.00000000,1.540527,1.596624,-0.036414,0.065492,0.065857,-0.005576,0.875111,0.876495,0.001385,0.02456055,1.40363837,0.999724
xamn6,XAM-N-6,255,321.000,326.000,17637,300,75,0.535714,15.000000,21.527460,14.657117,0.358791,0.732541,1.306946,2.599284,0.017174,12.831362,14637,1.306946,4.647542953491211,10,0.133333,0.07124578,0.07124577,0.00000011,0.07124578,0.07124578,0.00000000,1.547315,1.594262,-0.030341,0.066320,0.066703,-0.005778,0.873983,0.875087,0.001104,0.02231283,1.36797030,1.000000
xamn6,XAM-N-6,256,322.000,327.000,17259,300,75,0.535714,15.000000,22.087294,14.416649,0.368122,0.704068,1.186881,2.520292,0.000001,13.033940,14257,1.186881,4.476848602294922,9,0.120000,0.07027498,0.07027498,0.00000000,0.07027498,0.07027498,0.00000000,1.541457,1.584970,-0.028229,0.066153,0.066750,-0.009014,0.873556,0.874097,0.000541,0.02169064,1.33611975,1.000000
xamn6,XAM-N-6,257,323.000,328.000,17000,300,72,0.514286,14.400000,22.840746,14.259245,0.380679,0.691887,1.176901,2.423030,0.000001,13.069146,13984,1.176901,4.1727471351623535,7,0.097222,0.06987234,0.06987234,0.00000000,0.06987234,0.06987234,0.00000000,1.515353,1.558412,-0.028415,0.062103,0.063097,-0.016010,0.881731,0.881496,-0.000235,0.02098259,1.32051779,1.000000
xamn6,XAM-N-6,258,324.000,329.000,16781,300,73,0.521429,14.600000,23.739080,14.168355,0.395651,0.694138,1.201350,2.337347,0.000001,13.274550,13705,1.201350,4.0352044105529785,9,0.123288,0.06969894,0.06969894,0.00000000,0.06969894,0.06969894,0.00000000,1.508134,1.555926,-0.031690,0.061669,0.062572,-0.014639,0.883095,0.883013,-0.000081,0.02186601,1.31441812,1.000000
xamn6,XAM-N-6,259,325.000,330.000,16884,300,75,0.535714,15.000000,24.725100,14.171268,0.412085,0.717287,1.297273,2.263328,0.000001,13.590970,13748,1.297273,3.9783406257629395,9,0.120000,0.07048778,0.07048778,-0.00000011,0.07048778,0.07048778,0.00000000,1.549455,1.596304,-0.030236,0.067931,0.068535,-0.008879,0.869587,0.869955,0.000368,0.02370131,1.33497572,1.000000
xamn6,XAM-N-6,260,326.000,331.000,16865,300,73,0.521429,14.600000,25.643646,14.186357,0.427394,0.679515,1.217896,2.159851,0.000001,13.413135,13669,1.217896,3.7138290405273438,11,0.150685,0.07065010,0.07065011,-0.00000011,0.07065010,0.07065010,0.00000000,1.544026,1.595849,-0.033564,0.066646,0.067244,-0.008976,0.872147,0.872545,0.000398,0.02452368,1.36167112,1.000000
xamn6,XAM-N-6,261,327.000,332.000,16871,300,72,0.514286,14.400000,26.385151,14.198809,0.439753,0.623397,1.058724,2.119614,0.003139,13.104220,13614,1.058724,3.5724682807922363,10,0.138889,0.07078079,0.07078079,-0.00000011,0.07078079,0.07078079,0.00000000,1.528540,1.584494,-0.036606,0.063262,0.063815,-0.008745,0.880023,0.880428,0.000405,0.02464984,1.38566402,1.000000
xamn6,XAM-N-6,262,328.000,333.000,17033,300,72,0.514286,14.400000,26.932125,14.148323,0.448869,0.604651,1.001028,2.060442,0.267293,12.873931,13730,1.001028,3.4784045219421387,7,0.097222,0.07125086,0.07125086,-0.00000011,0.07125086,0.07125086,0.00000000,1.543240,1.605237,-0.040173,0.065527,0.066031,-0.007690,0.875571,0.876084,0.000513,0.02380036,1.40544633,1.000000
xamn6,XAM-N-6,263,329.000,334.000,17104,300,72,0.514286,14.400000,27.461697,14.121775,0.457695,0.621726,1.086485,1.988833,0.024699,12.442884,13844,1.086485,3.345618486404419,6,0.083333,0.07101106,0.07101107,-0.00000011,0.07101106,0.07101106,0.00000000,1.562032,1.621901,-0.038328,0.068295,0.068775,-0.007024,0.869856,0.870424,0.000568,0.02412215,1.44456743,1.000000
xamn6,XAM-N-6,264,330.000,335.000,17099,300,73,0.521429,14.600000,27.895151,14.033182,0.464919,0.619090,1.106617,1.946385,0.000016,12.122141,13876,1.106617,3.281083583831787,7,0.095890,0.07046197,0.07046197,0.00000000,0.07046197,0.07046197,0.00000000,1.536757,1.597696,-0.039655,0.064862,0.065686,-0.012697,0.876660,0.876669,0.000008,0.02310294,1.47617425,1.000000
xamn6,XAM-N-6,265,331.000,336.000,17009,300,72,0.514286,14.400000,27.941401,13.797410,0.465690,0.644345,1.172517,1.929840,0.000016,12.128707,13846,1.172517,3.1807849407196045,6,0.083333,0.06942035,0.06942035,0.00000000,0.06942035,0.06942033,0.00000023,1.548533,1.604797,-0.036334,0.065872,0.066935,-0.016141,0.874446,0.874027,-0.000419,0.02058925,1.48583370,1.000000
xamn6,XAM-N-6,266,332.000,337.000,16930,300,69,0.492857,13.800000,28.187357,13.555509,0.469789,0.684610,1.325758,1.883204,0.000016,12.393717,13830,1.325758,2.955704689025879,8,0.115942,0.06848782,0.06848782,0.00000000,0.06848782,0.06848722,0.00000875,1.584111,1.632369,-0.030463,0.069407,0.070405,-0.014385,0.868455,0.867986,-0.000469,0.01957061,1.50557935,1.000000
xamn6,XAM-N-6,267,333.000,338.000,16775,300,73,0.521429,14.600000,28.409376,13.206527,0.473490,0.670595,1.331766,1.908937,0.000016,13.042014,13735,1.331766,3.084780693054199,8,0.109589,0.06746156,0.06746155,0.00000012,0.06746156,0.06746018,0.00002037,1.602325,1.639165,-0.022992,0.070934,0.071709,-0.010921,0.866529,0.866277,-0.000251,0.01832270,1.51582964,1.000000
xamn6,XAM-N-6,268,334.000,339.000,16503,300,71,0.507143,14.200000,28.484995,12.932748,0.474750,0.653945,1.304418,1.944376,0.000016,13.468398,13480,1.304418,2.9956583976745605,8,0.112676,0.06629439,0.06629440,-0.00000006,0.06629439,0.06629302,0.00002073,1.599891,1.632249,-0.020225,0.070538,0.071297,-0.010767,0.867320,0.866964,-0.000356,0.01738346,1.51497331,1.000000
xamn6,XAM-N-6,269,335.000,340.000,16153,300,73,0.521429,14.600000,28.272522,12.712660,0.471209,0.651047,1.290004,1.972561,0.099686,13.667984,13198,1.290004,3.068606376647949,8,0.109589,0.06481964,0.06481964,-0.00000006,0.06481964,0.06481826,0.00002120,1.602551,1.630904,-0.017693,0.070556,0.071150,-0.008426,0.867643,0.867384,-0.000259,0.01667939,1.47981860,1.000000
xamn6,XAM-N-6,270,336.000,341.000,15658,300,69,0.492857,13.800000,28.037348,12.617884,0.467289,0.641611,1.268267,2.033517,0.086528,13.880236,12763,1.268267,2.9278554916381836,8,0.115942,0.06291717,0.06291718,-0.00000013,0.06291717,0.06291582,0.00002146,1.590752,1.623196,-0.020395,0.070044,0.070543,-0.007114,0.868689,0.868659,-0.000030,0.01622770,1.44813214,1.000000
xamn6,XAM-N-6,271,337.000,342.000,15191,300,69,0.492857,13.800000,27.605679,12.461648,0.460095,0.644207,1.271555,2.119100,0.086528,14.111832,12294,1.271555,2.992811679840088,6,0.086957,0.06113621,0.06113621,0.00000000,0.06113621,0.06113543,0.00001268,1.573629,1.614838,-0.026187,0.069926,0.070574,-0.009271,0.867307,0.867231,-0.000076,0.01532913,1.40692320,1.000000
xamn6,XAM-N-6,272,338.000,343.000,14733,300,67,0.478571,13.400000,27.133537,12.366912,0.452226,0.690922,1.382837,2.136305,0.086528,13.867015,11800,1.382837,2.909470558166504,8,0.119403,0.05943073,0.05943073,0.00000000,0.05943073,0.05943073,0.00000000,1.554809,1.599606,-0.028812,0.067755,0.068515,-0.011224,0.870731,0.870469,-0.000262,0.01482955,1.36093225,1.000000
xamn6,XAM-N-6,273,339.000,344.000,14462,300,65,0.464286,13.000000,26.762922,12.211543,0.446049,0.772433,1.582484,2.089640,0.019232,13.612872,11487,1.582484,2.773235321044922,11,0.169231,0.05843750,0.05843749,0.00000014,0.05843750,0.05843750,0.00000000,1.573710,1.620799,-0.029922,0.070018,0.070789,-0.011014,0.866122,0.865990,-0.000132,0.01383131,1.31242466,1.000000
xamn6,XAM-N-6,274,340.000,345.000,14116,300,61,0.435714,12.200000,26.446276,12.096564,0.440771,0.793256,1.589910,2.044819,0.003493,13.409528,11092,1.589910,2.545384407043457,13,0.213115,0.05716338,0.05716338,0.00000000,0.05716338,0.05716338,0.00000000,1.565316,1.609663,-0.028331,0.068284,0.068969,-0.010024,0.870099,0.870066,-0.000033,0.01546409,1.27497069,1.000000
xamn6,XAM-N-6,275,341.000,346.000,14011,300,60,0.428571,12.000000,26.344105,12.012023,0.439068,0.825710,1.638729,2.024926,0.003493,13.513661,10911,1.638729,2.4806931018829346,13,0.216667,0.05684414,0.05684414,0.00000007,0.05684414,0.05684414,0.00000000,1.589822,1.628007,-0.024018,0.071361,0.072039,-0.009507,0.863871,0.863659,-0.000212,0.01593253,1.24519676,1.000000
xamn6,XAM-N-6,276,342.000,347.000,13963,300,61,0.435714,12.200000,26.499701,12.098376,0.441662,0.816510,1.552359,2.029847,0.003493,14.197859,10865,1.552359,2.51686429977417,13,0.213115,0.05696357,0.05696357,0.00000007,0.05696357,0.05696357,0.00000000,1.576953,1.607391,-0.019302,0.069294,0.069724,-0.006216,0.868327,0.868429,0.000101,0.01689502,1.24491198,1.000000
xamn6,XAM-N-6,277,343.000,348.000,13894,300,60,0.428571,12.000000,26.760605,12.316533,0.446010,0.852864,1.573017,2.008885,0.003493,14.429086,10809,1.573017,2.4316635131835938,14,0.233333,0.05694444,0.05694444,0.00000000,0.05694444,0.05694444,0.00000000,1.592990,1.624226,-0.019609,0.071646,0.072036,-0.005446,0.863480,0.863684,0.000204,0.01633451,1.24159639,1.000000
xamn6,XAM-N-6,278,344.000,349.000,13855,300,61,0.435714,12.200000,27.112368,12.517529,0.451873,0.809939,1.385719,2.022539,0.003493,14.818569,10757,1.385719,2.4615683555603027,16,0.262295,0.05707777,0.05707777,0.00000000,0.05707777,0.05707777,0.00000000,1.550198,1.580512,-0.019555,0.066493,0.067028,-0.008047,0.873644,0.873528,-0.000116,0.01441843,1.23356832,1.000000
xamn6,XAM-N-6,279,345.000,350.000,14027,300,62,0.442857,12.400000,28.036234,12.739613,0.467271,0.822881,1.411195,2.010015,0.003628,15.176072,10933,1.411195,2.4239015579223633,19,0.306452,0.05747116,0.05747116,0.00000000,0.05747116,0.05746635,0.00008370,1.556427,1.588080,-0.020337,0.068377,0.068937,-0.008196,0.869071,0.869015,-0.000056,0.01565493,1.26634862,1.000000
xamn6,XAM-N-6,280,346.000,351.000,14200,300,64,0.457143,12.800000,29.111712,12.940595,0.485195,0.805824,1.373657,1.971658,0.008937,15.372485,11122,1.373657,2.376500129699707,18,0.281250,0.05765253,0.05765254,-0.00000014,0.05765253,0.05764772,0.00008344,1.520352,1.554718,-0.022604,0.064080,0.064532,-0.007050,0.877233,0.877264,0.000031,0.01722598,1.31144804,1.000000
xamn6,XAM-N-6,281,347.000,352.000,14516,300,66,0.471429,13.200000,30.040287,12.933807,0.500671,0.817930,1.445181,1.914381,0.008937,15.101098,11438,1.445181,2.3365907669067383,22,0.333333,0.05826807,0.05826807,0.00000000,0.05826807,0.05826326,0.00008255,1.530242,1.564687,-0.022509,0.065250,0.065784,-0.008185,0.874963,0.874886,-0.000076,0.01726428,1.34248909,1.000000
xamn6,XAM-N-6,282,348.000,353.000,14822,300,65,0.464286,13.000000,31.037613,12.854597,0.517294,0.775087,1.387090,1.902536,0.035692,15.434278,11767,1.387090,2.226760149002075,24,0.369231,0.05897774,0.05897774,-0.00000007,0.05897774,0.05897293,0.00008156,1.513156,1.545338,-0.021268,0.062818,0.063307,-0.007782,0.879812,0.879765,-0.000046,0.01776203,1.39744940,1.000000
xamn6,XAM-N-6,283,349.000,354.000,14947,300,64,0.457143,12.800000,31.801937,12.845424,0.530032,0.771882,1.390933,1.890871,0.134248,15.484043,11947,1.390933,2.1121716499328613,21,0.328125,0.05902765,0.05902766,-0.00000007,0.05902765,0.05902284,0.00008149,1.518365,1.550947,-0.021458,0.063436,0.063826,-0.006157,0.878671,0.878720,0.000049,0.01560365,1.45733367,1.000000
xamn6,XAM-N-6,284,350.000,355.000,14852,300,64,0.457143,12.800000,31.913809,12.763858,0.531897,0.745714,1.346823,1.880005,0.000103,15.203820,11850,1.346823,2.076406240463257,16,0.250000,0.05863765,0.05863765,0.00000000,0.05863765,0.05863765,0.00000000,1.531713,1.563022,-0.020440,0.063664,0.063983,-0.005007,0.879582,0.879663,0.000081,0.01549436,1.46249307,1.000000
xamn6,XAM-N-6,285,351.000,356.000,14728,300,63,0.450000,12.600000,31.896442,12.773224,0.531607,0.758303,1.373731,1.890069,0.000103,15.059998,11720,1.373731,2.0351901054382324,18,0.285714,0.05824774,0.05824774,-0.00000007,0.05824774,0.05824774,0.00000000,1.548479,1.577743,-0.018899,0.065232,0.065464,-0.003559,0.876869,0.877160,0.000290,0.01395817,1.48065726,1.000000
xamn6,XAM-N-6,286,352.000,357.000,14324,300,61,0.435714,12.200000,31.587736,12.788513,0.526462,0.800196,1.405660,1.937597,0.000103,14.926723,11338,1.405660,1.971383810043335,16,0.262295,0.05653308,0.05653308,-0.00000007,0.05653308,0.05653308,0.00000000,1.565205,1.591734,-0.016949,0.066600,0.066701,-0.001515,0.874863,0.875283,0.000420,0.01423349,1.47452265,1.000000
xamn6,XAM-N-6,287,353.000,358.000,13949,300,63,0.450000,12.600000,31.102955,12.688932,0.518383,0.864974,1.544562,1.939535,0.000103,14.728499,11023,1.544562,2.0311243534088135,22,0.349206,0.05487108,0.05487108,0.00000000,0.05487108,0.05487108,0.00000000,1.583483,1.609076,-0.016163,0.069176,0.069268,-0.001323,0.870273,0.870698,0.000425,0.01561553,1.45607076,1.000000
xamn6,XAM-N-6,288,354.000,359.000,13681,300,63,0.450000,12.600000,30.802654,12.490026,0.513378,0.929521,1.715862,1.994988,0.000103,15.369517,10815,1.715862,2.069772243499756,22,0.349206,0.05357840,0.05357840,0.00000000,0.05357840,0.05357840,0.00000000,1.581902,1.605146,-0.014694,0.068799,0.068892,-0.001350,0.871308,0.871760,0.000452,0.01576504,1.46277269,1.000000
xamn6,XAM-N-6,289,355.000,360.000,13411,300,62,0.442857,12.400000,30.486536,12.437305,0.508109,1.005986,1.792428,2.055806,0.000026,16.114620,10574,1.792428,2.071763515472412,33,0.532258,0.05216217,0.05216217,0.00000015,0.05216217,0.05216213,0.00000092,1.594885,1.621207,-0.016504,0.069949,0.070163,-0.003052,0.869018,0.869376,0.000358,0.01571537,1.46120906,1.000000
xamn6,XAM-N-6,290,356.000,361.000,13078,300,57,0.407143,11.400000,30.117353,12.415901,0.501956,1.075411,1.858954,2.088782,0.000026,16.455585,10253,1.858954,1.8821314573287964,37,0.649123,0.05053525,0.05053525,0.00000000,0.05053525,0.05053496,0.00000561,1.602844,1.629683,-0.016745,0.069544,0.069903,-0.005164,0.870904,0.870996,0.000091,0.01492462,1.43125255,1.000000
xamn6,XAM-N-6,291,357.000,362.000,12639,300,55,0.392857,11.000000,30.157148,12.466894,0.502619,1.056076,1.829306,2.085081,0.000026,16.897148,9792,1.829306,1.7280713319778442,38,0.690909,0.04870800,0.04870800,0.00000000,0.04870800,0.04870771,0.00000591,1.604636,1.633911,-0.018244,0.068941,0.069533,-0.008587,0.872321,0.871957,-0.000364,0.01445115,1.43541074,1.000000
xamn6,XAM-N-6,292,358.000,363.000,12007,300,51,0.364286,10.200000,29.945801,12.763033,0.499097,1.003120,1.706735,2.094771,0.000026,16.935774,9100,1.706735,1.502483606338501,27,0.529412,0.04610656,0.04610656,0.00000000,0.04610656,0.04610627,0.00000624,1.623969,1.651037,-0.016668,0.069691,0.070395,-0.010106,0.871386,0.870745,-0.000641,0.01315472,1.41604936,1.000000
xamn6,XAM-N-6,293,359.000,364.000,11260,300,46,0.328571,9.200000,29.484486,13.293402,0.491408,0.954779,1.549948,2.037551,0.000026,16.026484,8293,1.549948,1.1684428453445435,26,0.565217,0.04307750,0.04307750,-0.00000009,0.04307750,0.04307722,0.00000658,1.649201,1.677176,-0.016963,0.070993,0.071871,-0.012372,0.869609,0.868712,-0.000896,0.01264946,1.35818377,1.000000
xamn6,XAM-N-6,294,360.000,365.000,10488,300,43,0.307143,8.600000,29.022945,13.855545,0.483716,0.891400,1.448302,2.016364,0.238037,15.441311,7523,1.448302,0.9587607383728027,19,0.441860,0.04020170,0.04020171,-0.00000010,0.04020170,0.04020138,0.00000795,1.632056,1.660660,-0.017526,0.067631,0.068776,-0.016931,0.876716,0.875235,-0.001481,0.01229755,1.31810458,1.000000
xamn6,XAM-N-6,295,361.000,366.000,9574,300,39,0.278571,7.800000,28.035881,14.362793,0.467265,0.776355,1.219683,2.008598,0.332494,14.729308,6696,1.219683,0.7475405931472778,12,0.307692,0.03675560,0.03675559,0.00000011,0.03675560,0.03675539,0.00000554,1.661583,1.687696,-0.015715,0.070926,0.072289,-0.019215,0.870117,0.868250,-0.001868,0.01190113,1.25868879,1.000000
xamn6,XAM-N-6,296,362.000,367.000,8732,300,36,0.257143,7.200000,26.328346,14.858778,0.438806,0.768650,1.278701,1.990900,0.000005,13.361296,5999,1.278701,0.6323994398117065,8,0.222222,0.03350478,0.03350477,0.00000018,0.03350478,0.03350458,0.00000608,1.668461,1.695144,-0.015993,0.071112,0.072298,-0.016685,0.870860,0.869378,-0.001481,0.01178829,1.14966277,0.997733
xamn6,XAM-N-6,297,363.000,368.000,7950,300,33,0.235714,6.600000,24.205305,15.283295,0.403422,0.788044,1.412977,2.168388,0.000005,12.139578,5395,1.412977,0.7782602310180664,10,0.303030,0.03051416,0.03051416,0.00000007,0.03051416,0.03051396,0.00000668,1.651950,1.669434,-0.010584,0.068462,0.069717,-0.018333,0.876997,0.874233,-0.002764,0.01202349,1.05711384,0.995019
xamn6,XAM-N-6,298,364.000,369.000,7296,300,31,0.221429,6.200000,21.759785,15.279255,0.362663,0.837609,1.635379,2.516274,0.000005,10.774450,4928,1.635379,1.1971514225006104,12,0.387097,0.02799818,0.02799818,0.00000007,0.02799818,0.02799798,0.00000728,1.713130,1.708745,0.002560,0.075369,0.076419,-0.013921,0.864917,0.860375,-0.004543,0.01233456,0.98386828,0.989453
xamn6,XAM-N-6,299,365.000,370.000,6635,300,29,0.207143,5.800000,18.709305,14.813375,0.311822,0.796863,1.643762,2.915689,0.000005,8.598553,4540,1.643762,1.7225950956344604,7,0.241379,0.02544520,0.02544520,0.00000008,0.02544520,0.02544508,0.00000463,1.719518,1.688169,0.018231,0.077099,0.078424,-0.017191,0.861189,0.853684,-0.007505,0.01184234,0.90146201,0.980060
xamn6,XAM-N-6,300,366.000,371.000,6052,300,24,0.171429,4.800000,15.668947,13.913126,0.261149,0.787158,1.691639,3.400520,0.000005,6.977307,4262,1.691639,2.236052989959717,7,0.291667,0.02321921,0.02321920,0.00000017,0.02321921,0.02321921,0.00000000,1.712822,1.663087,0.029037,0.075196,0.078064,-0.038133,0.866267,0.853159,-0.013108,0.01174537,0.83979270,0.968399
xamn6,XAM-N-6,301,367.000,372.000,5567,300,22,0.157143,4.400000,12.852970,12.619590,0.214216,0.694772,1.520044,3.922819,0.154884,5.742028,4005,1.520044,2.9051527976989746,7,0.318182,0.02139449,0.02139449,0.00000019,0.02139449,0.02139449,0.00000000,1.744387,1.679001,0.037483,0.078315,0.083656,-0.068194,0.860307,0.840374,-0.019932,0.01088538,0.83001978,0.967586
xamn6,XAM-N-6,302,368.000,373.000,5140,300,21,0.150000,4.200000,10.525152,10.945140,0.175419,0.631135,1.330118,4.269005,0.154884,4.939330,3735,1.330118,3.386028528213501,4,0.190476,0.01980426,0.01980426,0.00000030,0.01980426,0.01980426,0.00000000,1.789300,1.749611,0.022181,0.083812,0.092361,-0.102002,0.848745,0.823315,-0.025430,0.01016382,0.81287639,0.963842
xamn6,XAM-N-6,303,369.000,374.000,4720,300,21,0.150000,4.200000,8.195979,7.921713,0.136600,0.473946,0.633124,4.310280,0.483682,4.503122,3478,0.633124,3.568873882293701,0,0.000000,0.01823139,0.01823138,0.00000022,0.01823139,0.01823139,0.00000000,1.748517,1.749153,-0.000364,0.077797,0.089545,-0.151008,0.860886,0.831804,-0.029083,0.00997794,0.75118730,0.962341
xamn6,XAM-N-6,304,370.000,375.000,4422,300,17,0.121429,3.400000,6.946070,5.216623,0.115768,0.460566,0.604552,4.166287,0.653796,4.310452,3243,0.604552,3.31594181060791,0,0.000000,0.01713309,0.01713309,0.00000012,0.01713309,0.01713309,0.00000000,1.721393,1.768431,-0.027325,0.074287,0.088972,-0.197668,0.869210,0.837272,-0.031938,0.00947765,0.68657828,0.966927
xamn6,XAM-N-6,305,371.000,376.000,4138,300,16,0.114286,3.200000,6.804608,4.684968,0.113410,0.458141,0.597996,3.878613,0.653796,4.344365,2921,0.597996,2.9308979511260986,0,0.000000,0.01609570,0.01609570,0.00000000,0.01609570,0.01609570,0.00000000,1.725471,1.798695,-0.042437,0.073441,0.088451,-0.204383,0.872747,0.841918,-0.030829,0.00907061,0.65530192,0.976619
xamn6,XAM-N-6,306,372.000,377.000,3883,300,15,0.107143,3.000000,7.062519,4.505362,0.117709,0.454245,0.579852,3.650960,0.653796,4.536809,2685,0.579852,2.582821846008301,0,0.000000,0.01516436,0.01516436,0.00000000,0.01516436,0.01516436,0.00000000,1.721865,1.820242,-0.057134,0.076058,0.090875,-0.194808,0.865466,0.837267,-0.028199,0.00906616,0.58709994,0.976590
xamn6,XAM-N-6,307,373.000,378.000,3640,300,14,0.100000,2.800000,7.564403,4.334797,0.126073,0.450246,0.588885,3.320199,0.653796,4.911206,2527,0.588885,2.102078437805176,0,0.000000,0.01429087,0.01429087,0.00000000,0.01429087,0.01429087,0.00000000,1.692033,1.784615,-0.054717,0.074605,0.086833,-0.163904,0.869435,0.847220,-0.022215,0.00889066,0.51844258,0.981951
xamn6,XAM-N-6,308,374.000,379.000,3377,300,14,0.100000,2.800000,8.025212,4.207196,0.133754,0.443798,0.631672,3.136593,0.653796,5.392130,2334,0.631672,1.8243956565856934,0,0.000000,0.01333916,0.01333915,0.00000030,0.01333916,0.01333916,0.00000000,1.648801,1.724015,-0.045618,0.071346,0.081255,-0.138885,0.875211,0.856122,-0.019089,0.00843560,0.47557219,0.989206
xamn6,XAM-N-6,309,375.000,380.000,3065,300,13,0.092857,2.600000,8.387805,4.011680,0.139797,0.442694,0.647119,3.043065,0.724220,5.947788,2077,0.647119,1.6075031757354736,0,0.000000,0.01217199,0.01217198,0.00000033,0.01217199,0.01217199,0.00000000,1.700163,1.751713,-0.030320,0.078104,0.084682,-0.084214,0.861200,0.848364,-0.012835,0.00858867,0.44723083,0.995889
xamn6,XAM-N-6,310,376.000,381.000,2848,300,11,0.078571,2.200000,8.555848,3.683434,0.142597,0.458805,0.676639,3.098469,1.257304,6.290945,1920,0.676639,1.5444034337997437,0,0.000000,0.01131794,0.01131793,0.00000026,0.01131794,0.01131794,0.00000000,1.704003,1.744382,-0.023697,0.081958,0.085803,-0.046902,0.851203,0.844628,-0.006575,0.00838756,0.37979908,0.998894
xamn6,XAM-N-6,311,377.000,382.000,2604,300,11,0.078571,2.200000,8.425998,3.194230,0.140433,0.479448,0.700159,2.978913,1.257304,6.538750,1704,0.700159,1.3863989114761353,0,0.000000,0.01034086,0.01034085,0.00000019,0.01034086,0.01034086,0.00000000,1.650154,1.673963,-0.014429,0.071976,0.073831,-0.025778,0.872830,0.869626,-0.003204,0.00832170,0.35536825,1.000000
xamn6,XAM-N-6,312,378.000,383.000,2344,300,10,0.071429,2.000000,8.086178,2.876850,0.134770,0.485508,0.687864,3.020870,1.338405,6.771774,1444,0.687864,1.3826245069503784,0,0.000000,0.00927857,0.00927857,0.00000000,0.00927857,0.00927857,0.00000000,1.654010,1.665529,-0.006964,0.067231,0.068413,-0.017581,0.881819,0.879461,-0.002358,0.00773586,0.34546264,1.000000
xamn6,XAM-N-6,313,379.000,384.000,2127,300,9,0.064286,1.800000,7.612089,2.721404,0.126868,0.429718,0.593896,3.141533,1.678682,6.946911,1227,0.593896,1.4832873344421387,0,0.000000,0.00837454,0.00837454,0.00000012,0.00837454,0.00837454,0.00000000,1.753644,1.762576,-0.005094,0.071176,0.072672,-0.021017,0.877098,0.875470,-0.001627,0.00703460,0.32887171,0.990903
xamn6,XAM-N-6,314,380.000,385.000,1943,300,8,0.057143,1.600000,7.102399,2.590353,0.118373,0.408806,0.572869,3.270594,1.835610,7.039746,1043,0.572869,1.6022881269454956,0,0.000000,0.00763291,0.00763291,0.00000000,0.00763291,0.00763291,0.00000000,1.863613,1.864128,-0.000276,0.073249,0.074736,-0.020301,0.878046,0.876083,-0.001963,0.00703004,0.33432311,0.976145
xamn6,XAM-N-6,315,381.000,386.000,1769,300,7,0.050000,1.400000,6.688020,2.503086,0.111467,0.370948,0.530201,3.397691,1.937665,7.190485,869,0.530201,1.7139348983764648,0,0.000000,0.00696736,0.00696736,-0.00000007,0.00696736,0.00696736,0.00000000,1.955907,1.954211,0.000867,0.075162,0.076836,-0.022269,0.879124,0.876915,-0.002210,0.00682707,0.33105829,0.968202
xamn6,XAM-N-6,316,382.000,387.000,1614,300,6,0.042857,1.200000,6.561707,2.555649,0.109362,0.349495,0.503583,3.414459,2.812558,7.302658,714,0.503583,1.680806279182434,0,0.000000,0.00634909,0.00634909,0.00000031,0.00634909,0.00634909,0.00000000,1.986369,1.973978,0.006238,0.075251,0.075348,-0.001289,0.885386,0.885368,-0.000018,0.00643334,0.30184541,0.965149
xamn6,XAM-N-6,317,383.000,388.000,1494,300,6,0.042857,1.200000,6.662322,2.564168,0.111039,0.335011,0.486754,3.401683,2.812558,7.228706,594,0.486754,1.6393331289291382,0,0.000000,0.00584186,0.00584186,0.00000017,0.00584186,0.00584186,0.00000000,2.012048,2.003347,0.004325,0.084959,0.085226,-0.003142,0.866662,0.865950,-0.000712,0.00566444,0.27796473,0.962349
xamn6,XAM-N-6,318,384.000,389.000,1369,300,6,0.042857,1.200000,6.885005,2.339457,0.114750,0.363455,0.531375,3.534239,2.812558,7.128372,474,0.531375,1.748121738433838,0,0.000000,0.00531697,0.00531697,0.00000019,0.00531697,0.00531697,0.00000000,2.032140,2.024836,0.003595,0.097783,0.097414,0.003776,0.835104,0.835970,0.000865,0.00447302,0.26459595,0.973046
xamn6,XAM-N-6,319,385.000,390.000,1216,300,5,0.035714,1.000000,7.165955,1.965419,0.119433,0.417138,0.588516,3.715713,2.858963,7.071738,381,0.588516,1.863459587097168,0,0.000000,0.00469901,0.00469901,0.00000000,0.00469901,0.00469901,0.00000000,2.024671,2.017270,0.003656,0.105619,0.104740,0.008324,0.821271,0.822845,0.001574,0.00392759,0.23957188,0.991859
xamn6,XAM-N-6,320,386.000,391.000,1042,300,5,0.035714,1.000000,7.725697,1.857882,0.128762,0.435282,0.621881,3.852042,2.858963,6.972509,267,0.621881,1.9422829151153564,0,0.000000,0.00401681,0.00401681,0.00000000,0.00401681,0.00401681,0.00000000,1.969290,1.962572,0.003411,0.111536,0.110516,0.009141,0.804402,0.806372,0.001969,0.00331395,0.27155704,1.000000
xamn6,XAM-N-6,321,387.000,392.000,846,300,4,0.028571,0.800000,8.154020,1.862515,0.135900,0.462025,0.627352,3.943670,3.624948,6.934746,186,0.627352,1.9413883686065674,0,0.000000,0.00328502,0.00328502,-0.00000023,0.00328502,0.00328502,0.00000000,1.991726,1.988180,0.001780,0.117456,0.116797,0.005612,0.787983,0.789417,0.001434,0.00288879,0.26586823,1.000000
xamn6,XAM-N-6,322,388.000,393.000,666,300,4,0.028571,0.800000,8.660692,2.014367,0.144345,0.462055,0.613376,3.947498,3.624948,6.970812,126,0.613376,1.8788425922393799,0,0.000000,0.00263276,0.00263276,0.00000000,0.00263276,0.00263276,0.00000000,1.954955,1.951952,0.001536,0.105353,0.104379,0.009245,0.815125,0.817170,0.002046,0.00286428,0.27165313,1.000000
xamn6,XAM-N-6,323,389.000,394.000,491,300,3,0.021429,0.600000,9.525436,2.139949,0.158757,0.485357,0.607215,3.912921,3.624948,7.106946,66,0.607215,1.7049692869186401,0,0.000000,0.00199815,0.00199815,-0.00000025,0.00199815,0.00199815,0.00000000,1.940937,1.938900,0.001049,0.099273,0.097904,0.013790,0.832429,0.833925,0.001496,0.00271274,0.25760510,1.000000
xamn5,XAM-N-5,0,1.000,6.000,4926,150,43,0.307143,8.600000,33.176796,11.375072,0.552947,1.353668,2.032873,2.787356,0.001010,20.353163,3370,2.032873,1.596799612045288,9,0.209302,0.04374662,0.03976169,0.09109130,0.04374662,0.04374662,0.00000000,1.508053,1.536507,-0.018868,0.060473,0.060624,-0.002502,0.886343,0.886446,0.000104,0.01788650,2.56131850,1.000000
xamn5,XAM-N-5,1,2.000,7.000,5338,150,46,0.328571,9.200000,33.543961,11.052274,0.559066,1.361740,2.086381,2.741429,0.001010,21.239883,3782,2.086381,1.6687172651290894,11,0.239130,0.04470562,0.04085306,0.08617611,0.04470562,0.04470562,0.00000000,1.505773,1.532890,-0.018009,0.060631,0.060785,-0.002542,0.885344,0.885367,0.000023,0.01946266,2.31755363,1.000000
xamn5,XAM-N-5,2,3.000,8.000,5668,150,51,0.364286,10.200000,33.472923,10.818363,0.557882,1.330663,2.068755,2.684105,0.007378,21.526535,4116,2.068755,1.8485596179962158,16,0.313725,0.04580144,0.04212316,0.08030934,0.04580144,0.04580144,0.00000000,1.520007,1.549634,-0.019491,0.060871,0.061167,-0.004862,0.885137,0.885067,-0.000070,0.02095824,2.12942034,1.000000
xamn5,XAM-N-5,3,4.000,9.000,5917,150,52,0.371429,10.400000,33.118740,10.759577,0.551979,1.305259,2.043722,2.608391,0.007378,21.312946,4395,2.043722,1.8692293167114258,15,0.288462,0.04675777,0.04328071,0.07436330,0.04675777,0.04675777,0.00000000,1.515819,1.549279,-0.022074,0.061006,0.061449,-0.007260,0.883916,0.883773,-0.000143,0.02127878,2.00863207,1.000000
xamn5,XAM-N-5,4,5.000,10.000,6103,150,54,0.385714,10.800000,32.516960,10.993964,0.541949,1.241737,1.940936,2.480438,0.007378,20.293625,4591,1.940936,1.888352394104004,16,0.296296,0.04761390,0.04432768,0.06901821,0.04761390,0.04761345,0.00000954,1.529326,1.559786,-0.019917,0.061548,0.061951,-0.006538,0.883914,0.883792,-0.000122,0.02187264,1.95598441,1.000000
xamn5,XAM-N-5,5,6.000,11.000,6184,150,54,0.385714,10.800000,31.868977,11.395002,0.531150,1.215779,1.904723,2.395842,0.034223,19.110374,4687,1.904723,1.8868168592453003,17,0.314815,0.04863738,0.04563171,0.06179760,0.04863738,0.04863226,0.00010528,1.537745,1.572599,-0.022666,0.063126,0.063599,-0.007498,0.880606,0.880507,-0.000099,0.02284545,1.93316173,1.000000
xamn5,XAM-N-5,6,7.000,12.000,6266,150,55,0.392857,11.000000,31.042192,11.842649,0.517370,1.158553,1.818929,2.390742,0.008984,17.780745,4768,1.818929,2.0290117263793945,20,0.363636,0.04969719,0.04702263,0.05381704,0.04969719,0.04968378,0.00026971,1.554039,1.589272,-0.022672,0.065153,0.065528,-0.005748,0.877288,0.877423,0.000135,0.02063371,1.95010239,1.000000
xamn5,XAM-N-5,7,8.000,13.000,6330,150,54,0.385714,10.800000,30.262594,12.125369,0.504377,1.125171,1.750622,2.394889,0.008984,16.840002,4853,1.750622,2.095628261566162,17,0.314815,0.05067730,0.04825566,0.04778564,0.05067730,0.05064962,0.00054621,1.566787,1.595668,-0.018433,0.068750,0.068867,-0.001710,0.868415,0.868848,0.000433,0.02013277,2.03401154,1.000000
xamn5,XAM-N-5,8,9.000,14.000,6370,150,54,0.385714,10.800000,29.548784,12.225657,0.492480,1.081115,1.671285,2.330334,0.008984,15.975657,4899,1.671285,2.1129322052001953,16,0.296296,0.05147490,0.04927962,0.04264761,0.05147490,0.05142861,0.00089926,1.568887,1.594008,-0.016012,0.068982,0.068941,0.000591,0.867914,0.868436,0.000522,0.01940268,2.10035778,1.000000
xamn5,XAM-N-5,9,10.000,15.000,6421,150,57,0.407143,11.400000,28.807911,12.093261,0.480132,1.023546,1.567167,2.348412,0.008984,15.491299,4922,1.567167,2.33895206451416,15,0.263158,0.05219407,0.05002562,0.04154604,0.05219407,0.05212111,0.00139795,1.571871,1.593068,-0.013486,0.069634,0.069614,0.000288,0.865844,0.866284,0.000440,0.02135330,2.15189416,1.000000
xamn5,XAM-N-5,10,11.000,16.000,6467,150,58,0.414286,11.600000,27.983255,11.729353,0.466388,0.970578,1.480173,2.251133,0.008984,14.513181,4910,1.480173,2.33709716796875,14,0.241379,0.05215028,0.04997556,0.04170108,0.05215028,0.05205239,0.00187719,1.571516,1.589491,-0.011438,0.070323,0.070296,0.000372,0.863750,0.864162,0.000412,0.02150636,2.21022935,1.000000
xamn5,XAM-N-5,11,12.000,17.000,6563,150,61,0.435714,12.200000,27.176830,11.252490,0.452947,0.950480,1.421615,2.147684,0.001319,13.958143,4963,1.421615,2.4274227619171143,14,0.229508,0.05268576,0.05041907,0.04302269,0.05268576,0.05257197,0.00215974,1.563493,1.586802,-0.014908,0.068540,0.068725,-0.002701,0.867257,0.867426,0.000169,0.02309883,2.27059058,0.999864
xamn5,XAM-N-5,12,13.000,18.000,6764,150,58,0.414286,11.600000,26.841555,11.105844,0.447359,0.955352,1.417038,2.065491,0.001319,13.687006,5058,1.417038,2.321013927459717,13,0.224138,0.05468833,0.05229398,0.04378186,0.05468833,0.05457879,0.00200305,1.553919,1.580141,-0.016875,0.066698,0.066960,-0.003938,0.872748,0.872850,0.000102,0.02487475,2.20907888,0.999801
xamn5,XAM-N-5,13,14.000,19.000,7084,150,60,0.428571,12.000000,26.860441,11.128350,0.447674,0.992089,1.466951,2.027138,0.001319,13.445230,5360,1.466951,2.470273017883301,16,0.266667,0.05776410,0.05516012,0.04507960,0.05776410,0.05766398,0.00173330,1.545301,1.569218,-0.015477,0.065840,0.066102,-0.003974,0.874605,0.874744,0.000139,0.02592375,2.25328486,0.999747
xamn5,XAM-N-5,14,15.000,20.000,7388,150,61,0.435714,12.200000,26.954975,11.207192,0.449250,1.009597,1.488594,2.005155,0.001319,13.273575,5643,1.488594,2.5910732746124268,20,0.327869,0.06083223,0.05808579,0.04514770,0.06083223,0.06072430,0.00177419,1.524285,1.550594,-0.017260,0.064128,0.064290,-0.002533,0.877738,0.878105,0.000367,0.02729308,2.28246419,0.999757
xamn5,XAM-N-5,15,16.000,21.000,7717,150,63,0.450000,12.600000,27.231203,11.405861,0.453853,1.045409,1.532356,2.039285,0.001319,13.390073,5942,1.532356,2.808738946914673,25,0.396825,0.06417266,0.06128789,0.04495322,0.06417266,0.06406832,0.00162590,1.511880,1.536674,-0.016399,0.062374,0.062460,-0.001376,0.881415,0.881860,0.000444,0.03108880,2.21980466,0.999768
xamn5,XAM-N-5,16,17.000,22.000,7879,150,65,0.464286,13.000000,27.476748,11.544697,0.457946,1.062580,1.547517,1.989032,0.006782,13.368715,6056,1.547517,2.868936777114868,22,0.338462,0.06574439,0.06277272,0.04520044,0.06574439,0.06562465,0.00182130,1.507138,1.527100,-0.013245,0.062674,0.062624,0.000800,0.880300,0.880881,0.000581,0.03260763,2.24386723,0.999886
xamn5,XAM-N-5,17,18.000,23.000,8046,150,70,0.500000,14.000000,27.589371,11.651850,0.459823,1.059813,1.543667,1.958904,0.004181,13.184280,6271,1.543667,3.054292678833008,22,0.314286,0.06660808,0.06353866,0.04608171,0.06660808,0.06647247,0.00203597,1.473489,1.490792,-0.011743,0.058688,0.058599,0.001523,0.887620,0.888160,0.000541,0.03376719,2.22509044,0.999944
xamn5,XAM-N-5,18,19.000,24.000,8129,150,68,0.485714,13.600000,27.783594,11.746247,0.463060,1.032225,1.514538,2.022239,0.004181,13.427984,6302,1.514538,3.035520553588867,19,0.279412,0.06679557,0.06364904,0.04710694,0.06679557,0.06663337,0.00242829,1.461953,1.480426,-0.012636,0.057234,0.057082,0.002656,0.890758,0.891375,0.000616,0.03497851,2.15969739,1.000000
xamn5,XAM-N-5,19,20.000,25.000,8151,150,69,0.492857,13.800000,27.938381,11.669425,0.465640,1.041319,1.533998,2.051592,0.004181,13.975485,6308,1.533998,3.090752124786377,18,0.260870,0.06668034,0.06355547,0.04686334,0.06668034,0.06653482,0.00218234,1.477826,1.496711,-0.012778,0.059253,0.059117,0.002296,0.886967,0.887545,0.000578,0.03479366,2.10853841,1.000000
xamn5,XAM-N-5,20,21.000,26.000,8043,150,67,0.478571,13.400000,28.017317,11.554651,0.466955,1.024008,1.501238,2.072538,0.004181,14.346195,6242,1.501238,2.9832253456115723,17,0.253731,0.06546212,0.06242928,0.04632969,0.06546212,0.06531239,0.00228724,1.468075,1.488453,-0.013881,0.059168,0.059126,0.000699,0.886435,0.886915,0.000480,0.03239901,2.08276174,0.999944
xamn5,XAM-N-5,21,22.000,27.000,7987,150,67,0.478571,13.400000,28.240656,11.444036,0.470678,1.026027,1.500202,2.148544,0.004181,14.796298,6226,1.500202,3.035191535949707,18,0.268657,0.06510468,0.06213096,0.04567587,0.06510468,0.06494750,0.00241419,1.467654,1.487684,-0.013648,0.057898,0.057817,0.001404,0.890234,0.890802,0.000568,0.03087753,2.01290171,0.999944
xamn5,XAM-N-5,22,23.000,28.000,7852,150,67,0.478571,13.400000,28.638441,11.228750,0.477307,1.047905,1.521872,2.222837,0.006460,15.386639,6066,1.521872,3.045896530151367,20,0.298507,0.06409358,0.06119013,0.04530010,0.06409358,0.06391762,0.00274531,1.482981,1.502974,-0.013481,0.059779,0.059728,0.000844,0.885917,0.886442,0.000525,0.03058746,2.05972305,0.998804
xamn5,XAM-N-5,23,24.000,29.000,7661,150,68,0.485714,13.600000,29.015932,10.989534,0.483599,1.062408,1.542937,2.182724,0.006460,15.600163,5876,1.542937,2.9584336280822754,20,0.294118,0.06273762,0.05992135,0.04488963,0.06273762,0.06255589,0.00289664,1.504404,1.525389,-0.013949,0.062569,0.062618,-0.000780,0.880032,0.880415,0.000383,0.02935047,2.11159292,0.998776
xamn5,XAM-N-5,24,25.000,30.000,7577,150,66,0.471429,13.200000,29.543715,10.945355,0.492395,1.042710,1.510486,2.155137,0.006460,15.554377,5809,1.510486,2.7762064933776855,19,0.287879,0.06200679,0.05932833,0.04319627,0.06200679,0.06178533,0.00357158,1.486295,1.506361,-0.013500,0.060382,0.060430,-0.000797,0.884330,0.884665,0.000334,0.02795766,2.12682296,0.997698
xamn5,XAM-N-5,25,26.000,31.000,7534,150,65,0.464286,13.000000,30.220375,10.840277,0.503673,1.030555,1.521365,2.147286,0.006460,15.810087,5769,1.521365,2.6497910022735596,14,0.215385,0.06141829,0.05888037,0.04132181,0.06141829,0.06120553,0.00346406,1.472171,1.491559,-0.013170,0.057717,0.057683,0.000575,0.890368,0.890734,0.000366,0.02811937,2.17649862,0.997685
xamn5,XAM-N-5,26,27.000,32.000,7484,150,65,0.464286,13.000000,30.813820,10.722008,0.513564,1.011142,1.524118,2.123828,0.009518,15.930881,5755,1.524118,2.5370874404907227,14,0.215385,0.06037969,0.05801768,0.03911935,0.06037969,0.06021395,0.00274496,1.483546,1.505971,-0.015116,0.059758,0.059789,-0.000533,0.885610,0.885827,0.000218,0.02967806,2.24459870,0.997671
xamn5,XAM-N-5,27,28.000,33.000,7375,150,64,0.457143,12.800000,31.077417,10.710382,0.517957,0.967406,1.497320,2.099002,0.009518,15.899807,5663,1.497320,2.398815155029297,16,0.250000,0.05900971,0.05686545,0.03633737,0.05900971,0.05888866,0.00205136,1.478068,1.501884,-0.016113,0.059411,0.059449,-0.000641,0.886552,0.886781,0.000229,0.02664895,2.19307784,0.998789
xamn5,XAM-N-5,28,29.000,34.000,7258,150,61,0.435714,12.200000,31.277285,10.749949,0.521288,0.947947,1.488860,2.163249,0.017044,16.292145,5537,1.488860,2.2766172885894775,16,0.262295,0.05739087,0.05545615,0.03371129,0.05739087,0.05731137,0.00138538,1.479951,1.503079,-0.015628,0.059523,0.059541,-0.000293,0.886342,0.886587,0.000245,0.02646960,2.16173122,0.998768
xamn5,XAM-N-5,29,30.000,35.000,7122,150,63,0.450000,12.600000,31.626360,10.844258,0.527106,0.961208,1.535887,2.201900,0.017044,16.629997,5396,1.535887,2.306567907333374,14,0.222222,0.05565751,0.05384623,0.03254329,0.05565751,0.05563600,0.00038648,1.486415,1.509544,-0.015561,0.059881,0.059907,-0.000435,0.885509,0.885717,0.000208,0.02559562,2.19525080,0.999812
xamn5,XAM-N-5,30,31.000,36.000,6973,150,63,0.450000,12.600000,31.611090,11.134470,0.526851,0.983438,1.565325,2.375113,0.020243,17.018223,5287,1.565325,2.440347194671631,15,0.238095,0.05403320,0.05235847,0.03099447,0.05403320,0.05403320,0.00000000,1.490118,1.515712,-0.017176,0.060909,0.060997,-0.001439,0.882853,0.883048,0.000196,0.02515184,2.20470737,0.999872
xamn5,XAM-N-5,31,32.000,37.000,6779,150,58,0.414286,11.600000,31.621767,11.444424,0.527029,0.983700,1.578275,2.499978,0.020243,17.606436,5109,1.578275,2.324803352355957,14,0.241379,0.05251580,0.05093713,0.03006096,0.05251580,0.05251580,0.00000000,1.463789,1.489393,-0.017491,0.057782,0.057905,-0.002121,0.888731,0.888875,0.000144,0.02336471,2.14889880,0.999803
xamn5,XAM-N-5,32,33.000,38.000,6593,150,58,0.414286,11.600000,31.675171,11.762145,0.527920,1.019806,1.638925,2.634233,0.035376,18.413267,4968,1.638925,2.4157063961029053,12,0.206897,0.05109356,0.04955813,0.03005131,0.05109356,0.05107706,0.00032291,1.475789,1.501203,-0.017220,0.058616,0.058737,-0.002059,0.887870,0.888046,0.000176,0.02354335,2.14793170,0.999865
xamn5,XAM-N-5,33,34.000,39.000,6499,150,60,0.428571,12.000000,31.573456,12.135985,0.526224,1.028463,1.643818,2.717460,0.035376,19.166716,4946,1.643818,2.5680811405181885,10,0.166667,0.05041381,0.04886681,0.03068604,0.05041381,0.05034704,0.00132430,1.453380,1.480391,-0.018585,0.055864,0.055970,-0.001895,0.893255,0.893466,0.000211,0.02439804,2.08632306,0.998833
xamn5,XAM-N-5,34,35.000,40.000,6407,150,57,0.407143,11.400000,31.405859,12.760802,0.523431,1.036788,1.648115,2.855710,0.121801,20.172613,4884,1.648115,2.59419584274292,11,0.192982,0.04978850,0.04819626,0.03198008,0.04978850,0.04972174,0.00134093,1.436378,1.464396,-0.019506,0.053552,0.053679,-0.002378,0.898202,0.898406,0.000204,0.02324319,1.98883530,0.998467
xamn5,XAM-N-5,35,36.000,41.000,6344,150,59,0.421429,11.800000,31.164297,13.209985,0.519405,1.022986,1.636538,2.863029,0.002263,20.700005,4776,1.636538,2.6923959255218506,11,0.186441,0.04954965,0.04782269,0.03485320,0.04954965,0.04948289,0.00134740,1.443159,1.468022,-0.017228,0.053938,0.053967,-0.000531,0.897766,0.898099,0.000333,0.02348054,1.89846483,0.998452
xamn5,XAM-N-5,36,37.000,42.000,6357,150,58,0.414286,11.600000,31.036736,13.796914,0.517279,1.037016,1.661696,2.908421,0.002263,21.178040,4759,1.661696,2.7260630130767822,9,0.155172,0.04989560,0.04803253,0.03733937,0.04989560,0.04980464,0.00182298,1.462307,1.486343,-0.016437,0.056766,0.056738,0.000489,0.892235,0.892648,0.000413,0.02340401,1.88846364,0.998525
xamn5,XAM-N-5,37,38.000,43.000,6313,150,55,0.392857,11.000000,30.678596,14.357599,0.511310,1.034215,1.650346,2.941844,0.002263,21.012699,4666,1.650346,2.670290231704712,7,0.127273,0.04979936,0.04782045,0.03973761,0.04979936,0.04967335,0.00253036,1.453231,1.477126,-0.016443,0.055790,0.055753,0.000669,0.893237,0.893613,0.000376,0.02263717,1.86827344,0.998514
xamn5,XAM-N-5,38,39.000,44.000,6301,150,57,0.407143,11.400000,30.486034,15.007934,0.508101,1.071970,1.752421,2.908287,0.002263,20.888100,4561,1.752421,2.735305070877075,10,0.175439,0.04998494,0.04791887,0.04133397,0.04998494,0.04987183,0.00226293,1.449606,1.471496,-0.015101,0.055389,0.055326,0.001139,0.894181,0.894561,0.000380,0.02236104,1.86049635,0.999575
xamn5,XAM-N-5,39,40.000,45.000,6329,150,58,0.414286,11.600000,30.017082,15.239614,0.500285,1.067374,1.761793,2.752049,0.002263,19.440155,4577,1.761793,2.6607842445373535,7,0.120690,0.05056848,0.04830376,0.04478523,0.05056848,0.05041044,0.00312533,1.463384,1.484397,-0.014359,0.057371,0.057295,0.001331,0.890398,0.890860,0.000462,0.02364687,1.85897571,1.000000
xamn5,XAM-N-5,40,41.000,46.000,6331,150,56,0.400000,11.200000,29.809059,15.527222,0.496818,1.059027,1.753408,2.565936,0.002697,18.058924,4570,1.753408,2.3983821868896484,7,0.125000,0.05074273,0.04828082,0.04851737,0.05074273,0.05055042,0.00378992,1.461321,1.480464,-0.013100,0.057520,0.057456,0.001129,0.889800,0.890208,0.000408,0.02452364,1.86292064,1.000000
xamn5,XAM-N-5,41,42.000,47.000,6423,150,60,0.428571,12.000000,29.395819,15.640418,0.489930,1.049802,1.738627,2.418499,0.002697,16.776731,4592,1.738627,2.462100028991699,10,0.166667,0.05172223,0.04897819,0.05305331,0.05172223,0.05149611,0.00437167,1.446901,1.462514,-0.010791,0.055411,0.055261,0.002694,0.894362,0.894870,0.000508,0.02566333,1.80392112,0.998122
xamn5,XAM-N-5,42,43.000,48.000,6684,150,60,0.428571,12.000000,29.565529,15.759934,0.492759,1.047582,1.728175,2.233614,0.002217,16.097637,4726,1.728175,2.321688652038574,16,0.266667,0.05383876,0.05080869,0.05628046,0.05383876,0.05361744,0.00411090,1.430357,1.445238,-0.010404,0.054180,0.053929,0.004623,0.896580,0.897335,0.000755,0.02813587,1.77421361,0.997723
xamn5,XAM-N-5,43,44.000,49.000,6910,150,61,0.435714,12.200000,29.614002,15.760036,0.493567,1.064301,1.701763,2.203360,0.002217,15.263708,4948,1.701763,2.3973748683929443,18,0.295082,0.05584396,0.05253701,0.05921767,0.05584396,0.05560694,0.00424441,1.434082,1.450202,-0.011240,0.055509,0.055269,0.004326,0.892994,0.893828,0.000835,0.02931394,1.75260977,0.997733
xamn5,XAM-N-5,44,45.000,50.000,7066,150,61,0.435714,12.200000,29.700539,15.819617,0.495009,1.056479,1.681871,2.221201,0.000000,15.378379,5017,1.681871,2.460439920425415,22,0.360656,0.05722506,0.05370248,0.06155666,0.05722506,0.05696649,0.00451864,1.412915,1.431767,-0.013343,0.052950,0.052700,0.004720,0.897920,0.898827,0.000907,0.03032973,1.75058792,0.996771
xamn5,XAM-N-5,45,46.000,51.000,7205,150,61,0.435714,12.200000,29.780661,15.763706,0.496344,1.072816,1.710377,2.261371,0.000000,15.545158,5070,1.710377,2.5457394123077393,25,0.409836,0.05849161,0.05483767,0.06246953,0.05849161,0.05824356,0.00424083,1.418919,1.438913,-0.014091,0.053504,0.053228,0.005167,0.896954,0.897900,0.000946,0.03137883,1.75939393,0.996401
xamn5,XAM-N-5,46,47.000,52.000,7340,150,63,0.450000,12.600000,30.005211,15.678896,0.500087,1.091969,1.751690,2.287531,0.000000,15.651543,5155,1.751690,2.677342176437378,23,0.365079,0.05963921,0.05592625,0.06225698,0.05963921,0.05939386,0.00411388,1.420924,1.442607,-0.015260,0.052967,0.052764,0.003834,0.897960,0.898814,0.000854,0.03116869,1.81828245,0.997866
xamn5,XAM-N-5,47,48.000,53.000,7459,150,65,0.464286,13.000000,30.125435,15.583261,0.502091,1.108248,1.766595,2.376069,0.000000,16.063375,5323,1.766595,2.8869404792785645,17,0.261538,0.06078045,0.05701047,0.06202610,0.06078045,0.06054581,0.00386034,1.443008,1.465805,-0.015798,0.054673,0.054575,0.001809,0.895502,0.896198,0.000696,0.02970071,1.88247155,0.997300
xamn5,XAM-N-5,48,49.000,54.000,7527,150,65,0.464286,13.000000,30.151150,15.390571,0.502519,1.067470,1.727929,2.293742,0.000000,16.157345,5343,1.727929,2.838571548461914,12,0.184615,0.06197151,0.05824890,0.06006966,0.06197151,0.06175846,0.00343787,1.454173,1.477021,-0.015712,0.055239,0.055161,0.001413,0.894780,0.895427,0.000646,0.02974642,1.94302057,0.996731
xamn5,XAM-N-5,49,50.000,55.000,7650,150,66,0.471429,13.200000,30.170837,15.251485,0.502847,1.073082,1.737544,2.291503,0.000000,16.069389,5477,1.737544,2.9346141815185547,12,0.181818,0.06359197,0.06003368,0.05595503,0.06359197,0.06339483,0.00309998,1.480759,1.502860,-0.014925,0.058092,0.058008,0.001449,0.889121,0.889723,0.000602,0.03032001,2.02488113,0.997718
xamn5,XAM-N-5,50,51.000,56.000,7760,150,64,0.457143,12.800000,30.167305,15.117926,0.502788,1.057977,1.709512,2.348490,0.000000,16.238518,5632,1.709512,2.9735193252563477,11,0.171875,0.06504524,0.06158080,0.05326203,0.06504524,0.06484989,0.00300322,1.498270,1.521466,-0.015482,0.060148,0.060094,0.000896,0.884810,0.885378,0.000568,0.03119358,2.07004772,0.998097
xamn5,XAM-N-5,51,52.000,57.000,7758,150,65,0.464286,13.000000,30.045767,15.024775,0.500763,1.040511,1.662720,2.467168,0.005025,16.295792,5703,1.662720,3.174004554748535,19,0.292308,0.06553774,0.06219683,0.05097685,0.06553774,0.06536999,0.00255953,1.507753,1.530565,-0.015130,0.061497,0.061451,0.000754,0.882110,0.882658,0.000548,0.03127155,2.11268825,0.998270
xamn5,XAM-N-5,52,53.000,58.000,7646,150,66,0.471429,13.200000,29.784876,14.938354,0.496415,1.007489,1.628789,2.453837,0.005025,15.782005,5647,1.628789,3.2070956230163574,18,0.272727,0.06517517,0.06198816,0.04889918,0.06517517,0.06501037,0.00252850,1.521355,1.544074,-0.014933,0.062841,0.062760,0.001298,0.880207,0.880767,0.000560,0.02891181,2.12516631,0.999182
xamn5,XAM-N-5,53,54.000,59.000,7684,150,70,0.500000,14.000000,29.600950,14.948915,0.493349,1.040647,1.652839,2.617580,0.005025,16.077362,5710,1.652839,3.563190460205078,22,0.314286,0.06522892,0.06208901,0.04813667,0.06522892,0.06505632,0.00264608,1.524283,1.549083,-0.016270,0.061594,0.061529,0.001053,0.884031,0.884576,0.000545,0.02830901,2.15396866,0.999826
xamn5,XAM-N-5,54,55.000,60.000,7573,150,66,0.471429,13.200000,29.415415,14.908892,0.490257,1.041119,1.642437,2.614966,0.013077,16.092974,5620,1.642437,3.3751659393310547,20,0.303030,0.06403656,0.06094173,0.04832908,0.06403656,0.06389053,0.00228041,1.525819,1.548624,-0.014946,0.061654,0.061561,0.001517,0.883946,0.884523,0.000577,0.02761216,2.20424810,0.999705
xamn5,XAM-N-5,55,56.000,61.000,7564,150,67,0.478571,13.400000,29.160152,14.888969,0.486003,1.048826,1.644981,2.613458,0.013077,15.982204,5651,1.644981,3.4185776710510254,22,0.328358,0.06361761,0.06057349,0.04785023,0.06361761,0.06346874,0.00234010,1.504531,1.530007,-0.016933,0.059429,0.059357,0.001205,0.888170,0.888767,0.000596,0.02730398,2.26055385,0.999705
xamn5,XAM-N-5,56,57.000,62.000,7645,150,68,0.485714,13.600000,29.055336,14.799966,0.484256,1.047027,1.640416,2.474655,0.007581,16.095196,5719,1.640416,3.3194031715393066,15,0.220588,0.06381085,0.06073510,0.04820103,0.06381085,0.06364648,0.00257588,1.492464,1.517282,-0.016629,0.058382,0.058271,0.001914,0.890405,0.891052,0.000647,0.02781352,2.38318625,0.999181
xamn5,XAM-N-5,57,58.000,63.000,7715,150,65,0.464286,13.000000,29.152472,14.732065,0.485875,1.082353,1.671215,2.467111,0.007581,16.633471,5819,1.671215,3.1894359588623047,16,0.246154,0.06393416,0.06074625,0.04986237,0.06393416,0.06376948,0.00257576,1.479784,1.504893,-0.016968,0.057588,0.057492,0.001667,0.890735,0.891354,0.000619,0.02697378,2.46344547,0.999189
xamn5,XAM-N-5,58,59.000,64.000,7588,150,62,0.442857,12.400000,29.299622,14.571911,0.488327,1.066808,1.646047,2.445573,0.002868,16.672396,5731,1.646047,2.985032558441162,12,0.193548,0.06255598,0.05925878,0.05270791,0.06255598,0.06242074,0.00216187,1.476284,1.501441,-0.017041,0.057880,0.057819,0.001055,0.889402,0.889958,0.000556,0.02584152,2.52822913,0.999057
xamn5,XAM-N-5,59,60.000,65.000,7463,150,60,0.428571,12.000000,29.675030,14.499480,0.494584,1.073694,1.656023,2.513072,0.002868,17.059137,5620,1.656023,2.900749444961548,13,0.216667,0.06125807,0.05779716,0.05649719,0.06125807,0.06110455,0.00250621,1.464343,1.494545,-0.020625,0.056451,0.056496,-0.000798,0.892184,0.892562,0.000378,0.02472658,2.46738471,0.999042
xamn5,XAM-N-5,60,61.000,66.000,7233,150,60,0.428571,12.000000,30.120249,14.408896,0.502004,1.101815,1.712368,2.430154,0.002868,17.406960,5354,1.712368,2.695976734161377,10,0.166667,0.05923636,0.05564898,0.06056046,0.05923636,0.05907526,0.00271971,1.473086,1.497603,-0.016643,0.056570,0.056531,0.000690,0.893041,0.893423,0.000381,0.02321686,2.41484800,0.997596
xamn5,XAM-N-5,61,62.000,67.000,6751,150,60,0.428571,12.000000,30.990862,13.881288,0.516514,1.139822,1.755969,2.436974,0.002868,17.916626,4962,1.755969,2.4951155185699463,12,0.200000,0.05555425,0.05185536,0.06658165,0.05555425,0.05543514,0.00214401,1.492006,1.521221,-0.019581,0.058120,0.058177,-0.000988,0.890737,0.891001,0.000264,0.02183193,2.30414099,0.997972
xamn5,XAM-N-5,62,63.000,68.000,6290,150,55,0.392857,11.000000,31.771608,13.200050,0.529527,1.134072,1.773606,2.435544,0.002868,18.454254,4542,1.773606,2.062162399291992,11,0.200000,0.05097204,0.04715306,0.07492304,0.05097204,0.05088634,0.00168126,1.528393,1.559594,-0.020414,0.062072,0.062221,-0.002393,0.883330,0.883491,0.000161,0.01980580,2.28589741,0.997894
xamn5,XAM-N-5,63,64.000,69.000,5938,150,58,0.414286,11.600000,32.432037,12.459102,0.540534,1.122530,1.764341,2.356950,0.002920,19.054903,4271,1.764341,1.8917771577835083,14,0.241379,0.04704029,0.04307857,0.08421976,0.04704029,0.04696445,0.00161237,1.571617,1.598813,-0.017305,0.066932,0.066995,-0.000934,0.873582,0.873747,0.000165,0.01861516,2.24930756,0.997923
xamn5,XAM-N-5,64,65.000,70.000,5630,150,54,0.385714,10.800000,32.985043,11.574672,0.549751,1.137538,1.780194,2.270186,0.002708,19.662071,4038,1.780194,1.4800688028335571,14,0.259259,0.04399361,0.03994595,0.09200582,0.04399361,0.04396005,0.00076303,1.607925,1.634515,-0.016537,0.069994,0.070125,-0.001876,0.868636,0.868765,0.000129,0.01946095,2.24321595,0.997967
xamn5,XAM-N-5,65,66.000,71.000,5373,150,47,0.335714,9.400000,33.764950,10.611834,0.562749,1.131742,1.757249,2.284360,0.002708,20.351274,3868,1.757249,1.056868553161621,14,0.297872,0.04132371,0.03717335,0.10043530,0.04132371,0.04132253,0.00002859,1.634240,1.667823,-0.020549,0.072314,0.072632,-0.004407,0.864260,0.864235,-0.000025,0.01914799,2.32449955,0.999836
xamn5,XAM-N-5,66,67.000,72.000,5278,150,50,0.357143,10.000000,33.867100,10.583693,0.564452,1.128829,1.761579,2.229713,0.002708,19.949116,3760,1.761579,1.054145097732544,15,0.300000,0.03993543,0.03581363,0.10321168,0.03993543,0.03993543,0.00000000,1.643460,1.671608,-0.017127,0.073460,0.073724,-0.003595,0.862010,0.862020,0.000010,0.01871901,2.25803058,1.000000
xamn5,XAM-N-5,67,68.000,73.000,5202,150,48,0.342857,9.600000,34.261196,10.572266,0.571020,1.137841,1.758286,2.153372,0.001780,19.838814,3663,1.758286,0.8495194911956787,19,0.395833,0.03971489,0.03571772,0.10064647,0.03971489,0.03971489,0.00000000,1.619429,1.647238,-0.017172,0.070207,0.070438,-0.003293,0.869137,0.869166,0.000029,0.01964930,2.17176890,1.000000
xamn5,XAM-N-5,68,69.000,74.000,5082,150,46,0.328571,9.200000,34.945446,10.564098,0.582424,1.166092,1.801969,2.138785,0.001780,19.980284,3513,1.801969,0.6891323328018188,22,0.478261,0.03949754,0.03571190,0.09584496,0.03949754,0.03949754,0.00000000,1.580991,1.612412,-0.019874,0.066701,0.066953,-0.003789,0.876546,0.876609,0.000063,0.01843229,2.04392492,1.000000
xamn5,XAM-N-5,69,70.000,75.000,4968,150,43,0.307143,8.600000,35.617321,10.473102,0.593622,1.146894,1.786249,2.190471,0.001780,20.544077,3389,1.786249,0.5412176251411438,21,0.488372,0.03866901,0.03521359,0.08935906,0.03866901,0.03866901,0.00000000,1.556820,1.583383,-0.017062,0.066134,0.066238,-0.001566,0.875738,0.875949,0.000212,0.01715549,1.93610815,1.000000
xamn5,XAM-N-5,70,71.000,76.000,4867,150,44,0.314286,8.800000,36.244896,10.248655,0.604082,1.148853,1.813724,2.214245,0.001780,21.046377,3292,1.813724,0.529064416885376,21,0.477273,0.03799206,0.03490651,0.08121558,0.03799206,0.03799206,0.00000000,1.545529,1.568955,-0.015157,0.065103,0.065221,-0.001825,0.877808,0.877977,0.000169,0.01765159,1.80612825,1.000000
xamn5,XAM-N-5,71,72.000,77.000,4782,150,43,0.307143,8.600000,36.910702,10.055972,0.615178,1.142225,1.806381,2.349383,0.001780,22.644512,3220,1.806381,0.5526129007339478,18,0.418605,0.03715622,0.03443245,0.07330571,0.03715622,0.03715622,0.00000000,1.547812,1.577266,-0.019030,0.065134,0.065371,-0.003635,0.876957,0.877023,0.000066,0.01841574,1.77829484,1.000000
xamn5,XAM-N-5,72,73.000,78.000,4733,150,44,0.314286,8.800000,37.485725,9.836461,0.624762,1.109463,1.791549,2.461085,0.019267,23.823357,3192,1.791549,0.6459660530090332,14,0.318182,0.03657576,0.03417218,0.06571513,0.03657576,0.03657576,0.00000000,1.540314,1.572775,-0.021074,0.063329,0.063599,-0.004260,0.880255,0.880253,-0.000002,0.01768518,1.78818575,1.000000
xamn5,XAM-N-5,73,74.000,79.000,4765,150,48,0.342857,9.600000,37.879261,9.583541,0.631321,1.101410,1.792027,2.501662,0.019267,24.367842,3225,1.792027,0.8197199702262878,10,0.208333,0.03669510,0.03445051,0.06116864,0.03669510,0.03669510,0.00000000,1.558144,1.591845,-0.021629,0.064906,0.065259,-0.005438,0.877212,0.877115,-0.000097,0.01778703,1.89824102,1.000000
xamn5,XAM-N-5,74,75.000,80.000,4825,150,47,0.335714,9.400000,38.172428,9.389343,0.636207,1.097751,1.789440,2.454096,0.005269,24.178827,3279,1.789440,0.7240800857543945,9,0.191489,0.03726163,0.03501614,0.06026289,0.03726163,0.03726163,0.00000000,1.613585,1.648882,-0.021875,0.068913,0.069317,-0.005859,0.871395,0.871203,-0.000193,0.01633192,2.04617443,1.000000
xamn5,XAM-N-5,75,76.000,81.000,4929,150,50,0.357143,10.000000,38.142899,9.295003,0.635715,1.058616,1.717666,2.420053,0.005269,23.861446,3383,1.717666,0.8330543637275696,9,0.180000,0.03796698,0.03574170,0.05861085,0.03796698,0.03796698,0.00000000,1.643560,1.676914,-0.020293,0.071585,0.071975,-0.005460,0.867003,0.866784,-0.000219,0.01594156,2.22421832,1.000000
xamn5,XAM-N-5,76,77.000,82.000,5107,150,51,0.364286,10.200000,38.187286,9.109485,0.636455,1.057668,1.718147,2.356061,0.005269,23.582010,3561,1.718147,0.8484917283058167,10,0.196078,0.03933305,0.03709226,0.05696977,0.03933305,0.03933305,0.00000000,1.658584,1.692919,-0.020702,0.074839,0.075231,-0.005239,0.860021,0.859823,-0.000199,0.01607265,2.40144274,1.000000
xamn5,XAM-N-5,77,78.000,83.000,5268,150,49,0.350000,9.800000,37.922054,8.926957,0.632034,1.070391,1.722267,2.291146,0.005269,22.947792,3722,1.722267,0.766828715801239,10,0.204082,0.04059016,0.03839592,0.05405843,0.04059016,0.04059016,0.00000000,1.673823,1.703390,-0.017664,0.077432,0.077774,-0.004418,0.856043,0.855890,-0.000153,0.01586343,2.55344081,1.000000
xamn5,XAM-N-5,78,79.000,84.000,5380,150,50,0.357143,10.000000,37.812119,8.728399,0.630202,1.081712,1.735140,2.191213,0.005269,22.170475,3863,1.735140,0.7377992272377014,9,0.180000,0.04148372,0.03935666,0.05127466,0.04148372,0.04148372,0.00000000,1.684240,1.709309,-0.014885,0.077827,0.078137,-0.003977,0.856036,0.855873,-0.000163,0.01455256,2.68439672,1.000000
xamn5,XAM-N-5,79,80.000,85.000,5532,150,49,0.350000,9.800000,37.588074,8.655464,0.626468,1.106072,1.795649,2.204163,0.213132,22.047232,4032,1.795649,0.7751379609107971,10,0.204082,0.04265544,0.04057613,0.04874678,0.04265544,0.04265403,0.00003307,1.637197,1.662893,-0.015695,0.074168,0.074536,-0.004961,0.862313,0.862114,-0.000199,0.01369839,3.13984301,1.000000
xamn5,XAM-N-5,80,81.000,86.000,5687,150,50,0.357143,10.000000,37.678009,8.621321,0.627967,1.125812,1.824862,2.250735,0.008110,22.531029,4180,1.824862,0.9098575711250305,11,0.220000,0.04403488,0.04185668,0.04946524,0.04403488,0.04403346,0.00003204,1.606675,1.631487,-0.015443,0.072595,0.072886,-0.004009,0.863628,0.863523,-0.000105,0.01411816,2.82474872,1.000000
xamn5,XAM-N-5,81,82.000,87.000,5766,150,51,0.364286,10.200000,37.535454,8.707930,0.625591,1.119700,1.810372,2.262790,0.008110,22.367527,4259,1.810372,1.005995512008667,9,0.176471,0.04488106,0.04260604,0.05069004,0.04488106,0.04487965,0.00003143,1.578639,1.595521,-0.010694,0.069152,0.069326,-0.002516,0.870118,0.870086,-0.000033,0.01506148,2.60334933,1.000000
xamn5,XAM-N-5,82,83.000,88.000,5765,150,51,0.364286,10.200000,37.493805,8.854695,0.624897,1.105674,1.788045,2.275298,0.008110,22.269733,4258,1.788045,1.0310921669006348,9,0.176471,0.04508898,0.04270089,0.05296396,0.04508898,0.04508757,0.00003129,1.566609,1.583649,-0.010877,0.067844,0.068054,-0.003084,0.871250,0.871198,-0.000053,0.01494917,2.37121441,1.000000
xamn5,XAM-N-5,83,84.000,89.000,5746,150,51,0.364286,10.200000,37.321445,8.911480,0.622024,1.065016,1.732380,2.308227,0.004525,22.308620,4232,1.732380,1.0816141366958618,11,0.215686,0.04507642,0.04267406,0.05329525,0.04507642,0.04507501,0.00003130,1.535141,1.551546,-0.010686,0.065338,0.065526,-0.002878,0.874618,0.874603,-0.000015,0.01461171,2.25529069,1.000000
xamn5,XAM-N-5,84,85.000,90.000,5716,150,53,0.378571,10.600000,37.322849,8.869152,0.622047,1.030967,1.641378,2.282103,0.004525,22.192961,4202,1.641378,1.1248221397399902,10,0.188679,0.04490330,0.04251763,0.05312917,0.04490330,0.04490330,0.00000000,1.540475,1.554169,-0.008889,0.067102,0.067159,-0.000846,0.869582,0.869710,0.000127,0.01411880,2.28303451,1.000000
xamn5,XAM-N-5,85,86.000,91.000,5680,150,53,0.378571,10.600000,37.155926,8.826099,0.619265,1.023657,1.632520,2.254415,0.004525,21.848078,4173,1.632520,1.0989749431610107,12,0.226415,0.04465700,0.04235099,0.05163810,0.04465700,0.04465700,0.00000000,1.546185,1.558408,-0.007905,0.067433,0.067452,-0.000268,0.869535,0.869725,0.000190,0.01301335,2.35248425,1.000000
xamn5,XAM-N-5,86,87.000,92.000,5612,150,51,0.364286,10.200000,37.108971,8.803542,0.618483,1.039063,1.664772,2.257584,0.004525,21.999964,4078,1.664772,1.0089929103851318,17,0.333333,0.04415244,0.04201225,0.04847257,0.04415244,0.04415244,0.00000000,1.552315,1.565748,-0.008653,0.067905,0.067938,-0.000492,0.869256,0.869450,0.000193,0.01322079,2.34374150,1.000000
xamn5,XAM-N-5,87,88.000,93.000,5584,150,51,0.364286,10.200000,37.012238,8.788602,0.616871,1.105009,1.796214,2.182890,0.004525,21.356960,4050,1.796214,0.9270265698432922,18,0.352941,0.04395729,0.04198475,0.04487413,0.04395729,0.04395729,0.00000000,1.546229,1.558296,-0.007804,0.067042,0.067006,0.000528,0.871687,0.871932,0.000245,0.01501917,2.44341201,1.000000
xamn5,XAM-N-5,88,89.000,94.000,5554,150,51,0.364286,10.200000,37.079189,8.905944,0.617986,1.156651,1.870957,2.153681,0.008118,21.237091,4027,1.870957,0.8778109550476074,14,0.274510,0.04365582,0.04181177,0.04224059,0.04365582,0.04365582,0.00000000,1.540878,1.553909,-0.008457,0.066738,0.066704,0.000513,0.872506,0.872767,0.000261,0.01642298,2.59627134,1.000000
xamn5,XAM-N-5,89,90.000,95.000,5573,150,51,0.364286,10.200000,37.223438,9.255367,0.620391,1.208080,1.962653,2.120538,0.008118,20.913437,4046,1.962653,0.8455071449279785,16,0.313725,0.04410138,0.04234814,0.03975470,0.04410138,0.04410138,0.00000000,1.542313,1.554427,-0.007855,0.066275,0.066229,0.000695,0.874584,0.874817,0.000233,0.01861533,2.73117848,1.000000
xamn5,XAM-N-5,90,91.000,96.000,5478,150,51,0.364286,10.200000,37.379021,9.573772,0.622984,1.218609,1.978244,2.063401,0.008118,20.258503,3924,1.978244,0.7577921152114868,13,0.254902,0.04379766,0.04218506,0.03681926,0.04379766,0.04379766,0.00000000,1.542676,1.554069,-0.007385,0.066200,0.066158,0.000640,0.874110,0.874320,0.000210,0.01767507,2.82260243,1.000000
xamn5,XAM-N-5,91,92.000,97.000,5465,150,51,0.364286,10.200000,37.650623,9.967230,0.627510,1.216578,1.982622,1.980363,0.000000,19.533566,3908,1.982622,0.6488791704177856,9,0.176471,0.04395827,0.04242494,0.03488159,0.04395827,0.04395827,0.00000000,1.527576,1.544630,-0.011164,0.063788,0.063804,-0.000256,0.878785,0.878939,0.000154,0.01704501,2.81943839,1.000000
xamn5,XAM-N-5,92,93.000,98.000,5526,150,50,0.357143,10.000000,38.310101,10.442738,0.638502,1.201303,1.969258,2.035866,0.000000,20.503841,3961,1.969258,0.6459022760391235,8,0.160000,0.04477023,0.04325597,0.03382291,0.04477023,0.04477023,0.00000000,1.524322,1.544606,-0.013307,0.064505,0.064550,-0.000710,0.876471,0.876632,0.000162,0.01650734,2.74972574,1.000000
xamn5,XAM-N-5,93,94.000,99.000,5459,150,50,0.357143,10.000000,38.539417,10.870667,0.642324,1.221233,2.002585,2.039718,0.000000,20.650723,3924,2.002585,0.6344209909439087,8,0.160000,0.04486438,0.04338411,0.03299439,0.04486438,0.04486438,0.00000000,1.531363,1.553662,-0.014561,0.064976,0.065008,-0.000497,0.876317,0.876501,0.000184,0.01686902,2.74398282,1.000000
xamn5,XAM-N-5,94,95.000,100.000,5229,150,48,0.342857,9.600000,38.399319,11.082660,0.639989,1.242461,2.080130,2.029341,0.000000,20.474920,3724,2.080130,0.49972617626190186,7,0.145833,0.04335092,0.04197664,0.03170107,0.04335092,0.04335092,0.00000000,1.519652,1.541950,-0.014673,0.064044,0.064097,-0.000834,0.877775,0.877948,0.000173,0.01796027,2.81518993,1.000000
xamn5,XAM-N-5,95,96.000,101.000,5029,150,45,0.321429,9.000000,38.152424,11.300367,0.635874,1.285132,2.134642,2.033290,0.000000,20.363867,3581,2.134642,0.36573338508605957,10,0.222222,0.04224589,0.04082918,0.03353475,0.04224589,0.04224589,0.00000000,1.508017,1.531091,-0.015301,0.062339,0.062381,-0.000668,0.881567,0.881770,0.000203,0.02025056,2.84305576,1.000000
xamn5,XAM-N-5,96,97.000,102.000,4891,150,48,0.342857,9.600000,38.254627,11.675196,0.637577,1.289086,2.131165,2.115301,0.127682,21.187992,3474,2.131165,0.5335565805435181,10,0.208333,0.04137003,0.03992269,0.03498522,0.04137003,0.04137003,0.00000000,1.535327,1.555600,-0.013204,0.066606,0.066597,0.000130,0.872887,0.873146,0.000260,0.01952939,2.96372681,1.000000
xamn5,XAM-N-5,97,98.000,103.000,4707,150,47,0.335714,9.400000,37.870487,11.834578,0.631175,1.274268,2.076710,2.236586,0.002422,21.887299,3296,2.076710,0.577264130115509,11,0.234043,0.03911870,0.03768161,0.03673667,0.03911870,0.03911870,0.00000000,1.566486,1.583785,-0.011043,0.068281,0.068269,0.000162,0.871145,0.871349,0.000203,0.01821391,2.49504342,1.000000
xamn5,XAM-N-5,98,99.000,104.000,4689,150,46,0.328571,9.200000,37.830273,12.018592,0.630505,1.281030,2.087645,2.418235,0.002422,23.529167,3248,2.087645,0.697728157043457,12,0.260870,0.03790810,0.03642460,0.03913412,0.03790810,0.03790810,0.00000000,1.587408,1.603568,-0.010180,0.069116,0.069185,-0.000999,0.870436,0.870592,0.000155,0.01703357,2.43300995,1.000000
xamn5,XAM-N-5,99,100.000,105.000,4744,150,44,0.314286,8.800000,38.045776,12.326833,0.634096,1.228059,1.960117,2.587330,0.002422,25.166979,3273,1.960117,0.763008713722229,13,0.295455,0.03722304,0.03565332,0.04217056,0.03722304,0.03722304,0.00000000,1.615145,1.634855,-0.012203,0.071026,0.071137,-0.001558,0.867415,0.867514,0.000099,0.01543162,2.39944521,1.000000
xamn5,XAM-N-5,100,101.000,106.000,4842,150,47,0.335714,9.400000,38.624722,12.561868,0.643745,1.255436,2.035382,2.657066,0.002422,26.104542,3341,2.035382,0.886750340461731,10,0.212766,0.03660427,0.03497895,0.04440231,0.03660427,0.03660427,0.00000000,1.626942,1.649632,-0.013947,0.072458,0.072630,-0.002376,0.864988,0.865038,0.000050,0.01467986,2.42898661,1.000000
xamn5,XAM-N-5,101,102.000,107.000,4885,150,49,0.350000,9.800000,38.685192,12.782202,0.644753,1.307965,2.128325,2.703036,0.002422,26.483480,3388,2.128325,0.9859973192214966,10,0.204082,0.03592278,0.03417973,0.04852210,0.03592278,0.03592278,0.00000000,1.621961,1.645867,-0.014739,0.069770,0.069996,-0.003228,0.871469,0.871513,0.000044,0.01576431,2.41989555,1.000000
xamn5,XAM-N-5,102,103.000,108.000,4914,150,48,0.342857,9.600000,38.548332,13.131178,0.642472,1.320606,2.183554,2.591175,0.151075,25.095390,3419,2.183554,0.8428530693054199,13,0.270833,0.03615825,0.03423732,0.05312565,0.03615825,0.03615825,0.00000000,1.597340,1.621927,-0.015392,0.066814,0.067036,-0.003330,0.877011,0.877099,0.000088,0.01687055,2.39698855,1.000000
xamn5,XAM-N-5,103,104.000,109.000,5022,150,52,0.371429,10.400000,38.412922,13.426932,0.640215,1.301832,2.140582,2.428288,0.151075,23.126245,3527,2.140582,0.862289547920227,15,0.288462,0.03700104,0.03491423,0.05639872,0.03700104,0.03700104,0.00000000,1.580276,1.606903,-0.016850,0.066406,0.066595,-0.002846,0.876635,0.876731,0.000096,0.01755473,2.24639380,1.000000
xamn5,XAM-N-5,104,105.000,110.000,5139,150,50,0.357143,10.000000,38.254505,13.723928,0.637575,1.347665,2.199858,2.320763,0.165814,21.316187,3644,2.199858,0.7113810181617737,16,0.320000,0.03790788,0.03566448,0.05918030,0.03790788,0.03790788,0.00000000,1.562633,1.585215,-0.014452,0.064045,0.064182,-0.002149,0.881935,0.882092,0.000157,0.01726202,2.14172225,1.000000
xamn5,XAM-N-5,105,106.000,111.000,5418,150,52,0.371429,10.400000,37.760857,14.041214,0.629348,1.373044,2.249209,2.215334,0.200385,19.824812,3923,2.249209,0.7936307191848755,18,0.346154,0.04003385,0.03768358,0.05870707,0.04003385,0.04003385,0.00000000,1.545721,1.569177,-0.015175,0.061998,0.062107,-0.001755,0.885503,0.885660,0.000157,0.01799537,2.03101076,1.000000
xamn5,XAM-N-5,106,107.000,112.000,5659,150,52,0.371429,10.400000,37.210323,14.282022,0.620172,1.372465,2.249550,2.181935,0.007615,18.382591,4150,2.249550,0.8725967407226562,20,0.384615,0.04191079,0.03947090,0.05821629,0.04191079,0.04191079,0.00000000,1.544448,1.566058,-0.013992,0.062950,0.063012,-0.000984,0.882527,0.882713,0.000186,0.01950507,2.00238647,1.000000
xamn5,XAM-N-5,107,108.000,113.000,5951,150,52,0.371429,10.400000,36.801117,14.546083,0.613352,1.376809,2.212316,2.302969,0.007615,18.773693,4412,2.212316,1.129584550857544,17,0.326923,0.04428892,0.04177308,0.05680511,0.04428892,0.04428892,0.00000000,1.548295,1.569853,-0.013923,0.064325,0.064323,0.000025,0.880061,0.880330,0.000269,0.02044009,1.96756827,1.000000
xamn5,XAM-N-5,108,109.000,114.000,6100,150,54,0.385714,10.800000,36.212292,14.807753,0.603538,1.388525,2.234430,2.429296,0.004041,19.045006,4515,2.234430,1.449407935142517,19,0.351852,0.04567736,0.04317075,0.05487657,0.04567736,0.04567736,0.00000000,1.562846,1.582709,-0.012710,0.065552,0.065480,0.001101,0.878146,0.878514,0.000368,0.01991511,1.96682175,1.000000
xamn5,XAM-N-5,109,110.000,115.000,6174,150,54,0.385714,10.800000,35.428013,15.046427,0.590467,1.359862,2.172754,2.436265,0.004041,18.824816,4580,2.172754,1.5535483360290527,19,0.351852,0.04649957,0.04407030,0.05224288,0.04649957,0.04649957,0.00000000,1.561505,1.581444,-0.012769,0.065321,0.065256,0.000998,0.878721,0.879097,0.000376,0.01996100,1.98165025,1.000000
xamn5,XAM-N-5,110,111.000,116.000,6189,150,56,0.400000,11.200000,34.559555,15.214677,0.575993,1.330386,2.099699,2.564292,0.004041,19.056826,4595,2.099699,1.861100196838379,16,0.285714,0.04687567,0.04456638,0.04926407,0.04687567,0.04687567,0.00000000,1.572093,1.592462,-0.012957,0.065644,0.065622,0.000336,0.878707,0.879065,0.000359,0.02082691,1.95664368,1.000000
xamn5,XAM-N-5,111,112.000,117.000,6308,150,59,0.421429,11.800000,33.729198,15.231187,0.562153,1.290834,2.032010,2.514436,0.002389,18.351202,4690,2.032010,2.033493995666504,22,0.372881,0.04794992,0.04573864,0.04611641,0.04794992,0.04794992,0.00000000,1.568615,1.595715,-0.017276,0.065828,0.065958,-0.001982,0.878051,0.878314,0.000263,0.02209934,1.89548814,1.000000
xamn5,XAM-N-5,112,113.000,118.000,6385,150,58,0.414286,11.600000,33.077271,15.315041,0.551288,1.303242,2.044553,2.419999,0.002389,17.207458,4703,2.044553,1.9721652269363403,22,0.379310,0.04870323,0.04662344,0.04270332,0.04870323,0.04870323,0.00000000,1.561586,1.588025,-0.016931,0.065002,0.065205,-0.003126,0.878812,0.878971,0.000160,0.02272673,1.90064583,1.000000
xamn5,XAM-N-5,113,114.000,119.000,6444,150,54,0.385714,10.800000,32.616379,15.443186,0.543606,1.287990,2.041963,2.376383,0.002182,16.743151,4708,2.041963,1.821315050125122,20,0.370370,0.04913858,0.04719127,0.03962884,0.04913858,0.04913858,0.00000000,1.534166,1.563165,-0.018902,0.062924,0.063226,-0.004802,0.881866,0.881983,0.000117,0.02266490,1.88722252,1.000000
xamn5,XAM-N-5,114,115.000,120.000,6559,150,56,0.400000,11.200000,32.301262,15.522261,0.538354,1.276929,2.083820,2.470782,0.002182,17.488310,4772,2.083820,2.0657224655151367,20,0.357143,0.05006884,0.04819064,0.03751240,0.05006884,0.05006884,0.00000000,1.521805,1.552998,-0.020498,0.062595,0.062853,-0.004129,0.880976,0.881168,0.000192,0.02225102,1.84497536,1.000000
xamn5,XAM-N-5,115,116.000,121.000,6548,150,56,0.400000,11.200000,32.191639,15.713596,0.536527,1.211165,1.990345,2.505985,0.002182,17.698889,4739,1.990345,2.1123058795928955,24,0.428571,0.05002424,0.04823020,0.03586342,0.05002424,0.05002424,0.00000000,1.508642,1.539418,-0.020400,0.062569,0.062807,-0.003802,0.879955,0.880215,0.000260,0.02178798,1.81471958,1.000000
xamn5,XAM-N-5,116,117.000,122.000,6421,150,59,0.421429,11.800000,32.289688,15.926230,0.538161,1.185245,1.942413,2.621002,0.002182,18.617405,4645,1.942413,2.3192996978759766,17,0.288136,0.04920798,0.04753173,0.03406459,0.04920798,0.04920798,0.00000000,1.485957,1.510957,-0.016824,0.059786,0.059901,-0.001935,0.885680,0.886010,0.000330,0.02165097,1.83159365,1.000000
xamn5,XAM-N-5,117,118.000,123.000,6346,150,60,0.428571,12.000000,32.467934,15.944839,0.541132,1.117424,1.835951,2.696156,0.002182,19.534756,4662,1.835951,2.4028797149658203,19,0.316667,0.04855891,0.04698502,0.03241186,0.04855891,0.04855891,0.00000000,1.487416,1.515710,-0.019023,0.060327,0.060425,-0.001622,0.884647,0.885094,0.000447,0.02183351,1.83342854,1.000000
xamn5,XAM-N-5,118,119.000,124.000,6286,150,59,0.421429,11.800000,32.667099,15.647618,0.544452,1.057245,1.709706,2.698961,0.004472,19.792685,4688,1.709706,2.336434841156006,19,0.322034,0.04819592,0.04669190,0.03120634,0.04819592,0.04819592,0.00000000,1.484084,1.508509,-0.016458,0.059418,0.059415,0.000053,0.886443,0.886886,0.000443,0.02122770,1.83816151,1.000000
xamn5,XAM-N-5,119,120.000,125.000,6206,150,55,0.392857,11.000000,33.085926,15.330832,0.551432,1.021673,1.589576,2.662344,0.004472,19.450163,4638,1.589576,2.076411008834839,19,0.345455,0.04747263,0.04603851,0.03020934,0.04747263,0.04747263,0.00000000,1.500720,1.525356,-0.016416,0.060451,0.060515,-0.001062,0.884969,0.885319,0.000349,0.02094355,1.87191214,1.000000
xamn5,XAM-N-5,120,121.000,126.000,6221,150,56,0.400000,11.200000,33.257584,14.960386,0.554293,1.023522,1.571558,2.603433,0.004472,19.189268,4610,1.571558,2.042501211166382,21,0.375000,0.04764718,0.04615884,0.03123659,0.04764718,0.04764718,0.00000000,1.515959,1.538142,-0.014633,0.062636,0.062616,0.000315,0.881124,0.881575,0.000451,0.02082407,1.84973719,1.000000
xamn5,XAM-N-5,121,122.000,127.000,6266,150,53,0.378571,10.600000,33.439583,14.572403,0.557326,1.030019,1.574023,2.521455,0.004472,18.875269,4602,1.574023,1.8258945941925049,26,0.490566,0.04785175,0.04627957,0.03285523,0.04785175,0.04785175,0.00000000,1.512617,1.534201,-0.014269,0.061759,0.061704,0.000891,0.882775,0.883294,0.000518,0.02140094,1.78708772,1.000000
xamn5,XAM-N-5,122,123.000,128.000,6298,150,55,0.392857,11.000000,33.630043,14.211858,0.560501,1.059433,1.639087,2.487840,0.004472,18.829514,4583,1.639087,1.8862240314483643,24,0.436364,0.04879096,0.04709882,0.03468153,0.04879096,0.04879096,0.00000000,1.524148,1.544350,-0.013255,0.062882,0.062842,0.000637,0.880576,0.881072,0.000496,0.02173219,1.69736244,1.000000
xamn5,XAM-N-5,123,124.000,129.000,6275,150,51,0.364286,10.200000,33.859764,14.218218,0.564329,1.101093,1.714160,2.487648,0.015188,18.847679,4543,1.714160,1.725661277770996,25,0.490196,0.04922924,0.04743324,0.03648234,0.04922924,0.04922924,0.00000000,1.553161,1.574552,-0.013773,0.065994,0.065989,0.000082,0.875135,0.875696,0.000561,0.02246459,1.63786214,1.000000
xamn5,XAM-N-5,124,125.000,130.000,6390,150,58,0.414286,11.600000,33.855873,14.405193,0.564265,1.159732,1.876950,2.499692,0.001585,18.968016,4656,1.876950,2.0704736709594727,25,0.431034,0.05072877,0.04883313,0.03736826,0.05072877,0.05072877,0.00000000,1.565434,1.584706,-0.012311,0.067044,0.066941,0.001532,0.874250,0.874919,0.000668,0.02229721,1.56847796,1.000000
xamn5,XAM-N-5,125,126.000,131.000,6342,150,54,0.385714,10.800000,33.846668,14.518252,0.564111,1.169172,1.900223,2.500468,0.001585,18.919861,4632,1.900223,1.920224666595459,23,0.425926,0.05087619,0.04898607,0.03715128,0.05087619,0.05087619,0.00000000,1.565211,1.587913,-0.014504,0.065982,0.065922,0.000900,0.876317,0.876962,0.000646,0.02244293,1.55244034,1.000000
xamn5,XAM-N-5,126,127.000,132.000,6317,150,57,0.407143,11.400000,33.514137,14.590789,0.558569,1.152208,1.878557,2.508052,0.001585,19.024794,4636,1.878557,2.091165065765381,22,0.385965,0.05132238,0.04945032,0.03647666,0.05132238,0.05132238,0.00000000,1.596736,1.618861,-0.013856,0.069743,0.069664,0.001133,0.869138,0.869801,0.000663,0.02323430,1.55678283,1.000000
xamn5,XAM-N-5,127,128.000,133.000,6222,150,58,0.414286,11.600000,33.034790,14.569829,0.550580,1.141458,1.869902,2.483971,0.001585,18.827415,4594,1.869902,2.110830783843994,23,0.396552,0.05042894,0.04858525,0.03656007,0.05042894,0.05042894,0.00000000,1.591560,1.610350,-0.011806,0.069319,0.069173,0.002110,0.869346,0.870167,0.000821,0.02301917,1.58535825,1.000000
xamn5,XAM-N-5,128,129.000,134.000,6198,150,56,0.400000,11.200000,32.691826,14.323609,0.544864,1.151244,1.867722,2.389240,0.001585,18.455944,4601,1.867722,1.9420833587646484,24,0.428571,0.05005754,0.04822227,0.03666312,0.05005754,0.05005754,0.00000000,1.574012,1.597856,-0.015148,0.066847,0.066745,0.001525,0.874393,0.875179,0.000786,0.02316255,1.60923752,1.000000
xamn5,XAM-N-5,129,130.000,135.000,6120,150,57,0.407143,11.400000,32.520069,13.807525,0.542001,1.107546,1.714982,2.240510,0.005304,17.918053,4555,1.714982,1.8049125671386719,24,0.421053,0.04935815,0.04755920,0.03644682,0.04935815,0.04935815,0.00000000,1.564597,1.592316,-0.017717,0.066362,0.066358,0.000053,0.874530,0.875193,0.000663,0.02337280,1.64994892,1.000000
xamn5,XAM-N-5,130,131.000,136.000,6213,150,57,0.407143,11.400000,32.745399,13.266328,0.545757,1.080229,1.679272,2.141856,0.005304,17.957127,4689,1.679272,1.699902892112732,25,0.438596,0.04998521,0.04807722,0.03817115,0.04998521,0.04998521,0.00000000,1.580655,1.606075,-0.016082,0.067631,0.067604,0.000405,0.873183,0.873791,0.000607,0.02410362,1.71937031,1.000000
xamn5,XAM-N-5,131,132.000,137.000,6174,150,53,0.378571,10.600000,33.229206,12.840008,0.553820,1.092486,1.685511,2.104886,0.152684,17.855925,4674,1.685511,1.4299304485321045,21,0.396226,0.04915159,0.04714065,0.04091304,0.04915159,0.04915159,0.00000000,1.597298,1.624316,-0.016915,0.068421,0.068431,-0.000139,0.871815,0.872408,0.000593,0.02331535,1.76918621,1.000000
xamn5,XAM-N-5,132,133.000,138.000,6246,150,55,0.392857,11.000000,33.806946,12.445465,0.563449,1.075783,1.643196,2.095813,0.152684,17.996988,4746,1.643196,1.4471710920333862,22,0.400000,0.04907425,0.04699267,0.04241683,0.04907425,0.04907425,0.00000000,1.594908,1.627208,-0.020251,0.068132,0.068211,-0.001155,0.873007,0.873376,0.000369,0.02334260,1.79147971,1.000000
xamn5,XAM-N-5,133,134.000,139.000,6378,150,58,0.414286,11.600000,34.131683,12.193445,0.568861,1.012182,1.575276,2.172670,0.152684,18.541397,4878,1.575276,1.6404401063919067,19,0.327586,0.04953898,0.04735197,0.04414726,0.04953898,0.04953898,0.00000000,1.593181,1.624475,-0.019642,0.069065,0.069103,-0.000558,0.870108,0.870481,0.000373,0.02360150,1.81121549,1.000000
xamn5,XAM-N-5,134,135.000,140.000,6500,150,59,0.421429,11.800000,34.281326,12.054242,0.571355,1.015700,1.657598,2.312409,0.152684,19.320934,4973,1.657598,1.8369389772415161,16,0.271186,0.04993595,0.04753292,0.04812225,0.04993595,0.04993595,0.00000000,1.573873,1.602750,-0.018348,0.067357,0.067375,-0.000263,0.872608,0.873000,0.000392,0.02396848,1.81820937,1.000000
xamn5,XAM-N-5,135,136.000,141.000,6488,150,59,0.421429,11.800000,34.124508,12.107373,0.568742,1.019300,1.661374,2.420153,0.004254,19.649527,4932,1.661374,1.9452896118164062,12,0.203390,0.04928249,0.04678175,0.05074299,0.04928249,0.04928249,0.00000000,1.540603,1.569659,-0.018860,0.064731,0.064789,-0.000901,0.876725,0.877066,0.000341,0.02310662,1.81125312,1.000000
xamn5,XAM-N-5,136,137.000,142.000,6610,150,58,0.414286,11.600000,33.788860,12.011143,0.563148,1.011005,1.648934,2.452588,0.004254,20.133417,5001,1.648934,2.001056671142578,17,0.293103,0.05011528,0.04750462,0.05209321,0.05011528,0.05011528,0.00000000,1.500301,1.530048,-0.019828,0.061615,0.061706,-0.001480,0.882334,0.882560,0.000226,0.02408966,1.81479768,1.000000
xamn5,XAM-N-5,137,138.000,143.000,6644,150,59,0.421429,11.800000,33.439869,12.017157,0.557331,1.001034,1.638256,2.428605,0.002000,19.982008,5022,1.638256,2.0573174953460693,16,0.271186,0.05049755,0.04761626,0.05705812,0.05049755,0.05049755,0.00000000,1.475728,1.504705,-0.019636,0.059062,0.059175,-0.001905,0.886859,0.887047,0.000188,0.02429165,1.82202791,0.999933
xamn5,XAM-N-5,138,139.000,144.000,6712,150,61,0.435714,12.200000,33.077465,12.027953,0.551291,1.015173,1.640645,2.424950,0.002000,19.815962,5037,1.640645,2.180847406387329,17,0.278689,0.05099461,0.04783197,0.06201910,0.05099461,0.05099461,0.00000000,1.468759,1.496447,-0.018851,0.057691,0.057815,-0.002152,0.889775,0.889944,0.000169,0.02496848,1.81984367,0.999933
xamn5,XAM-N-5,139,140.000,145.000,6746,150,63,0.450000,12.600000,32.834984,12.153957,0.547250,1.003992,1.552293,2.368294,0.002000,19.417643,5084,1.552293,2.2305028438568115,18,0.285714,0.05135622,0.04797465,0.06584538,0.05135622,0.05135622,0.00000000,1.475147,1.509265,-0.023128,0.057914,0.058121,-0.003569,0.889772,0.889886,0.000114,0.02521051,1.83023838,0.999868
xamn5,XAM-N-5,140,141.000,146.000,6898,150,63,0.450000,12.600000,32.639225,12.186683,0.543987,1.004204,1.545640,2.334227,0.002000,19.317122,5265,1.545640,2.251607656478882,20,0.317460,0.05249793,0.04886697,0.06916389,0.05249793,0.05249793,0.00000000,1.495681,1.529945,-0.022909,0.058172,0.058425,-0.004339,0.890462,0.890540,0.000078,0.02458291,1.84828324,0.999870
xamn5,XAM-N-5,141,142.000,147.000,7031,150,64,0.457143,12.800000,32.398388,12.306436,0.539973,1.006402,1.560505,2.333646,0.002000,18.998789,5443,1.560505,2.349299669265747,16,0.250000,0.05354089,0.04974359,0.07092329,0.05354089,0.05354089,0.00000000,1.518848,1.552873,-0.022402,0.060224,0.060463,-0.003964,0.887438,0.887581,0.000142,0.02451765,1.83097463,0.999873
xamn5,XAM-N-5,142,143.000,148.000,7117,150,62,0.442857,12.400000,32.095860,12.259977,0.534931,1.015653,1.590110,2.371692,0.004773,18.940815,5513,1.590110,2.3569741249084473,16,0.258065,0.05404571,0.05035577,0.06827456,0.05404571,0.05404571,0.00000000,1.546546,1.579763,-0.021478,0.063086,0.063323,-0.003751,0.882600,0.882818,0.000218,0.02542351,1.82065912,0.999937
xamn5,XAM-N-5,143,144.000,149.000,7165,150,65,0.464286,13.000000,31.777367,12.248928,0.529623,1.010800,1.572677,2.378196,0.004773,18.993980,5580,1.572677,2.5224757194519043,15,0.230769,0.05440952,0.05081132,0.06613175,0.05440952,0.05440952,0.00000000,1.558343,1.590770,-0.020809,0.064617,0.064881,-0.004083,0.879357,0.879515,0.000158,0.02597478,1.84949344,0.998566
xamn5,XAM-N-5,144,145.000,150.000,7127,150,59,0.421429,11.800000,31.496939,12.110067,0.524949,1.007484,1.573032,2.366840,0.004773,18.845881,5548,1.573032,2.310965061187744,15,0.254237,0.05477482,0.05133478,0.06280326,0.05477482,0.05477482,0.00000000,1.574711,1.601679,-0.017125,0.066635,0.066847,-0.003182,0.875080,0.875281,0.000202,0.02530931,1.87489776,0.997709
xamn5,XAM-N-5,145,146.000,151.000,6969,150,63,0.450000,12.600000,31.075075,11.780403,0.517918,1.014829,1.558489,2.256642,0.004773,17.753088,5390,1.558489,2.339503288269043,14,0.222222,0.05364409,0.05051361,0.05835651,0.05364409,0.05364409,0.00000000,1.564955,1.593715,-0.018377,0.066465,0.066717,-0.003799,0.874361,0.874507,0.000146,0.02386893,1.83565655,0.997664
xamn5,XAM-N-5,146,147.000,152.000,6810,150,61,0.435714,12.200000,31.019127,11.579012,0.516985,1.001761,1.526822,2.152254,0.004773,17.085926,5239,1.526822,2.100855827331543,11,0.180328,0.05232866,0.04941601,0.05566069,0.05232866,0.05232866,0.00000000,1.581766,1.608184,-0.016701,0.068436,0.068656,-0.003207,0.869794,0.869999,0.000205,0.02340676,1.84587212,0.997609
xamn5,XAM-N-5,147,148.000,153.000,6837,150,65,0.464286,13.000000,30.949926,11.484200,0.515832,0.990674,1.481352,2.050984,0.011471,16.483915,5295,1.481352,2.1789469718933105,11,0.169231,0.05306082,0.05020007,0.05391461,0.05306082,0.05306082,0.00000000,1.574392,1.599142,-0.015720,0.068266,0.068432,-0.002431,0.868794,0.869009,0.000215,0.02449661,1.80326241,0.997618
xamn5,XAM-N-5,148,149.000,154.000,6791,150,64,0.457143,12.800000,30.957844,11.328226,0.515964,1.006416,1.505168,1.896680,0.003747,15.183082,5301,1.505168,1.9756293296813965,15,0.234375,0.05327069,0.05049592,0.05208820,0.05327069,0.05327069,0.00000000,1.567540,1.592454,-0.015893,0.067541,0.067696,-0.002296,0.870627,0.870876,0.000249,0.02388475,1.74698435,0.999028
xamn5,XAM-N-5,149,150.000,155.000,6913,150,58,0.414286,11.600000,30.996624,11.216394,0.516610,1.007187,1.497341,1.752658,0.002993,14.024926,5428,1.497341,1.6062273979187012,14,0.241379,0.05406708,0.05130096,0.05116084,0.05406708,0.05406708,0.00000000,1.562446,1.586276,-0.015252,0.066625,0.066780,-0.002335,0.872805,0.873046,0.000241,0.02464387,1.68876468,1.000000
xamn5,XAM-N-5,150,151.000,156.000,7074,150,60,0.428571,12.000000,31.242388,11.394672,0.520706,1.019837,1.553753,1.743517,0.002993,14.088838,5563,1.553753,1.7210370302200317,18,0.300000,0.05586661,0.05291404,0.05285025,0.05586661,0.05586661,0.00000000,1.561929,1.584563,-0.014491,0.067705,0.067773,-0.001000,0.870559,0.870942,0.000383,0.02574195,1.67749808,1.000000
xamn5,XAM-N-5,151,152.000,157.000,7290,150,62,0.442857,12.400000,31.160372,11.598639,0.519340,1.040022,1.586565,1.777796,0.002993,14.001639,5737,1.586565,1.9346778392791748,21,0.338710,0.05828913,0.05510589,0.05461105,0.05828913,0.05828913,0.00000000,1.536509,1.563942,-0.017854,0.064051,0.064218,-0.002612,0.877987,0.878283,0.000296,0.02731357,1.67968608,1.000000
xamn5,XAM-N-5,152,153.000,158.000,7382,150,64,0.457143,12.800000,31.333120,11.926509,0.522219,1.044659,1.613059,1.839215,0.002993,14.413802,5791,1.613059,2.097931146621704,24,0.375000,0.05912198,0.05580636,0.05608111,0.05912198,0.05912198,0.00000000,1.523842,1.555900,-0.021038,0.062536,0.062821,-0.004555,0.880836,0.881054,0.000218,0.02768174,1.71222237,1.000000
xamn5,XAM-N-5,153,154.000,159.000,7447,150,64,0.457143,12.800000,31.304680,12.326512,0.521745,1.075272,1.649482,1.947707,0.002993,15.257272,5811,1.649482,2.243197202682495,19,0.296875,0.05972899,0.05630256,0.05736625,0.05972899,0.05972899,0.00000000,1.532996,1.564858,-0.020784,0.063785,0.064052,-0.004182,0.878519,0.878816,0.000296,0.02738395,1.74036430,1.000000
xamn5,XAM-N-5,154,155.000,160.000,7385,150,64,0.457143,12.800000,31.094597,12.628538,0.518243,1.081836,1.671371,2.075031,0.016830,15.927960,5723,1.671371,2.382636547088623,22,0.343750,0.05920726,0.05569207,0.05937103,0.05920726,0.05920726,0.00000000,1.535431,1.569853,-0.022419,0.064125,0.064377,-0.003939,0.878371,0.878741,0.000371,0.02725297,1.78188070,1.000000
xamn5,XAM-N-5,155,156.000,161.000,7390,150,64,0.457143,12.800000,31.091619,12.767738,0.518194,1.102245,1.729161,2.175592,0.005590,16.596596,5731,1.729161,2.4906437397003174,18,0.281250,0.05910624,0.05560424,0.05924926,0.05910624,0.05910624,0.00000000,1.547949,1.582381,-0.022244,0.064603,0.064852,-0.003848,0.878434,0.878754,0.000320,0.02692648,1.81158677,1.000000
xamn5,XAM-N-5,156,157.000,162.000,7394,150,66,0.471429,13.200000,31.167982,12.849901,0.519466,1.129904,1.773907,2.187660,0.005590,16.834799,5777,1.773907,2.5724844932556152,16,0.242424,0.05900355,0.05563162,0.05714788,0.05900355,0.05900355,0.00000000,1.567092,1.596508,-0.018771,0.067283,0.067431,-0.002207,0.873401,0.873767,0.000366,0.02671021,1.82787288,1.000000
xamn5,XAM-N-5,157,158.000,163.000,7325,150,64,0.457143,12.800000,31.033276,12.745813,0.517221,1.172650,1.851088,2.162497,0.005590,16.526228,5746,1.851088,2.4562742710113525,12,0.187500,0.05844052,0.05522362,0.05504569,0.05844052,0.05844052,0.00000000,1.580260,1.610087,-0.018874,0.068190,0.068324,-0.001967,0.872434,0.872784,0.000350,0.02604707,1.86015537,1.000000
xamn5,XAM-N-5,158,159.000,164.000,7227,150,60,0.428571,12.000000,31.145744,12.493621,0.519096,1.190403,1.916365,2.111468,0.005590,16.116587,5675,1.916365,2.202511787414551,15,0.250000,0.05762382,0.05465113,0.05158783,0.05762382,0.05762382,0.00000000,1.566007,1.597497,-0.020109,0.066273,0.066455,-0.002744,0.876092,0.876293,0.000202,0.02555821,1.84786645,1.000000
xamn5,XAM-N-5,159,160.000,165.000,7242,150,63,0.450000,12.600000,31.504375,12.323567,0.525073,1.205131,1.928280,2.154479,0.005590,16.933926,5719,1.928280,2.329737663269043,16,0.253968,0.05739824,0.05465386,0.04781292,0.05739824,0.05739824,0.00000000,1.550754,1.585597,-0.022468,0.065695,0.065926,-0.003517,0.876085,0.876234,0.000149,0.02584064,1.82659136,1.000000
xamn5,XAM-N-5,160,161.000,166.000,7148,150,65,0.464286,13.000000,31.819525,12.221361,0.530325,1.216730,1.931647,2.227589,0.029850,17.768396,5648,1.931647,2.418776512145996,16,0.246154,0.05620769,0.05370677,0.04449430,0.05620769,0.05620769,0.00000000,1.536125,1.570933,-0.022660,0.065026,0.065316,-0.004467,0.876118,0.876215,0.000097,0.02431588,1.85735538,1.000000
xamn5,XAM-N-5,161,162.000,167.000,6930,150,62,0.442857,12.400000,32.127499,11.955251,0.535458,1.197107,1.906593,2.311175,0.129896,18.515215,5417,1.906593,2.283592939376831,19,0.306452,0.05394842,0.05165728,0.04246915,0.05394842,0.05394842,0.00000000,1.514735,1.552790,-0.025123,0.063007,0.063338,-0.005242,0.879753,0.879821,0.000068,0.02239379,1.89247651,1.000000
xamn5,XAM-N-5,162,163.000,168.000,6846,150,64,0.457143,12.800000,32.548779,11.813367,0.542480,1.167115,1.864894,2.367305,0.050343,19.314928,5333,1.864894,2.3422765731811523,19,0.296875,0.05268768,0.05053380,0.04088014,0.05268768,0.05268768,0.00000000,1.493843,1.527742,-0.022692,0.061199,0.061431,-0.003785,0.882940,0.883091,0.000152,0.02225700,1.96924970,1.000000
xamn5,XAM-N-5,163,164.000,169.000,6785,150,62,0.442857,12.400000,32.812386,11.748613,0.546873,1.128439,1.832974,2.437497,0.002972,20.106831,5261,1.832974,2.278883934020996,20,0.322581,0.05160050,0.04947618,0.04116856,0.05160050,0.05160050,0.00000000,1.509131,1.541855,-0.021684,0.062880,0.063129,-0.003954,0.879814,0.879994,0.000180,0.02095566,2.05365112,1.000000
xamn5,XAM-N-5,164,165.000,170.000,6738,150,65,0.464286,13.000000,32.922840,11.721932,0.548714,1.108111,1.811171,2.429821,0.002400,19.826525,5214,1.811171,2.3696508407592773,20,0.307692,0.05134574,0.04924964,0.04082316,0.05134574,0.05134574,0.00000000,1.511984,1.539333,-0.018088,0.061965,0.062220,-0.004127,0.882949,0.883082,0.000133,0.02115899,2.18368096,1.000000
xamn5,XAM-N-5,165,166.000,171.000,6696,150,60,0.428571,12.000000,32.914986,11.754613,0.548583,1.051114,1.720144,2.426157,0.002400,19.488752,5172,1.720144,2.170012950897217,19,0.316667,0.05135846,0.04928239,0.04042302,0.05135846,0.05135846,0.00000000,1.525404,1.551918,-0.017382,0.063012,0.063226,-0.003391,0.880849,0.881028,0.000179,0.02249475,2.22853915,1.000000
xamn5,XAM-N-5,166,167.000,172.000,6687,150,60,0.428571,12.000000,32.843796,11.889306,0.547397,1.019985,1.677933,2.395048,0.002400,19.382002,5149,1.677933,2.1507692337036133,16,0.266667,0.05160808,0.04949867,0.04087359,0.05160808,0.05160808,0.00000000,1.522488,1.544011,-0.014137,0.062812,0.062967,-0.002468,0.880730,0.880900,0.000170,0.02188407,2.25775766,1.000000
xamn5,XAM-N-5,167,168.000,173.000,6666,150,61,0.435714,12.200000,32.603436,11.966182,0.543391,0.985812,1.602309,2.385669,0.002400,19.135073,5086,1.602309,2.2126553058624268,16,0.262295,0.05195142,0.04985843,0.04028734,0.05195142,0.05195142,0.00000000,1.555804,1.575744,-0.012817,0.065921,0.066042,-0.001831,0.875722,0.875935,0.000213,0.02267669,2.22081449,1.000000
xamn5,XAM-N-5,168,169.000,174.000,6670,150,58,0.414286,11.600000,32.400265,11.913193,0.540004,0.955522,1.503108,2.320644,0.002400,18.404661,5077,1.503108,2.0549330711364746,16,0.275862,0.05236415,0.05035600,0.03834981,0.05236415,0.05236415,0.00000000,1.551837,1.568942,-0.011023,0.066172,0.066245,-0.001091,0.874854,0.875075,0.000221,0.02299026,2.18448287,1.000000
xamn5,XAM-N-5,169,170.000,175.000,6628,150,60,0.428571,12.000000,32.273914,11.855713,0.537899,0.964285,1.499641,2.264734,0.009872,17.982615,5005,1.499641,2.0732409954071045,12,0.200000,0.05212281,0.05016238,0.03761170,0.05212281,0.05212281,0.00000000,1.523298,1.539427,-0.010588,0.063310,0.063341,-0.000502,0.879656,0.879887,0.000231,0.02329335,2.16132909,1.000000
xamn5,XAM-N-5,170,171.000,176.000,6727,150,60,0.428571,12.000000,32.332935,11.766951,0.538882,0.982132,1.524485,2.152601,0.009872,17.421316,5077,1.524485,1.9643386602401733,14,0.233333,0.05267148,0.05074608,0.03655481,0.05267148,0.05267148,0.00000000,1.494698,1.509278,-0.009755,0.061013,0.061013,0.000002,0.883799,0.884046,0.000247,0.02430549,2.11859313,1.000000
xamn5,XAM-N-5,171,172.000,177.000,6918,150,64,0.457143,12.800000,32.504383,11.666020,0.541740,1.008281,1.561188,2.102492,0.009872,16.980753,5295,1.561188,2.1000447273254395,16,0.250000,0.05397078,0.05201980,0.03614886,0.05397078,0.05397078,0.00000000,1.470437,1.485755,-0.010418,0.059082,0.059086,-0.000065,0.887091,0.887349,0.000257,0.02463059,2.08836871,1.000000
xamn5,XAM-N-5,172,173.000,178.000,7045,150,61,0.435714,12.200000,32.805851,11.477307,0.546764,1.049732,1.625749,2.030988,0.009872,16.495159,5464,1.625749,1.8991434574127197,18,0.295082,0.05455514,0.05253178,0.03708835,0.05455514,0.05455514,0.00000000,1.442256,1.456042,-0.009558,0.056694,0.056690,0.000061,0.890659,0.890882,0.000223,0.02408647,2.02321024,1.000000
xamn5,XAM-N-5,173,174.000,179.000,7251,150,61,0.435714,12.200000,33.108780,11.418280,0.551813,1.065488,1.656358,2.021882,0.125014,16.647463,5694,1.656358,1.8941824436187744,15,0.245902,0.05537744,0.05316026,0.04003757,0.05537744,0.05537744,0.00000000,1.411901,1.424624,-0.009011,0.053208,0.053154,0.001018,0.897040,0.897302,0.000263,0.02351894,1.98654203,1.000000
xamn5,XAM-N-5,174,175.000,180.000,7477,150,64,0.457143,12.800000,33.472775,11.373867,0.557880,1.052723,1.664425,2.008747,0.006526,16.836784,5931,1.664425,1.9985820055007935,15,0.234375,0.05622481,0.05384339,0.04235537,0.05622481,0.05622481,0.00000000,1.414339,1.425778,-0.008088,0.053871,0.053759,0.002080,0.895537,0.895849,0.000313,0.02409724,1.92853446,1.000000
xamn5,XAM-N-5,175,176.000,181.000,7564,150,66,0.471429,13.200000,33.623043,11.325507,0.560384,1.067200,1.705358,1.995989,0.006526,16.887020,6015,1.705358,2.0508456230163574,12,0.181818,0.05623403,0.05364094,0.04611241,0.05623403,0.05623403,0.00000000,1.408112,1.420058,-0.008483,0.053216,0.053120,0.001808,0.896741,0.897027,0.000286,0.02396192,1.85961834,1.000000
xamn5,XAM-N-5,176,177.000,182.000,7539,150,65,0.464286,13.000000,34.063736,11.375401,0.567729,1.082933,1.760455,1.964861,0.006526,17.113792,5959,1.760455,1.9081010818481445,10,0.153846,0.05537641,0.05268335,0.04863197,0.05537641,0.05537641,0.00000000,1.417808,1.433087,-0.010777,0.054078,0.054059,0.000352,0.895072,0.895297,0.000224,0.02441435,1.80945670,1.000000
xamn5,XAM-N-5,177,178.000,183.000,7554,150,66,0.471429,13.200000,34.452347,11.458986,0.574206,1.107485,1.831663,1.961465,0.006526,17.481037,5916,1.831663,1.9067751169204712,10,0.151515,0.05526146,0.05248409,0.05025866,0.05526146,0.05526146,0.00000000,1.431388,1.449658,-0.012764,0.054080,0.054128,-0.000887,0.896004,0.896174,0.000170,0.02539207,1.77789577,1.000000
xamn5,XAM-N-5,178,179.000,184.000,7453,150,65,0.464286,13.000000,34.801624,11.533132,0.580027,1.127010,1.862813,1.977609,0.006526,17.796003,5755,1.862813,1.840083122253418,13,0.200000,0.05483296,0.05208064,0.05019476,0.05483296,0.05483296,0.00000000,1.462276,1.483034,-0.014196,0.056424,0.056531,-0.001899,0.892515,0.892627,0.000112,0.02547566,1.74006970,1.000000
xamn5,XAM-N-5,179,180.000,185.000,7216,150,64,0.457143,12.800000,34.932800,11.562523,0.582213,1.153185,1.916218,1.964739,0.006356,17.541578,5504,1.916218,1.7203720808029175,16,0.250000,0.05335127,0.05065846,0.05047315,0.05335127,0.05335127,0.00000000,1.496427,1.520203,-0.015889,0.059718,0.059908,-0.003172,0.886869,0.886924,0.000055,0.02430833,1.71272978,1.000000
xamn5,XAM-N-5,180,181.000,186.000,7049,150,60,0.428571,12.000000,34.960506,11.644017,0.582675,1.162880,1.917911,1.945655,0.006029,16.991428,5350,1.917911,1.506368637084961,18,0.300000,0.05245969,0.04984810,0.04978273,0.05245969,0.05245969,0.00000000,1.536761,1.559437,-0.014756,0.063458,0.063636,-0.002800,0.880028,0.880117,0.000089,0.02312280,1.70366303,1.000000
xamn5,XAM-N-5,181,182.000,187.000,6912,150,62,0.442857,12.400000,34.485203,11.688952,0.574753,1.164455,1.914585,1.972399,0.006029,16.756716,5223,1.914585,1.639096736907959,17,0.274194,0.05204225,0.04940895,0.05059932,0.05204225,0.05204225,0.00000000,1.557389,1.576614,-0.012345,0.065111,0.065198,-0.001334,0.877937,0.878093,0.000156,0.02357528,1.66890518,1.000000
xamn5,XAM-N-5,182,183.000,188.000,6691,150,60,0.428571,12.000000,33.916080,11.659161,0.565268,1.162690,1.892265,2.044937,0.006029,16.597923,5060,1.892265,1.6355477571487427,16,0.266667,0.05061433,0.04799050,0.05183973,0.05061433,0.05061433,0.00000000,1.551719,1.570243,-0.011938,0.065397,0.065467,-0.001080,0.876657,0.876842,0.000184,0.02307367,1.62278847,1.000000
xamn5,XAM-N-5,183,184.000,189.000,6550,150,58,0.414286,11.600000,33.318691,11.628377,0.555312,1.166034,1.893508,2.144450,0.002831,16.509230,4945,1.893508,1.6878762245178223,12,0.206897,0.04982081,0.04712023,0.05420594,0.04982081,0.04982081,0.00000000,1.523478,1.541806,-0.012030,0.063267,0.063283,-0.000249,0.879768,0.880021,0.000253,0.02248069,1.58832004,1.000000
xamn5,XAM-N-5,184,185.000,190.000,6485,150,59,0.421429,11.800000,32.744961,11.507372,0.545749,1.156207,1.869667,2.215633,0.002831,16.831469,4880,1.869667,1.847293734550476,12,0.203390,0.04963159,0.04684241,0.05619767,0.04963159,0.04963159,0.00000000,1.486090,1.502904,-0.011315,0.059763,0.059717,0.000764,0.885679,0.885985,0.000306,0.02347457,1.56381951,1.000000
xamn5,XAM-N-5,185,186.000,191.000,6311,150,58,0.414286,11.600000,32.134514,11.393172,0.535575,1.118926,1.806680,2.324191,0.002831,17.324331,4715,1.806680,1.9356231689453125,13,0.224138,0.04844902,0.04551818,0.06049320,0.04844902,0.04844902,0.00000000,1.466677,1.488004,-0.014541,0.057879,0.057711,0.002895,0.889667,0.890173,0.000506,0.02333467,1.53423623,1.000000
xamn5,XAM-N-5,186,187.000,192.000,6162,150,59,0.421429,11.800000,31.540064,11.329629,0.525668,1.069749,1.726714,2.322786,0.002831,16.948364,4589,1.726714,1.970433235168457,13,0.220339,0.04702668,0.04406397,0.06300067,0.04702668,0.04702668,0.00000000,1.446569,1.468263,-0.014997,0.056152,0.055749,0.007164,0.892474,0.893529,0.001055,0.02220286,1.50923954,1.000000
xamn5,XAM-N-5,187,188.000,193.000,6176,150,61,0.435714,12.200000,31.130014,11.495578,0.518834,1.007822,1.618969,2.268596,0.002831,16.380211,4584,1.618969,2.0142574310302734,16,0.262295,0.04677960,0.04369493,0.06594044,0.04677960,0.04677960,0.00000000,1.452809,1.472552,-0.013590,0.057262,0.056717,0.009520,0.890388,0.891876,0.001488,0.02299827,1.51026986,1.000000
xamn5,XAM-N-5,188,189.000,194.000,6175,150,58,0.414286,11.600000,30.867832,11.650438,0.514464,0.975736,1.555575,2.145487,0.003163,15.717922,4568,1.555575,1.7647490501403809,17,0.293103,0.04632280,0.04316413,0.06818838,0.04632280,0.04632280,0.00000000,1.484493,1.503134,-0.012557,0.061251,0.060699,0.009007,0.881967,0.883619,0.001652,0.02299784,1.50688325,1.000000
xamn5,XAM-N-5,189,190.000,195.000,6182,150,57,0.407143,11.400000,30.706064,12.056683,0.511768,0.951263,1.491855,2.092693,0.003163,15.069369,4591,1.491855,1.669086217880249,14,0.245614,0.04601732,0.04277241,0.07051495,0.04601732,0.04601732,0.00000000,1.512915,1.530403,-0.011559,0.063896,0.063314,0.009113,0.876691,0.878448,0.001756,0.02106448,1.49285432,1.000000
xamn5,XAM-N-5,190,191.000,196.000,6228,150,52,0.371429,10.400000,30.657993,12.418152,0.510967,0.944334,1.494330,2.135595,0.020824,15.139238,4643,1.494330,1.53548264503479,12,0.230769,0.04632744,0.04316605,0.06824011,0.04632744,0.04632632,0.00002421,1.508621,1.521711,-0.008677,0.063813,0.063273,0.008466,0.876546,0.878427,0.001881,0.02002160,1.52351892,1.000000
xamn5,XAM-N-5,191,192.000,197.000,6270,150,51,0.364286,10.200000,30.787340,12.720573,0.513122,0.966343,1.519717,2.298438,0.010796,15.976721,4643,1.519717,1.6882355213165283,13,0.254902,0.04692972,0.04384394,0.06575306,0.04692972,0.04692794,0.00003777,1.503488,1.517755,-0.009490,0.062721,0.062432,0.004608,0.879124,0.880573,0.001449,0.02059775,1.58084343,1.000000
xamn5,XAM-N-5,192,193.000,198.000,6237,150,54,0.385714,10.800000,30.800991,12.842196,0.513350,1.005685,1.560628,2.464350,0.010796,17.039553,4579,1.560628,1.9961974620819092,10,0.185185,0.04712388,0.04414181,0.06328132,0.04712388,0.04711905,0.00010235,1.486775,1.502868,-0.010824,0.061528,0.061136,0.006369,0.880942,0.882423,0.001481,0.02189149,1.63387316,1.000000
xamn5,XAM-N-5,193,194.000,199.000,6196,150,54,0.385714,10.800000,31.084476,13.052588,0.518075,1.051883,1.678062,2.601818,0.010796,18.234049,4538,1.678062,2.150667667388916,14,0.259259,0.04782165,0.04496193,0.05979962,0.04782165,0.04781378,0.00016465,1.479891,1.494953,-0.010178,0.060155,0.059645,0.008477,0.885128,0.886719,0.001591,0.02119633,1.71343587,1.000000
xamn5,XAM-N-5,194,195.000,200.000,6141,150,53,0.378571,10.600000,31.562017,13.147546,0.526034,1.107610,1.743551,2.753576,0.010796,19.288984,4500,1.743551,2.262490749359131,14,0.264151,0.04844605,0.04571254,0.05642386,0.04844605,0.04843155,0.00029933,1.484716,1.496361,-0.007843,0.061724,0.060902,0.013313,0.882026,0.884036,0.002010,0.01997595,1.79390132,1.000000
xamn5,XAM-N-5,195,196.000,201.000,6095,150,53,0.378571,10.600000,32.217419,13.299105,0.536957,1.172797,1.837766,2.783260,0.010796,19.669809,4442,1.837766,2.2622463703155518,13,0.245283,0.04904096,0.04634299,0.05501473,0.04904096,0.04901960,0.00043568,1.495035,1.504965,-0.006642,0.062244,0.061242,0.016088,0.881678,0.883655,0.001976,0.01988454,1.86589279,1.000000
xamn5,XAM-N-5,196,197.000,202.000,5997,150,52,0.371429,10.400000,32.786110,13.473707,0.546435,1.248498,1.977523,2.730279,0.030375,19.754259,4358,1.977523,2.1226000785827637,15,0.288462,0.04920911,0.04648659,0.05532555,0.04920911,0.04918603,0.00046890,1.488422,1.503143,-0.009890,0.061947,0.060983,0.015556,0.881564,0.883415,0.001851,0.01980665,1.93569613,1.000000
xamn5,XAM-N-5,197,198.000,203.000,5825,150,53,0.378571,10.600000,33.489601,13.799729,0.558160,1.296881,2.066686,2.682733,0.109097,19.909197,4236,2.066686,2.029545307159424,16,0.301887,0.04865555,0.04596473,0.05530348,0.04865555,0.04863191,0.00048588,1.494642,1.507229,-0.008422,0.062241,0.061422,0.013150,0.881140,0.882650,0.001510,0.01850033,2.05038102,1.000000
xamn5,XAM-N-5,198,199.000,204.000,5693,150,51,0.364286,10.200000,34.083447,14.062566,0.568057,1.354430,2.126405,2.710961,0.296746,20.243755,4143,2.126405,1.8985503911972046,14,0.274510,0.04774890,0.04509721,0.05553414,0.04774890,0.04772370,0.00052785,1.479178,1.494163,-0.010131,0.060686,0.059996,0.011369,0.883683,0.884910,0.001227,0.01642604,2.16468178,1.000000
xamn5,XAM-N-5,199,200.000,205.000,5599,150,52,0.371429,10.400000,34.555260,14.442210,0.575921,1.406417,2.239329,2.710048,0.016686,21.347919,4011,2.239329,1.868953824043274,15,0.288462,0.04698325,0.04436272,0.05577574,0.04698325,0.04696219,0.00044826,1.465380,1.487161,-0.014864,0.057932,0.057668,0.004572,0.889296,0.889910,0.000615,0.01622298,2.35157732,1.000000
xamn5,XAM-N-5,200,201.000,206.000,5582,150,52,0.371429,10.400000,34.969135,14.777609,0.582819,1.462021,2.329581,2.639172,0.000525,21.998777,3939,2.329581,1.7378723621368408,18,0.346154,0.04650010,0.04388253,0.05629174,0.04650010,0.04648513,0.00032197,1.457726,1.481705,-0.016449,0.056934,0.056949,-0.000269,0.891029,0.891307,0.000278,0.01814680,2.64549416,0.999600
xamn5,XAM-N-5,201,202.000,207.000,5531,150,49,0.350000,9.800000,35.391064,15.222824,0.589851,1.460998,2.300370,2.557755,0.000525,21.619646,3868,2.300370,1.4481441974639893,17,0.346939,0.04526062,0.04273711,0.05575491,0.04526062,0.04524800,0.00027866,1.485643,1.505922,-0.013651,0.059661,0.059658,0.000050,0.885994,0.886254,0.000260,0.01658604,3.85016345,0.999031
xamn5,XAM-N-5,202,203.000,208.000,5573,150,51,0.364286,10.200000,35.854408,15.611328,0.597573,1.505372,2.404077,2.466562,0.000525,21.293467,3828,2.404077,1.373653531074524,15,0.294118,0.04490889,0.04246350,0.05445239,0.04490889,0.04489437,0.00032335,1.502313,1.525267,-0.015279,0.060650,0.060738,-0.001448,0.884508,0.884714,0.000206,0.01602200,2.85912842,0.999039
xamn5,XAM-N-5,203,204.000,209.000,5544,150,52,0.371429,10.400000,36.032383,15.840610,0.600540,1.480415,2.361965,2.478444,0.000525,21.662865,3781,2.361965,1.3790180683135986,11,0.211538,0.04404571,0.04173236,0.05252166,0.04404571,0.04402806,0.00040068,1.505626,1.530452,-0.016489,0.060431,0.060532,-0.001676,0.885166,0.885400,0.000233,0.01536641,2.52797840,0.998875
xamn5,XAM-N-5,204,205.000,210.000,5527,150,52,0.371429,10.400000,36.195332,15.917635,0.603256,1.458205,2.315995,2.472320,0.000525,21.453800,3744,2.315995,1.3207427263259888,10,0.192308,0.04302882,0.04086978,0.05017661,0.04302882,0.04301125,0.00040847,1.490224,1.516412,-0.017573,0.058953,0.059045,-0.001551,0.888567,0.888806,0.000239,0.01565136,2.46133178,0.998870
xamn5,XAM-N-5,205,206.000,211.000,5437,150,51,0.364286,10.200000,36.217018,15.909426,0.603617,1.482272,2.353740,2.532923,0.003042,21.095560,3695,2.353740,1.3002617359161377,10,0.196078,0.04177834,0.03981167,0.04707390,0.04177834,0.04175980,0.00044359,1.495080,1.525146,-0.020110,0.058846,0.059048,-0.003432,0.888757,0.888898,0.000141,0.01549394,2.34194734,0.999262
xamn5,XAM-N-5,206,207.000,212.000,5396,150,52,0.371429,10.400000,36.187843,15.565885,0.603131,1.471909,2.374448,2.634881,0.000507,21.472002,3694,2.374448,1.434814691543579,13,0.250000,0.04124021,0.03938189,0.04506105,0.04124021,0.04121371,0.00064264,1.494957,1.521364,-0.017664,0.059403,0.059534,-0.002207,0.887451,0.887703,0.000252,0.01537696,2.21767379,0.999835
xamn5,XAM-N-5,207,208.000,213.000,5360,150,51,0.364286,10.200000,35.896034,14.984930,0.598267,1.433737,2.262193,2.753181,0.000367,21.836351,3651,2.262193,1.5304776430130005,14,0.274510,0.04068229,0.03893137,0.04303893,0.04068229,0.04065732,0.00061371,1.503975,1.529673,-0.017087,0.060252,0.060334,-0.001352,0.886727,0.887034,0.000307,0.01722804,2.13689897,0.999834
xamn5,XAM-N-5,208,209.000,214.000,5336,150,50,0.357143,10.000000,35.572487,14.459103,0.592875,1.432738,2.281712,2.705722,0.000367,20.817888,3573,2.281712,1.4551658630371094,16,0.320000,0.04039654,0.03871952,0.04151408,0.04039654,0.04037480,0.00053816,1.497122,1.517549,-0.013644,0.059519,0.059636,-0.001968,0.888248,0.888479,0.000230,0.01761859,2.15843261,1.000000
xamn5,XAM-N-5,209,210.000,215.000,5383,150,52,0.371429,10.400000,35.375076,13.945422,0.589585,1.425746,2.245083,2.718698,0.000367,20.206228,3586,2.245083,1.585557222366333,18,0.346154,0.04095954,0.03930353,0.04043045,0.04095954,0.04093282,0.00065244,1.522396,1.539724,-0.011382,0.061960,0.062051,-0.001468,0.883426,0.883663,0.000237,0.01764291,2.15822025,1.000000
xamn5,XAM-N-5,210,211.000,216.000,5545,150,53,0.378571,10.600000,35.120018,13.525867,0.585334,1.365524,2.149157,2.680724,0.000367,20.071884,3736,2.149157,1.6568752527236938,16,0.301887,0.04237830,0.04070927,0.03938428,0.04237830,0.04234977,0.00067328,1.516556,1.529622,-0.008616,0.062401,0.062372,0.000478,0.882126,0.882467,0.000341,0.01943937,2.18409651,1.000000
xamn5,XAM-N-5,211,212.000,217.000,5623,150,50,0.357143,10.000000,34.759460,13.233777,0.579324,1.350948,2.090363,2.578831,0.000367,19.282110,3796,2.090363,1.494301676750183,18,0.360000,0.04340151,0.04177056,0.03757816,0.04340151,0.04337629,0.00058110,1.515482,1.535187,-0.013002,0.061688,0.061711,-0.000386,0.883967,0.884254,0.000287,0.02064058,2.34459071,1.000000
xamn5,XAM-N-5,212,213.000,218.000,5697,150,52,0.371429,10.400000,34.798187,13.189675,0.579970,1.324316,2.071207,2.409924,0.001262,18.186028,3898,2.071207,1.4093496799468994,17,0.326923,0.04412180,0.04253078,0.03605977,0.04412180,0.04410057,0.00048125,1.487148,1.505036,-0.012029,0.058971,0.058986,-0.000267,0.888490,0.888732,0.000242,0.01855598,2.50832881,1.000000
xamn5,XAM-N-5,213,214.000,219.000,5818,150,50,0.357143,10.000000,34.779442,13.220537,0.579657,1.298121,2.008797,2.372175,0.001262,17.979498,4041,2.008797,1.325270414352417,17,0.340000,0.04505572,0.04341989,0.03630678,0.04505572,0.04503900,0.00037118,1.497445,1.515162,-0.011832,0.060526,0.060469,0.000931,0.885448,0.885759,0.000311,0.01911136,2.56630577,1.000000
xamn5,XAM-N-5,214,215.000,220.000,5845,150,52,0.371429,10.400000,34.648777,13.249031,0.577480,1.292669,2.016943,2.295104,0.001262,17.524248,4128,2.016943,1.3424665927886963,17,0.326923,0.04539837,0.04375322,0.03623815,0.04539837,0.04538905,0.00020539,1.486628,1.502200,-0.010475,0.060235,0.060120,0.001910,0.885674,0.886054,0.000379,0.01937710,2.76196775,1.000000
xamn5,XAM-N-5,215,216.000,221.000,5770,150,49,0.350000,9.800000,34.571991,13.228237,0.576200,1.287802,2.040740,2.306156,0.001262,17.744020,4046,2.040740,1.2236404418945312,18,0.367347,0.04486905,0.04322886,0.03655493,0.04486905,0.04486439,0.00010391,1.476738,1.492876,-0.010928,0.059181,0.059083,0.001651,0.887941,0.888304,0.000363,0.01803978,2.98592068,1.000000
xamn5,XAM-N-5,216,217.000,222.000,5919,150,51,0.364286,10.200000,34.822399,13.309383,0.580373,1.286015,2.039944,2.366049,0.001262,18.731613,4189,2.039944,1.3853418827056885,11,0.215686,0.04587634,0.04412523,0.03817016,0.04587634,0.04587634,0.00000000,1.477319,1.489247,-0.008075,0.060250,0.060121,0.002143,0.885006,0.885398,0.000391,0.01721044,2.73218188,1.000000
xamn5,XAM-N-5,217,218.000,223.000,5921,150,50,0.357143,10.000000,34.669525,13.182319,0.577825,1.253928,1.984196,2.466730,0.002844,19.663792,4223,1.984196,1.4774534702301025,16,0.320000,0.04606377,0.04417492,0.04100518,0.04606377,0.04606377,0.00000000,1.486926,1.500168,-0.008905,0.061353,0.061251,0.001659,0.882177,0.882539,0.000362,0.01788676,2.55530861,1.000000
xamn5,XAM-N-5,218,219.000,224.000,5821,150,52,0.371429,10.400000,34.770802,13.122792,0.579513,1.241103,1.986773,2.470366,0.002844,20.377243,4183,1.986773,1.5274462699890137,17,0.326923,0.04541233,0.04343077,0.04363477,0.04541233,0.04541233,0.00000000,1.511830,1.525106,-0.008782,0.063373,0.063321,0.000823,0.878339,0.878640,0.000301,0.01816467,2.35286277,1.000000
xamn5,XAM-N-5,219,220.000,225.000,5692,150,50,0.357143,10.000000,34.915829,12.857152,0.581930,1.249039,2.021345,2.474276,0.001071,20.838326,4043,2.021345,1.4051897525787354,15,0.300000,0.04445116,0.04240253,0.04608727,0.04445116,0.04445116,0.00000000,1.528581,1.546183,-0.011515,0.064140,0.064125,0.000232,0.877159,0.877417,0.000258,0.01823466,2.31755512,1.000000
xamn5,XAM-N-5,220,221.000,226.000,5637,150,53,0.378571,10.600000,35.081867,12.465795,0.584698,1.229163,1.956017,2.443828,0.001071,21.239985,3984,1.956017,1.4615919589996338,17,0.320755,0.04407706,0.04195026,0.04825173,0.04407706,0.04407706,0.00000000,1.544960,1.568318,-0.015119,0.065661,0.065661,-0.000007,0.874135,0.874399,0.000264,0.01852995,2.28124689,1.000000
xamn5,XAM-N-5,221,222.000,227.000,5334,150,51,0.364286,10.200000,35.126053,11.935838,0.585434,1.213361,1.956057,2.485326,0.001071,21.889084,3681,1.956057,1.3367319107055664,19,0.372549,0.04169676,0.03966526,0.04872060,0.04169676,0.04169676,0.00000000,1.560727,1.584832,-0.015445,0.066816,0.066808,0.000117,0.872662,0.872961,0.000299,0.01876845,2.26325476,1.000000
xamn5,XAM-N-5,222,223.000,228.000,5067,150,44,0.314286,8.800000,35.281757,11.540540,0.588029,1.241954,2.037084,2.406101,0.001071,21.588110,3419,2.037084,0.8766664266586304,16,0.363636,0.03944399,0.03752495,0.04865232,0.03944399,0.03944399,0.00000000,1.560180,1.590074,-0.019161,0.067050,0.067158,-0.001609,0.872345,0.872534,0.000189,0.01761861,2.27454392,1.000000
xamn5,XAM-N-5,223,224.000,229.000,4960,150,46,0.328571,9.200000,35.341503,11.093074,0.589025,1.282315,2.059666,2.300563,0.001071,20.678322,3277,2.059666,0.7940545678138733,16,0.347826,0.03838860,0.03655441,0.04777950,0.03838860,0.03838860,0.00000000,1.564236,1.598801,-0.022097,0.067067,0.067232,-0.002457,0.872366,0.872524,0.000158,0.01689802,2.30020044,1.000000
xamn5,XAM-N-5,224,225.000,230.000,4852,150,46,0.328571,9.200000,35.409821,11.082508,0.590164,1.283287,2.083060,2.266149,0.006606,20.392530,3165,2.083060,0.7085589170455933,19,0.413043,0.03726978,0.03549078,0.04773305,0.03726978,0.03726978,0.00000000,1.571779,1.605677,-0.021567,0.067615,0.067848,-0.003447,0.871482,0.871529,0.000047,0.01712455,2.26948661,1.000000
xamn5,XAM-N-5,225,226.000,231.000,4685,150,43,0.307143,8.600000,35.687851,11.497043,0.594798,1.266790,2.060406,2.294704,0.003864,20.384214,3005,2.060406,0.5375515222549438,16,0.372093,0.03562065,0.03391515,0.04787968,0.03562065,0.03562065,0.00000000,1.576630,1.610288,-0.021348,0.067479,0.067830,-0.005215,0.872314,0.872276,-0.000038,0.01455571,2.22172733,1.000000
xamn5,XAM-N-5,226,227.000,232.000,4617,150,40,0.285714,8.000000,35.914383,11.957096,0.598573,1.275813,2.067277,2.259868,0.003864,19.925253,2919,2.067277,0.3317398428916931,16,0.400000,0.03480996,0.03308725,0.04948887,0.03480996,0.03480996,0.00000000,1.567254,1.597551,-0.019331,0.065949,0.066271,-0.004883,0.875295,0.875080,-0.000215,0.01484028,2.10701815,1.000000
xamn5,XAM-N-5,227,228.000,233.000,4681,150,43,0.307143,8.600000,36.232544,12.345884,0.603876,1.246924,2.015248,2.499448,0.003864,21.921059,2958,2.015248,0.697676420211792,12,0.279070,0.03505057,0.03328876,0.05026492,0.03505057,0.03505057,0.00000000,1.571247,1.594148,-0.014575,0.065865,0.066081,-0.003279,0.876021,0.875929,-0.000093,0.01606491,1.98028456,1.000000
xamn5,XAM-N-5,228,229.000,234.000,4574,150,41,0.292857,8.200000,36.709843,12.787835,0.611831,1.242422,2.054929,2.664975,0.003864,23.312527,2895,2.054929,0.7261409163475037,12,0.292683,0.03407313,0.03238233,0.04962271,0.03407313,0.03407313,0.00000000,1.557338,1.578365,-0.013502,0.065623,0.065851,-0.003476,0.876091,0.875919,-0.000172,0.01669954,1.85856038,1.000000
xamn5,XAM-N-5,229,230.000,235.000,4518,150,44,0.314286,8.800000,37.153019,13.094501,0.619217,1.230854,2.042037,2.669295,0.003864,23.862005,2916,2.042037,0.7919936776161194,13,0.295455,0.03354173,0.03195518,0.04730075,0.03354173,0.03354173,0.00000000,1.521025,1.543802,-0.014975,0.062055,0.062462,-0.006544,0.882571,0.882246,-0.000325,0.01637261,1.79525464,1.000000
xamn5,XAM-N-5,230,231.000,236.000,4523,150,45,0.321429,9.000000,37.326607,13.150290,0.622110,1.285653,2.144960,2.636474,0.007070,23.687256,2981,2.144960,0.7792091965675354,17,0.377778,0.03351064,0.03200100,0.04504961,0.03351064,0.03351064,0.00000000,1.515755,1.535886,-0.013281,0.061561,0.061880,-0.005187,0.883445,0.883127,-0.000318,0.01787822,1.74449491,1.000000
xamn5,XAM-N-5,231,232.000,237.000,4544,150,46,0.328571,9.200000,37.295994,13.204787,0.621600,1.318206,2.198140,2.646496,0.007070,23.946548,3051,2.198140,0.8344682455062866,17,0.369565,0.03357089,0.03213620,0.04273617,0.03357089,0.03357089,0.00000000,1.492814,1.518293,-0.017068,0.059313,0.059773,-0.007767,0.886921,0.886610,-0.000311,0.01658496,1.75176641,1.000000
xamn5,XAM-N-5,232,233.000,238.000,4645,150,49,0.350000,9.800000,37.476784,13.394182,0.624613,1.396812,2.301341,2.570571,0.004525,23.705244,3184,2.301341,0.8781668543815613,18,0.367347,0.03424464,0.03284736,0.04080284,0.03424464,0.03424464,0.00000000,1.496909,1.523769,-0.017944,0.059206,0.059634,-0.007235,0.887856,0.887554,-0.000302,0.01671590,1.80094128,1.000000
xamn5,XAM-N-5,233,234.000,239.000,4864,150,49,0.350000,9.800000,37.424999,13.655274,0.623750,1.429313,2.309256,2.490559,0.004525,23.270769,3362,2.309256,0.8547869920730591,18,0.367347,0.03588545,0.03446608,0.03955280,0.03588545,0.03588545,0.00000000,1.485732,1.517122,-0.021128,0.058135,0.058552,-0.007177,0.889522,0.889299,-0.000223,0.01721967,1.79748394,1.000000
xamn5,XAM-N-5,234,235.000,240.000,5107,150,50,0.357143,10.000000,37.377373,13.747957,0.622956,1.439299,2.274167,2.398115,0.004525,22.331547,3503,2.274167,0.8603489398956299,17,0.340000,0.03762671,0.03615059,0.03923046,0.03762671,0.03762671,0.00000000,1.490089,1.518461,-0.019040,0.058972,0.059187,-0.003640,0.887699,0.887723,0.000024,0.01768404,1.79987050,1.000000
xamn5,XAM-N-5,235,236.000,241.000,5399,150,50,0.357143,10.000000,37.554359,13.773093,0.625906,1.407125,2.183966,2.316922,0.004525,21.852257,3721,2.183966,0.8333972692489624,15,0.300000,0.03972333,0.03819799,0.03839910,0.03972333,0.03972333,0.00000000,1.467071,1.493561,-0.018056,0.056760,0.056936,-0.003112,0.891594,0.891695,0.000102,0.01705271,1.82811771,1.000000
xamn5,XAM-N-5,236,237.000,242.000,5693,150,50,0.357143,10.000000,37.985359,13.682569,0.633089,1.406770,2.166898,2.216842,0.004525,21.119263,4014,2.166898,0.768142819404602,15,0.300000,0.04192661,0.04037136,0.03709461,0.04192661,0.04192661,0.00000000,1.475974,1.499214,-0.015745,0.058121,0.058264,-0.002459,0.889346,0.889464,0.000118,0.01852935,1.76835733,1.000000
xamn5,XAM-N-5,237,238.000,243.000,5885,150,52,0.371429,10.400000,38.114655,13.406056,0.635244,1.399613,2.150842,2.100682,0.001579,19.813818,4184,2.150842,0.7759761810302734,21,0.403846,0.04377775,0.04219031,0.03626128,0.04377775,0.04377775,0.00000000,1.469853,1.490627,-0.014133,0.057967,0.058083,-0.002004,0.889186,0.889294,0.000108,0.01991823,1.66170691,1.000000
xamn5,XAM-N-5,238,239.000,244.000,6045,150,53,0.378571,10.600000,38.449234,13.025867,0.640821,1.372205,2.122772,2.081478,0.001579,19.636356,4250,2.122772,0.8225734233856201,22,0.415094,0.04530154,0.04363356,0.03681945,0.04530154,0.04530154,0.00000000,1.477818,1.494249,-0.011119,0.058147,0.058192,-0.000775,0.889455,0.889589,0.000134,0.02083844,1.63894671,1.000000
xamn5,XAM-N-5,239,240.000,245.000,6054,150,51,0.364286,10.200000,38.673138,12.614084,0.644552,1.355989,2.104301,2.091850,0.001579,19.835966,4246,2.104301,0.7541409730911255,26,0.509804,0.04577328,0.04403917,0.03788476,0.04577328,0.04577328,0.00000000,1.474738,1.490486,-0.010679,0.058100,0.058134,-0.000582,0.889472,0.889580,0.000108,0.02128615,1.56029101,1.000000
xamn5,XAM-N-5,240,241.000,246.000,6001,150,53,0.378571,10.600000,39.002407,12.193038,0.650040,1.353434,2.132627,2.016636,0.001579,19.413246,4168,2.132627,0.7232451438903809,24,0.452830,0.04581309,0.04399488,0.03968752,0.04581309,0.04581309,0.00000000,1.476679,1.492226,-0.010529,0.058338,0.058379,-0.000713,0.889255,0.889317,0.000062,0.02129555,1.48255626,1.000000
xamn5,XAM-N-5,241,242.000,247.000,5949,150,55,0.392857,11.000000,39.168606,11.760387,0.652810,1.303002,2.075023,1.961233,0.001579,19.393192,4083,2.075023,0.7260735034942627,23,0.418182,0.04580066,0.04390696,0.04134675,0.04580066,0.04580066,0.00000000,1.466533,1.483017,-0.011240,0.056631,0.056650,-0.000329,0.892325,0.892417,0.000092,0.02114917,1.43131904,1.000000
xamn5,XAM-N-5,242,243.000,248.000,5797,150,53,0.378571,10.600000,39.269791,11.392558,0.654497,1.277875,2.057756,1.926672,0.003447,19.556301,3957,2.057756,0.5745811462402344,19,0.358491,0.04510172,0.04320257,0.04210816,0.04510172,0.04510172,0.00000000,1.463340,1.483336,-0.013665,0.057119,0.057171,-0.000910,0.890593,0.890655,0.000062,0.02103146,1.39598707,1.000000
xamn5,XAM-N-5,243,244.000,249.000,5670,150,53,0.378571,10.600000,39.189430,10.981243,0.653157,1.239443,2.021305,1.842688,0.006827,19.160910,3981,2.021305,0.4717378616333008,17,0.320755,0.04465897,0.04278790,0.04189699,0.04465897,0.04465897,0.00000000,1.452481,1.470475,-0.012389,0.056576,0.056615,-0.000691,0.891110,0.891183,0.000073,0.02125591,1.33147606,1.000000
xamn5,XAM-N-5,244,245.000,250.000,5706,150,55,0.392857,11.000000,38.919361,10.694645,0.648656,1.190489,1.973864,1.823414,0.006827,18.958620,4103,1.973864,0.5810815095901489,12,0.218182,0.04544872,0.04361933,0.04025155,0.04544872,0.04544872,0.00000000,1.444078,1.464745,-0.014311,0.055490,0.055604,-0.002050,0.893709,0.893728,0.000020,0.02260132,1.29465560,1.000000
xamn5,XAM-N-5,245,246.000,251.000,5628,150,53,0.378571,10.600000,38.555710,10.516587,0.642595,1.176095,1.948850,1.839425,0.000484,18.962069,4123,1.948850,0.5491670370101929,14,0.264151,0.04540786,0.04365130,0.03868390,0.04540786,0.04540786,0.00000000,1.457153,1.478093,-0.014370,0.057404,0.057497,-0.001630,0.889399,0.889477,0.000079,0.02302230,1.26751614,1.000000
xamn5,XAM-N-5,246,247.000,252.000,5593,150,52,0.371429,10.400000,38.084320,10.364451,0.634739,1.185755,1.965352,1.863830,0.000484,18.734055,4122,1.965352,0.611494779586792,14,0.269231,0.04634998,0.04465188,0.03663660,0.04634998,0.04634998,0.00000000,1.470046,1.489011,-0.012901,0.060367,0.060447,-0.001331,0.883104,0.883192,0.000088,0.02421765,1.24356015,1.000000
xamn5,XAM-N-5,247,248.000,253.000,5585,150,53,0.378571,10.600000,37.605186,10.083906,0.626753,1.165457,1.922574,1.862714,0.000484,18.414299,4118,1.922574,0.6982895135879517,13,0.245283,0.04657773,0.04494943,0.03495860,0.04657773,0.04657773,0.00000000,1.466820,1.483854,-0.011612,0.058153,0.058260,-0.001833,0.888867,0.888937,0.000071,0.02446709,1.24014297,1.000000
xamn5,XAM-N-5,248,249.000,254.000,5672,150,55,0.392857,11.000000,37.272530,9.814393,0.621209,1.146365,1.869917,1.919209,0.000484,18.747505,4151,1.869917,0.8986148834228516,13,0.236364,0.04741333,0.04581507,0.03370911,0.04741333,0.04741333,0.00000000,1.466713,1.485584,-0.012866,0.058120,0.058250,-0.002243,0.888800,0.888872,0.000072,0.02499517,1.27956271,1.000000
xamn5,XAM-N-5,249,250.000,255.000,5628,150,53,0.378571,10.600000,37.141430,9.499917,0.619024,1.149231,1.869547,1.915681,0.000484,18.864733,4091,1.869547,0.8204073905944824,13,0.245283,0.04723528,0.04568580,0.03280352,0.04723528,0.04723528,0.00000000,1.487848,1.504227,-0.011009,0.060361,0.060409,-0.000783,0.884162,0.884321,0.000159,0.02374233,1.31619468,1.000000
xamn5,XAM-N-5,250,251.000,256.000,5756,150,55,0.392857,11.000000,36.835529,9.175762,0.613925,1.106300,1.811754,1.948703,0.002005,19.264925,4174,1.811754,1.0017520189285278,14,0.254545,0.04832078,0.04682571,0.03094064,0.04832078,0.04832078,0.00000000,1.470133,1.489757,-0.013349,0.058328,0.058427,-0.001684,0.888014,0.888094,0.000080,0.02464425,1.37607785,1.000000
xamn5,XAM-N-5,251,252.000,257.000,5786,150,52,0.371429,10.400000,36.631168,8.856340,0.610519,1.072067,1.748604,1.917608,0.002005,18.884863,4187,1.748604,0.8523385524749756,18,0.346154,0.04794234,0.04650114,0.03006107,0.04794234,0.04794234,0.00000000,1.452348,1.475317,-0.015815,0.055083,0.055256,-0.003144,0.894966,0.894987,0.000021,0.02396726,1.42494929,1.000000
xamn5,XAM-N-5,252,253.000,258.000,5826,150,52,0.371429,10.400000,36.737720,8.958543,0.612295,1.064466,1.736609,1.850450,0.002005,18.256920,4211,1.736609,0.7773947715759277,19,0.365385,0.04817035,0.04674898,0.02950702,0.04817035,0.04817035,0.00000000,1.467302,1.492337,-0.017061,0.058321,0.058469,-0.002531,0.888001,0.888048,0.000047,0.02273718,1.48936447,1.000000
xamn5,XAM-N-5,253,254.000,259.000,5780,150,51,0.364286,10.200000,36.803997,9.145039,0.613400,1.099998,1.801969,1.796348,0.002005,17.822472,4194,1.801969,0.6564692258834839,17,0.333333,0.04773940,0.04642488,0.02753543,0.04773940,0.04773940,0.00000000,1.468155,1.492532,-0.016604,0.058902,0.059021,-0.002013,0.886542,0.886622,0.000080,0.02126219,1.52870693,1.000000
xamn5,XAM-N-5,254,255.000,260.000,5794,150,53,0.378571,10.600000,36.993076,9.440866,0.616551,1.117026,1.806525,1.804781,0.005884,17.706306,4223,1.806525,0.7106924057006836,16,0.301887,0.04725704,0.04608058,0.02489486,0.04725704,0.04725704,0.00000000,1.452071,1.477919,-0.017800,0.057301,0.057485,-0.003217,0.889486,0.889509,0.000024,0.02142145,1.59147206,1.000000
xamn5,XAM-N-5,255,256.000,261.000,5767,150,51,0.364286,10.200000,37.204887,9.903630,0.620081,1.187721,1.894766,1.852385,0.005884,17.682320,4226,1.894766,0.6369497776031494,14,0.274510,0.04644814,0.04537186,0.02317171,0.04644814,0.04644814,0.00000000,1.453246,1.476666,-0.016116,0.057167,0.057342,-0.003067,0.890190,0.890222,0.000032,0.02051585,1.62503795,1.000000
xamn5,XAM-N-5,256,257.000,262.000,5819,150,53,0.378571,10.600000,37.596348,10.463374,0.626606,1.253300,1.979438,1.990589,0.005884,18.877008,4294,1.979438,0.8319013118743896,11,0.207547,0.04633741,0.04537014,0.02087440,0.04633741,0.04633741,0.00000000,1.484223,1.506225,-0.014824,0.060587,0.060709,-0.002009,0.883782,0.883907,0.000125,0.02044344,1.68595509,1.000000
xamn5,XAM-N-5,257,258.000,263.000,5938,150,55,0.392857,11.000000,37.625988,10.917798,0.627100,1.296959,2.016515,2.165447,0.056654,20.374809,4438,2.016515,1.1165738105773926,11,0.200000,0.04672935,0.04583166,0.01921031,0.04672935,0.04672935,0.00000000,1.467513,1.487055,-0.013317,0.058240,0.058354,-0.001952,0.887614,0.887750,0.000136,0.02078985,1.71604756,1.000000
xamn5,XAM-N-5,258,259.000,264.000,5973,150,56,0.400000,11.200000,37.491558,11.198376,0.624859,1.325600,2.031496,2.316370,0.270858,21.390736,4444,2.031496,1.3291573524475098,13,0.232143,0.04658378,0.04560005,0.02111732,0.04658378,0.04658378,0.00000000,1.462674,1.481088,-0.012589,0.056520,0.056626,-0.001882,0.892183,0.892321,0.000138,0.02033796,1.76645223,1.000000
xamn5,XAM-N-5,259,260.000,265.000,5910,150,53,0.378571,10.600000,37.218315,11.370796,0.620305,1.362076,2.063909,2.450170,0.007562,22.401180,4346,2.063909,1.3945304155349731,14,0.264151,0.04690873,0.04576060,0.02447583,0.04690873,0.04690873,0.00000000,1.479597,1.497604,-0.012171,0.058905,0.058936,-0.000533,0.887702,0.887884,0.000182,0.02047273,1.77442410,1.000000
xamn5,XAM-N-5,260,261.000,266.000,5689,150,50,0.357143,10.000000,36.964802,11.353250,0.616080,1.360645,2.046238,2.525045,0.007562,23.073299,4095,2.046238,1.401443362236023,16,0.320000,0.04746328,0.04614816,0.02770815,0.04746328,0.04746328,0.00000000,1.486820,1.507578,-0.013961,0.059436,0.059609,-0.002909,0.886338,0.886421,0.000083,0.02166512,1.75191710,1.000000
pkdd8,PKDD-8,0,2.000,7.000,3626,150,33,0.117857,6.600000,66.414917,12.324388,0.830186,0.215766,0.298476,3.234771,0.752876,56.664959,2408,0.298476,-1.6837201118469238,6,0.181818,0.00776881,0.00776882,-0.00000013,0.00776881,0.00776881,0.00000000,1.193284,1.196287,-0.002517,0.024737,0.024685,0.002136,0.952140,0.952271,0.000132,0.00300154,1.93449510,1.000000
pkdd8,PKDD-8,1,3.000,8.000,3663,150,32,0.114286,6.400000,66.177734,12.772157,0.827222,0.219726,0.297975,3.033236,0.611236,54.699318,2441,0.297975,-1.9090293645858765,5,0.156250,0.00784730,0.00784730,-0.00000007,0.00784730,0.00784730,0.00000000,1.199073,1.202073,-0.002502,0.025549,0.025498,0.002012,0.950547,0.950681,0.000134,0.00285266,1.83344706,1.000000
pkdd8,PKDD-8,2,4.000,9.000,3667,150,33,0.117857,6.600000,65.635185,13.275963,0.820440,0.231879,0.309372,2.962135,0.611236,53.623711,2445,0.309372,-1.9316177368164062,6,0.181818,0.00791256,0.00791256,-0.00000007,0.00791256,0.00791256,0.00000000,1.201855,1.204037,-0.001816,0.026024,0.025981,0.001669,0.949491,0.949613,0.000122,0.00250852,1.74219561,1.000000
pkdd8,PKDD-8,3,5.000,10.000,3666,150,32,0.114286,6.400000,65.244835,13.922155,0.815560,0.252194,0.333563,2.910682,0.611236,52.533817,2445,0.333563,-1.9808738231658936,6,0.187500,0.00799023,0.00799023,0.00000013,0.00799023,0.00799023,0.00000000,1.197979,1.199345,-0.001140,0.025364,0.025314,0.001973,0.950868,0.950996,0.000128,0.00280694,1.68807375,1.000000
pkdd8,PKDD-8,4,6.000,11.000,3662,150,34,0.121429,6.800000,65.311150,14.121641,0.816389,0.273827,0.356929,2.743239,0.611236,51.429287,2449,0.356929,-2.1312062740325928,6,0.176471,0.00799525,0.00799525,0.00000013,0.00799525,0.00799525,0.00000000,1.195885,1.196982,-0.000918,0.025158,0.025112,0.001818,0.951219,0.951338,0.000119,0.00318887,1.63557208,1.000000
pkdd8,PKDD-8,5,7.000,12.000,3645,150,30,0.107143,6.000000,65.166321,14.376694,0.814579,0.293612,0.384239,2.737819,0.611236,51.156555,2445,0.384239,-2.2074928283691406,14,0.466667,0.00797612,0.00797612,0.00000013,0.00797612,0.00797612,0.00000006,1.194635,1.196003,-0.001146,0.024965,0.024930,0.001409,0.951863,0.951950,0.000087,0.00354569,1.69792916,1.000000
pkdd8,PKDD-8,6,8.000,13.000,3653,150,32,0.114286,6.400000,64.956635,14.714374,0.811958,0.296176,0.390095,2.710513,0.451622,50.518837,2424,0.390095,-2.189046621322632,10,0.312500,0.00787344,0.00787344,0.00000000,0.00787344,0.00787343,0.00000111,1.183048,1.184981,-0.001634,0.023771,0.023743,0.001192,0.953882,0.953957,0.000075,0.00354165,1.78896528,1.000000
pkdd8,PKDD-8,7,9.000,14.000,3622,150,32,0.114286,6.400000,64.892998,15.184146,0.811162,0.293565,0.391844,2.711061,0.290284,50.964413,2363,0.391844,-2.1866021156311035,10,0.312500,0.00781499,0.00781499,0.00000000,0.00781499,0.00781498,0.00000119,1.185880,1.187259,-0.001163,0.024037,0.024004,0.001362,0.953459,0.953540,0.000081,0.00325807,1.89663386,0.999876
pkdd8,PKDD-8,8,10.000,15.000,3626,150,33,0.117857,6.600000,64.872742,15.511422,0.810909,0.283540,0.380197,2.745135,0.195960,52.322102,2337,0.380197,-2.135305643081665,15,0.454545,0.00761508,0.00761508,-0.00000007,0.00761508,0.00761507,0.00000122,1.187133,1.189091,-0.001649,0.024335,0.024279,0.002291,0.952757,0.952887,0.000130,0.00356669,2.00086495,0.999748
pkdd8,PKDD-8,9,11.000,16.000,3575,150,32,0.114286,6.400000,64.701996,15.780935,0.808775,0.279400,0.373629,2.718968,0.000137,52.019608,2252,0.373629,-2.1808502674102783,19,0.593750,0.00741042,0.00741042,0.00000014,0.00741042,0.00741041,0.00000125,1.181508,1.182930,-0.001204,0.023478,0.023420,0.002462,0.954378,0.954508,0.000130,0.00355510,2.03540242,0.999616
pkdd8,PKDD-8,10,12.000,17.000,3515,150,30,0.107143,6.000000,64.462242,15.996384,0.805778,0.256003,0.347728,2.730844,0.000137,52.573231,2162,0.347728,-2.206742763519287,12,0.400000,0.00701185,0.00701185,0.00000000,0.00701185,0.00701184,0.00000154,1.175148,1.176331,-0.001007,0.022547,0.022483,0.002834,0.956215,0.956361,0.000146,0.00385824,1.87359182,0.999601
pkdd8,PKDD-8,11,13.000,18.000,3380,150,31,0.110714,6.200000,64.517647,16.133526,0.806471,0.242710,0.336874,2.795162,0.000137,53.354130,2055,0.336874,-2.134429454803467,12,0.387097,0.00660330,0.00660330,0.00000031,0.00660330,0.00660329,0.00000171,1.181930,1.182545,-0.000520,0.023222,0.023149,0.003104,0.955122,0.955284,0.000162,0.00340242,1.78062141,0.999585
pkdd8,PKDD-8,12,14.000,19.000,3254,150,32,0.114286,6.400000,64.660706,16.206013,0.808259,0.238881,0.326701,2.689718,0.000137,51.028065,1937,0.326701,-2.2511799335479736,11,0.343750,0.00632126,0.00632126,0.00000049,0.00632126,0.00632125,0.00000244,1.174444,1.175697,-0.001067,0.022181,0.022101,0.003607,0.957093,0.957264,0.000171,0.00304011,1.71294968,0.999577
pkdd8,PKDD-8,13,15.000,20.000,3193,150,32,0.114286,6.400000,65.081924,16.248302,0.813524,0.240520,0.330688,2.537217,0.000137,47.932426,1876,0.330688,-2.454596519470215,5,0.156250,0.00611200,0.00611200,-0.00000008,0.00611200,0.00611199,0.00000261,1.165406,1.166352,-0.000811,0.021012,0.020960,0.002492,0.959388,0.959501,0.000113,0.00298282,1.69673804,0.999716
pkdd8,PKDD-8,14,16.000,21.000,3174,150,32,0.114286,6.400000,65.683884,16.201284,0.821049,0.236398,0.327116,2.482842,0.344699,47.495453,1861,0.327116,-2.558842182159424,1,0.031250,0.00594971,0.00594971,0.00000000,0.00594971,0.00594952,0.00003183,1.163733,1.165305,-0.001350,0.021034,0.020985,0.002345,0.959222,0.959334,0.000112,0.00259469,1.74135813,0.999717
pkdd8,PKDD-8,15,17.000,22.000,3182,150,31,0.110714,6.200000,66.422569,16.086740,0.830282,0.251540,0.335943,2.440777,0.330608,47.025028,1869,0.335943,-2.6644413471221924,2,0.064516,0.00614425,0.00614425,-0.00000025,0.00614425,0.00614406,0.00003040,1.165207,1.167019,-0.001555,0.021243,0.021198,0.002087,0.958813,0.958908,0.000095,0.00260738,1.97024813,0.999728
pkdd8,PKDD-8,16,18.000,23.000,3311,150,27,0.096429,5.400000,66.861679,15.859105,0.835771,0.261044,0.340688,2.454617,0.330608,47.685890,1969,0.340688,-2.744154930114746,9,0.333333,0.00644730,0.00644730,-0.00000016,0.00644730,0.00644712,0.00002762,1.168536,1.170262,-0.001477,0.021607,0.021561,0.002141,0.958147,0.958241,0.000093,0.00287101,2.26208665,0.999612
pkdd8,PKDD-8,17,19.000,24.000,3477,150,30,0.107143,6.000000,67.362808,15.547343,0.842035,0.269239,0.350246,2.522840,0.330608,49.530624,2127,0.350246,-2.6358537673950195,10,0.333333,0.00658693,0.00658693,0.00000031,0.00658693,0.00658675,0.00002641,1.169711,1.170835,-0.000961,0.022050,0.022012,0.001720,0.957185,0.957268,0.000083,0.00327493,2.57290228,0.999115
pkdd8,PKDD-8,18,20.000,25.000,3559,150,30,0.107143,6.000000,67.577171,15.350150,0.844715,0.266514,0.344297,2.603465,0.330608,51.486553,2222,0.344297,-2.5561532974243164,16,0.533333,0.00668893,0.00668893,0.00000046,0.00668893,0.00668876,0.00002585,1.166115,1.167219,-0.000947,0.021612,0.021576,0.001659,0.957973,0.958056,0.000084,0.00319117,3.19100800,0.999131
pkdd8,PKDD-8,19,21.000,26.000,3624,150,32,0.114286,6.400000,67.852730,15.221820,0.848159,0.257720,0.331058,2.557828,0.330608,50.935074,2317,0.331058,-2.5798516273498535,16,0.500000,0.00682108,0.00682108,-0.00000015,0.00682108,0.00682105,0.00000422,1.165495,1.166306,-0.000696,0.021644,0.021613,0.001439,0.957951,0.958026,0.000075,0.00326278,2.73004595,0.999026
pkdd8,PKDD-8,20,22.000,27.000,3698,150,31,0.110714,6.200000,67.978226,15.090195,0.849728,0.250354,0.322428,2.506642,0.520693,50.114620,2421,0.322428,-2.6609256267547607,15,0.483871,0.00690894,0.00690894,0.00000052,0.00690894,0.00690887,0.00001058,1.169437,1.171046,-0.001375,0.022179,0.022141,0.001709,0.956836,0.956933,0.000096,0.00348182,2.62739002,0.999035
pkdd8,PKDD-8,21,23.000,28.000,3730,150,32,0.114286,6.400000,68.155846,14.993853,0.851948,0.246674,0.319080,2.447237,0.548586,49.295338,2483,0.319080,-2.7206170558929443,8,0.250000,0.00684698,0.00684698,0.00000008,0.00684698,0.00684688,0.00001541,1.166350,1.168521,-0.001861,0.021878,0.021848,0.001379,0.957343,0.957430,0.000087,0.00383643,2.68373116,0.999145
pkdd8,PKDD-8,22,24.000,29.000,3685,150,33,0.117857,6.600000,68.179733,15.045631,0.852247,0.241068,0.312926,2.399556,0.541802,48.297920,2468,0.312926,-2.7547926902770996,10,0.303030,0.00686145,0.00686145,-0.00000022,0.00686145,0.00686134,0.00001537,1.161484,1.163666,-0.001879,0.021089,0.021058,0.001474,0.959039,0.959130,0.000090,0.00362715,2.48295468,0.999509
pkdd8,PKDD-8,23,25.000,30.000,3666,150,32,0.114286,6.400000,68.185760,14.998354,0.852322,0.241891,0.318908,2.418695,0.541802,48.547218,2466,0.318908,-2.758918285369873,14,0.437500,0.00671879,0.00671879,-0.00000038,0.00671879,0.00671868,0.00001570,1.167982,1.170800,-0.002413,0.021895,0.021863,0.001465,0.957497,0.957592,0.000094,0.00369197,2.31249363,0.999493
pkdd8,PKDD-8,24,26.000,31.000,3548,150,30,0.107143,6.000000,67.966255,15.072689,0.849578,0.237008,0.314925,2.472903,0.541802,49.240936,2348,0.314925,-2.7304623126983643,14,0.466667,0.00655364,0.00655364,0.00000000,0.00655364,0.00655356,0.00001170,1.172515,1.175146,-0.002244,0.022231,0.022193,0.001693,0.957106,0.957212,0.000106,0.00339134,2.21067077,0.999737
pkdd8,PKDD-8,25,27.000,32.000,3420,150,32,0.114286,6.400000,67.755096,15.118869,0.846939,0.244275,0.327103,2.579239,0.541802,50.690884,2217,0.327103,-2.5661861896514893,13,0.406250,0.00638469,0.00638469,-0.00000024,0.00638469,0.00638466,0.00000508,1.169548,1.171065,-0.001297,0.021929,0.021900,0.001314,0.957777,0.957860,0.000083,0.00326533,2.23662983,0.999727
pkdd8,PKDD-8,26,28.000,33.000,3297,150,31,0.110714,6.200000,67.416580,15.144204,0.842707,0.253688,0.343923,2.781675,0.541802,53.700310,2124,0.343923,-2.341218948364258,19,0.612903,0.00635325,0.00635325,0.00000040,0.00635325,0.00635325,0.00000000,1.171040,1.173202,-0.001845,0.022221,0.022189,0.001416,0.957147,0.957238,0.000091,0.00312765,2.26711139,0.999722
pkdd8,PKDD-8,27,29.000,34.000,3239,150,33,0.117857,6.600000,67.118095,15.023844,0.838976,0.266555,0.358616,3.045145,0.542423,58.093704,2096,0.358616,-1.9922716617584229,16,0.484848,0.00631664,0.00631663,0.00000033,0.00631664,0.00631664,0.00000000,1.174528,1.177044,-0.002142,0.022579,0.022541,0.001690,0.956484,0.956579,0.000095,0.00297550,2.36429725,1.000000
pkdd8,PKDD-8,28,30.000,35.000,3180,150,31,0.110714,6.200000,66.967659,14.954424,0.837096,0.270544,0.364959,3.216443,0.788302,60.765755,2067,0.364959,-1.8319597244262695,6,0.193548,0.00632265,0.00632264,0.00000049,0.00632265,0.00632265,0.00000000,1.184693,1.186907,-0.001869,0.024005,0.023892,0.004687,0.953715,0.953994,0.000279,0.00281724,2.68071520,1.000000
pkdd8,PKDD-8,29,31.000,36.000,3162,150,29,0.103571,5.800000,66.925461,14.806108,0.836568,0.284200,0.380523,3.355066,0.788302,63.277943,2079,0.380523,-1.7171733379364014,6,0.206897,0.00626196,0.00626196,0.00000049,0.00626196,0.00626196,0.00000000,1.188582,1.191790,-0.002698,0.024505,0.024364,0.005771,0.952645,0.952980,0.000335,0.00263660,3.33993465,1.000000
pkdd8,PKDD-8,30,32.000,37.000,3118,150,27,0.096429,5.400000,66.921196,14.768286,0.836515,0.286878,0.383764,3.420326,0.788302,64.752823,2068,0.383764,-1.687735915184021,6,0.222222,0.00615805,0.00615805,0.00000017,0.00615805,0.00615805,0.00000000,1.189110,1.192696,-0.003016,0.024507,0.024362,0.005926,0.952623,0.952965,0.000342,0.00245010,2.40329789,1.000000
pkdd8,PKDD-8,31,33.000,38.000,3067,150,28,0.100000,5.600000,66.792976,14.805162,0.834912,0.283721,0.377895,3.398937,0.788302,63.974854,2017,0.377895,-1.689420223236084,0,0.000000,0.00600451,0.00600451,0.00000026,0.00600451,0.00600451,0.00000000,1.192385,1.195391,-0.002521,0.024723,0.024579,0.005837,0.952266,0.952606,0.000340,0.00254781,2.16839728,1.000000
pkdd8,PKDD-8,32,34.000,39.000,2994,150,27,0.096429,5.400000,66.590302,14.810229,0.832379,0.276538,0.367691,3.293427,0.693542,61.455059,1944,0.367691,-1.8197001218795776,0,0.000000,0.00583323,0.00583323,0.00000035,0.00583323,0.00583323,0.00000000,1.195272,1.198013,-0.002293,0.025299,0.025158,0.005585,0.950781,0.951123,0.000342,0.00243792,1.96926536,1.000000
pkdd8,PKDD-8,33,35.000,40.000,2919,150,28,0.100000,5.600000,66.190651,14.762334,0.827383,0.281975,0.377255,3.157935,0.581544,58.308781,1866,0.377255,-1.9283230304718018,3,0.107143,0.00574702,0.00574702,0.00000045,0.00574702,0.00574702,0.00000000,1.177609,1.180028,-0.002054,0.022736,0.022675,0.002707,0.955978,0.956119,0.000142,0.00241481,1.80788750,1.000000
pkdd8,PKDD-8,34,36.000,41.000,2894,150,25,0.089286,5.000000,65.903450,14.550272,0.823793,0.294058,0.393711,3.064406,0.532231,55.893291,1814,0.393711,-2.0718038082122803,6,0.240000,0.00577942,0.00577942,0.00000036,0.00577942,0.00577828,0.00019803,1.175103,1.176471,-0.001164,0.022531,0.022488,0.001901,0.956159,0.956266,0.000107,0.00230059,1.68030343,1.000000
pkdd8,PKDD-8,35,37.000,42.000,2924,150,25,0.089286,5.000000,65.298561,14.929818,0.816232,0.304458,0.406985,3.182740,0.381750,54.179646,1814,0.406985,-1.9026635885238647,6,0.240000,0.00577502,0.00577502,0.00000009,0.00577502,0.00577362,0.00024131,1.187350,1.189060,-0.001440,0.023954,0.023884,0.002902,0.953527,0.953688,0.000161,0.00218491,1.62400186,1.000000
pkdd8,PKDD-8,36,38.000,43.000,2925,150,23,0.082143,4.600000,64.834908,15.157807,0.810436,0.314508,0.419468,3.331098,0.381750,54.126335,1785,0.419468,-1.751879096031189,7,0.304348,0.00567841,0.00567841,-0.00000054,0.00567841,0.00567701,0.00024541,1.179399,1.181473,-0.001759,0.023113,0.023027,0.003719,0.955112,0.955306,0.000194,0.00216910,1.49684260,1.000000
pkdd8,PKDD-8,37,39.000,44.000,2893,150,24,0.085714,4.800000,64.326424,15.308917,0.804080,0.321638,0.432433,3.572565,0.381750,55.464935,1731,0.432433,-1.438969612121582,7,0.291667,0.00550226,0.00550226,-0.00000056,0.00550226,0.00550086,0.00025327,1.185644,1.188472,-0.002386,0.023853,0.023757,0.004034,0.953892,0.954106,0.000215,0.00218519,1.35437736,1.000000
pkdd8,PKDD-8,38,40.000,45.000,2828,150,24,0.085714,4.800000,63.588497,15.385994,0.794856,0.318025,0.424380,3.935193,0.381750,58.110020,1676,0.424380,-1.0016512870788574,4,0.166667,0.00519884,0.00519885,-0.00000020,0.00519884,0.00519745,0.00026805,1.189431,1.192408,-0.002503,0.024455,0.024355,0.004083,0.952623,0.952845,0.000222,0.00251623,1.21262083,1.000000
pkdd8,PKDD-8,39,41.000,46.000,2687,150,24,0.085714,4.800000,62.657993,15.624452,0.783225,0.304890,0.408791,4.309307,0.381750,59.380230,1592,0.408791,-0.5356054306030273,1,0.041667,0.00499825,0.00499825,-0.00000041,0.00499825,0.00499800,0.00004983,1.187862,1.190955,-0.002603,0.024176,0.024086,0.003739,0.953224,0.953424,0.000199,0.00230071,1.07949697,1.000000
pkdd8,PKDD-8,40,42.000,47.000,2587,150,27,0.096429,5.400000,62.196480,15.112521,0.777456,0.292975,0.396728,4.186508,0.384989,59.530796,1519,0.396728,-0.5891927480697632,13,0.481481,0.00485041,0.00485041,0.00000000,0.00485041,0.00485041,0.00000000,1.173016,1.175397,-0.002030,0.022359,0.022294,0.002895,0.956718,0.956867,0.000148,0.00240679,0.97631633,1.000000
pkdd8,PKDD-8,41,43.000,48.000,2520,150,25,0.089286,5.000000,61.805996,14.762919,0.772575,0.271538,0.370021,4.040104,0.503056,59.073822,1482,0.370021,-0.7707254886627197,16,0.640000,0.00473138,0.00473138,0.00000065,0.00473138,0.00473138,0.00000000,1.179821,1.181041,-0.001034,0.023154,0.023099,0.002381,0.955298,0.955423,0.000125,0.00257460,0.96064789,1.000000
pkdd8,PKDD-8,42,44.000,49.000,2458,150,24,0.085714,4.800000,61.549011,14.838205,0.769363,0.256858,0.343121,3.799949,0.503056,56.818363,1442,0.343121,-1.0424292087554932,16,0.666667,0.00468046,0.00468046,0.00000033,0.00468046,0.00468046,0.00000000,1.177759,1.178586,-0.000702,0.022610,0.022457,0.006762,0.956707,0.957101,0.000394,0.00239835,1.00101456,1.000000
pkdd8,PKDD-8,43,45.000,50.000,2419,150,21,0.075000,4.200000,61.685188,15.186649,0.771065,0.262447,0.367979,3.492574,0.503056,54.336006,1396,0.367979,-1.450697898864746,16,0.761905,0.00468518,0.00468519,-0.00000022,0.00468518,0.00468517,0.00000319,1.200579,1.201406,-0.000689,0.025992,0.025740,0.009721,0.949578,0.950292,0.000714,0.00216083,1.04383816,1.000000
pkdd8,PKDD-8,44,46.000,51.000,2418,150,19,0.067857,3.800000,61.910282,15.234517,0.773879,0.284975,0.430068,3.179238,0.503056,53.374489,1395,0.430068,-1.8529508113861084,16,0.842105,0.00465128,0.00465128,-0.00000022,0.00465128,0.00465114,0.00003009,1.205376,1.207056,-0.001394,0.026354,0.026033,0.012187,0.949233,0.950055,0.000822,0.00208163,1.14741381,1.000000
pkdd8,PKDD-8,45,47.000,52.000,2381,150,21,0.075000,4.200000,61.737202,15.601546,0.771715,0.290960,0.434397,3.198010,0.610789,53.705345,1362,0.434397,-1.7739051580429077,10,0.476190,0.00486647,0.00486647,0.00000021,0.00486647,0.00486595,0.00010701,1.208627,1.210286,-0.001373,0.027043,0.026721,0.011927,0.947499,0.948313,0.000814,0.00223787,1.30594349,1.000000
pkdd8,PKDD-8,46,48.000,53.000,2411,150,23,0.082143,4.600000,61.657166,15.824003,0.770715,0.310843,0.453429,3.343568,0.340515,56.811317,1363,0.453429,-1.5556776523590088,7,0.304348,0.00520120,0.00520120,0.00000020,0.00520120,0.00520038,0.00015751,1.214803,1.216412,-0.001325,0.027810,0.027497,0.011242,0.946185,0.946976,0.000790,0.00240899,1.45520670,1.000000
pkdd8,PKDD-8,47,49.000,54.000,2486,150,24,0.085714,4.800000,61.438725,15.863552,0.767984,0.330460,0.506910,3.583324,0.340515,61.615829,1408,0.506910,-1.2402247190475464,10,0.416667,0.00563637,0.00563637,0.00000055,0.00563637,0.00563485,0.00027025,1.208990,1.210142,-0.000953,0.027163,0.026956,0.007627,0.947035,0.947534,0.000500,0.00247549,1.63888185,1.000000
pkdd8,PKDD-8,48,50.000,55.000,2603,150,25,0.089286,5.000000,61.194992,15.905595,0.764937,0.337399,0.514377,3.755798,0.340515,65.474937,1495,0.514377,-0.992874264717102,10,0.400000,0.00620295,0.00620295,0.00000017,0.00620295,0.00620144,0.00024316,1.203097,1.204897,-0.001497,0.026041,0.025931,0.004200,0.949664,0.949860,0.000196,0.00330403,1.91946992,0.996597
pkdd8,PKDD-8,49,51.000,56.000,2777,150,25,0.089286,5.000000,61.298626,16.295622,0.766233,0.312812,0.469586,3.837673,0.340515,67.805771,1609,0.469586,-0.8896827697753906,10,0.400000,0.00671624,0.00671624,0.00000023,0.00671624,0.00671051,0.00085310,1.199321,1.200679,-0.001132,0.025711,0.025657,0.002092,0.950191,0.950305,0.000114,0.00418117,2.41144466,0.996333
pkdd8,PKDD-8,50,52.000,57.000,2945,150,26,0.092857,5.200000,62.055237,16.567436,0.775690,0.307896,0.468036,3.792891,0.340515,67.585052,1746,0.468036,-0.9571024775505066,5,0.192308,0.00699497,0.00699497,0.00000000,0.00699497,0.00698519,0.00139706,1.208265,1.209905,-0.001357,0.026682,0.026645,0.001360,0.948319,0.948417,0.000098,0.00379817,2.65776218,0.994982
pkdd8,PKDD-8,51,53.000,58.000,3049,150,27,0.096429,5.400000,62.458263,16.774199,0.780728,0.303390,0.467558,3.602753,0.696209,63.993027,1849,0.467558,-1.1651575565338135,4,0.148148,0.00722776,0.00722776,-0.00000036,0.00722776,0.00721387,0.00192101,1.204004,1.205910,-0.001584,0.026060,0.026019,0.001547,0.949471,0.949572,0.000101,0.00397961,2.22895269,0.994280
pkdd8,PKDD-8,52,54.000,59.000,3147,150,27,0.096429,5.400000,62.794189,16.880241,0.784927,0.294524,0.434378,3.446604,0.694280,60.945816,1919,0.434378,-1.3517957925796509,5,0.185185,0.00743781,0.00743782,-0.00000021,0.00743781,0.00742029,0.00235619,1.207163,1.209633,-0.002046,0.026640,0.026599,0.001551,0.948290,0.948399,0.000108,0.00443962,2.00618725,0.992775
pkdd8,PKDD-8,53,55.000,60.000,3239,150,27,0.096429,5.400000,63.219395,16.919592,0.790242,0.286865,0.416645,3.272481,0.694280,57.471500,1981,0.416645,-1.5637251138687134,5,0.185185,0.00765584,0.00765584,0.00000013,0.00765584,0.00763378,0.00288128,1.197960,1.199760,-0.001502,0.025405,0.025358,0.001853,0.950787,0.950898,0.000111,0.00415905,1.77972100,0.994061
pkdd8,PKDD-8,54,56.000,61.000,3334,150,29,0.103571,5.800000,63.831135,16.931889,0.797889,0.286804,0.408867,3.083393,0.674730,53.841633,2059,0.408867,-1.7682175636291504,6,0.206897,0.00777367,0.00777367,0.00000026,0.00777367,0.00775159,0.00284039,1.208801,1.210868,-0.001710,0.026865,0.026815,0.001834,0.947848,0.947963,0.000116,0.00356974,1.68604256,0.993754
pkdd8,PKDD-8,55,57.000,62.000,3386,150,29,0.103571,5.800000,64.141670,16.992023,0.801771,0.272881,0.389702,2.894464,0.630994,50.713497,2087,0.389702,-1.9886902570724487,6,0.206897,0.00800490,0.00800490,-0.00000026,0.00800490,0.00798275,0.00276663,1.188431,1.190435,-0.001687,0.024131,0.024075,0.002358,0.953440,0.953561,0.000121,0.00414120,1.59064793,0.993943
pkdd8,PKDD-8,56,58.000,63.000,3492,150,30,0.107143,6.000000,64.794090,17.001883,0.809926,0.261699,0.368389,2.826304,0.284769,50.451443,2163,0.368389,-2.0720672607421875,10,0.333333,0.00837131,0.00837131,0.00000000,0.00837131,0.00834897,0.00266865,1.202293,1.204204,-0.001589,0.025843,0.025791,0.002017,0.950157,0.950275,0.000118,0.00434587,1.45376556,0.994717
pkdd8,PKDD-8,57,59.000,64.000,3663,150,33,0.117857,6.600000,65.674896,16.842592,0.820936,0.255892,0.359092,2.741035,0.284769,50.382095,2332,0.359092,-2.1531033515930176,7,0.212121,0.00863961,0.00863961,0.00000012,0.00863961,0.00861729,0.00258292,1.198310,1.200158,-0.001543,0.025316,0.025272,0.001737,0.951277,0.951378,0.000101,0.00530179,1.35195421,0.995603
pkdd8,PKDD-8,58,60.000,65.000,3787,150,34,0.121429,6.800000,66.418442,16.732040,0.830231,0.252208,0.346145,2.632277,0.258583,49.461586,2484,0.346145,-2.294442892074585,14,0.411765,0.00881201,0.00881201,0.00000000,0.00881201,0.00878987,0.00251323,1.200362,1.202433,-0.001725,0.025567,0.025551,0.000628,0.950820,0.950889,0.000069,0.00498035,1.31374301,0.995457
pkdd8,PKDD-8,59,61.000,66.000,3863,150,32,0.114286,6.400000,66.726494,16.574093,0.834081,0.243476,0.337656,2.610714,0.209393,49.773308,2577,0.337656,-2.373961925506592,16,0.500000,0.00889617,0.00889617,0.00000023,0.00889617,0.00887403,0.00248899,1.195591,1.197385,-0.001501,0.025027,0.025015,0.000466,0.951766,0.951828,0.000062,0.00485177,1.30849331,0.995155
pkdd8,PKDD-8,60,62.000,67.000,3901,150,31,0.110714,6.200000,66.697411,16.387615,0.833718,0.239671,0.334495,2.650014,0.209393,50.598179,2639,0.334495,-2.3562891483306885,16,0.516129,0.00867930,0.00867930,0.00000047,0.00867930,0.00865713,0.00255474,1.206933,1.209034,-0.001741,0.026568,0.026559,0.000340,0.948686,0.948744,0.000058,0.00534269,1.30046462,0.995509
pkdd8,PKDD-8,61,63.000,68.000,3808,150,31,0.110714,6.200000,66.530716,16.420906,0.831634,0.232080,0.326794,2.587277,0.209393,49.431854,2582,0.326794,-2.4386258125305176,12,0.387097,0.00805334,0.00805334,0.00000064,0.00805334,0.00803140,0.00272411,1.183782,1.185746,-0.001659,0.023673,0.023670,0.000107,0.954078,0.954123,0.000044,0.00527555,1.29631004,0.994192
pkdd8,PKDD-8,62,64.000,69.000,3564,150,30,0.107143,6.000000,66.146866,16.764856,0.826836,0.223459,0.314233,2.446076,0.209393,46.432636,2398,0.314233,-2.611771583557129,12,0.400000,0.00748680,0.00748680,0.00000027,0.00748680,0.00746482,0.00293637,1.192055,1.193847,-0.001503,0.024648,0.024644,0.000163,0.952245,0.952293,0.000048,0.00518184,1.26620527,0.992742
pkdd8,PKDD-8,63,65.000,70.000,3348,150,30,0.107143,6.000000,65.743393,17.082281,0.821792,0.208195,0.290885,2.308207,0.209393,43.721317,2214,0.290885,-2.757819652557373,10,0.333333,0.00698734,0.00698734,0.00000044,0.00698734,0.00696536,0.00314670,1.187421,1.189317,-0.001597,0.024136,0.024110,0.001090,0.953127,0.953200,0.000074,0.00491626,1.21766266,0.992320
pkdd8,PKDD-8,64,66.000,71.000,3164,150,28,0.100000,5.600000,65.510086,17.446840,0.818876,0.204169,0.274054,2.161215,0.504289,41.204727,2060,0.274054,-2.9604244232177734,7,0.250000,0.00658560,0.00658560,0.00000039,0.00658560,0.00656332,0.00338273,1.179090,1.181728,-0.002238,0.023018,0.022992,0.001135,0.955403,0.955479,0.000076,0.00480460,1.15823006,0.992282
pkdd8,PKDD-8,65,67.000,72.000,3032,150,27,0.096429,5.400000,65.679466,17.934563,0.820993,0.227738,0.314716,2.246426,0.529758,43.174641,1958,0.314716,-2.9087109565734863,6,0.222222,0.00625084,0.00625084,0.00000033,0.00625084,0.00622848,0.00357674,1.179637,1.181694,-0.001744,0.023199,0.023169,0.001293,0.954848,0.954928,0.000080,0.00453360,1.12866639,0.992749
pkdd8,PKDD-8,66,68.000,73.000,2917,150,25,0.089286,5.000000,65.970360,18.503506,0.824629,0.247634,0.343527,2.408785,0.259024,46.728191,1867,0.343527,-2.789938449859619,8,0.320000,0.00615364,0.00615364,0.00000025,0.00615364,0.00613122,0.00364360,1.192603,1.194696,-0.001755,0.024995,0.024959,0.001451,0.951675,0.951765,0.000090,0.00461114,1.11868426,0.993405
pkdd8,PKDD-8,67,69.000,74.000,2866,150,26,0.092857,5.200000,66.541229,18.930513,0.831765,0.258768,0.359051,2.689502,0.259024,52.918736,1816,0.359051,-2.5046675205230713,9,0.346154,0.00589146,0.00589146,0.00000026,0.00589146,0.00586901,0.00380994,1.180490,1.182682,-0.001857,0.023469,0.023439,0.001258,0.954553,0.954631,0.000078,0.00456502,1.11719298,0.993588
pkdd8,PKDD-8,68,70.000,75.000,2737,150,26,0.092857,5.200000,67.158821,19.526096,0.839485,0.272130,0.377147,3.043833,0.259024,60.398212,1687,0.377147,-2.1562063694000244,5,0.192308,0.00574144,0.00574143,0.00000045,0.00574144,0.00571887,0.00393092,1.186584,1.188897,-0.001949,0.024256,0.024227,0.001203,0.952990,0.953066,0.000076,0.00448661,1.12868138,0.994102
pkdd8,PKDD-8,69,71.000,76.000,2594,150,25,0.089286,5.000000,67.669167,20.217972,0.845865,0.288557,0.398750,3.458929,0.259024,68.719872,1544,0.398750,-1.7557704448699951,5,0.200000,0.00552396,0.00552396,0.00000019,0.00552396,0.00550171,0.00402894,1.198502,1.199750,-0.001042,0.025720,0.025691,0.001115,0.949976,0.950047,0.000071,0.00463293,1.11330769,0.993258
pkdd8,PKDD-8,70,72.000,77.000,2403,150,24,0.085714,4.800000,68.289391,21.111631,0.853617,0.267419,0.369774,3.467051,0.259024,69.865944,1353,0.369774,-1.8125194311141968,8,0.333333,0.00533462,0.00533462,0.00000000,0.00533462,0.00531256,0.00413644,1.195623,1.197410,-0.001494,0.025330,0.025308,0.000881,0.951152,0.951213,0.000061,0.00467253,1.08661732,0.991358
pkdd8,PKDD-8,71,73.000,78.000,2239,150,22,0.078571,4.400000,69.026794,21.845911,0.862835,0.251139,0.348101,3.407511,0.280599,69.737213,1185,0.348101,-1.9705586433410645,6,0.272727,0.00516699,0.00516699,-0.00000020,0.00516699,0.00514482,0.00429065,1.189074,1.191449,-0.001998,0.024417,0.024407,0.000394,0.952413,0.952454,0.000041,0.00454321,1.04569828,0.991876
pkdd8,PKDD-8,72,74.000,79.000,2105,150,22,0.078571,4.400000,69.495750,22.566679,0.868697,0.252682,0.348088,3.537397,0.335831,72.269997,1051,0.348088,-1.8537906408309937,4,0.181818,0.00522809,0.00522809,0.00000000,0.00522809,0.00520566,0.00429120,1.201535,1.203935,-0.001997,0.026156,0.026140,0.000647,0.949048,0.949101,0.000053,0.00481341,1.00720993,0.993090
pkdd8,PKDD-8,73,75.000,80.000,2084,150,21,0.075000,4.200000,69.831825,22.785278,0.872898,0.236566,0.327107,3.759106,0.928216,76.137970,1030,0.327107,-1.656905174255371,9,0.428571,0.00500915,0.00500915,-0.00000021,0.00500915,0.00498654,0.00451318,1.191447,1.193436,-0.001670,0.024982,0.024966,0.000631,0.951212,0.951261,0.000050,0.00472530,0.98033518,0.994853
pkdd8,PKDD-8,74,76.000,81.000,2011,150,20,0.071429,4.000000,69.644112,22.976116,0.870551,0.236075,0.325151,3.924792,0.928216,78.818588,957,0.325151,-1.487091302871704,9,0.450000,0.00484604,0.00484604,-0.00000042,0.00484604,0.00482308,0.00473782,1.186424,1.189463,-0.002562,0.024473,0.024460,0.000523,0.952361,0.952407,0.000047,0.00431703,0.98685447,0.996581
pkdd8,PKDD-8,75,77.000,82.000,1974,150,18,0.064286,3.600000,68.978592,22.857786,0.862232,0.248714,0.353688,4.192073,0.010325,83.103653,919,0.353688,-1.1917582750320435,19,1.055556,0.00474835,0.00474836,-0.00000043,0.00474835,0.00472543,0.00482749,1.189893,1.193466,-0.003003,0.025006,0.024988,0.000710,0.951099,0.951156,0.000057,0.00423000,0.98463365,0.996095
pkdd8,PKDD-8,76,78.000,83.000,1959,150,17,0.060714,3.400000,68.032349,22.620001,0.850404,0.263683,0.381896,4.250796,0.010325,83.301880,908,0.381896,-1.0924466848373413,19,1.117647,0.00459450,0.00459450,-0.00000045,0.00459450,0.00457162,0.00497862,1.190226,1.193904,-0.003091,0.025123,0.025098,0.001022,0.951089,0.951161,0.000072,0.00409385,1.00371561,0.993142
pkdd8,PKDD-8,77,79.000,84.000,1903,150,16,0.057143,3.200000,67.099472,22.493147,0.838743,0.254842,0.381465,4.014055,0.010325,78.491928,867,0.381465,-1.3273423910140991,19,1.187500,0.00428649,0.00428649,-0.00000024,0.00428649,0.00426396,0.00525694,1.188732,1.192676,-0.003318,0.024977,0.024962,0.000597,0.951223,0.951288,0.000066,0.00349337,1.05174077,0.986310
pkdd8,PKDD-8,78,80.000,85.000,1775,150,15,0.053571,3.000000,65.937202,22.799128,0.824215,0.263239,0.393340,3.682719,0.010325,71.923248,769,0.393340,-1.6491869688034058,13,0.866667,0.00407301,0.00407301,-0.00000025,0.00407301,0.00405083,0.00544650,1.184679,1.188242,-0.003008,0.024070,0.024046,0.000990,0.953479,0.953559,0.000080,0.00334903,1.08989718,0.979424
pkdd8,PKDD-8,79,81.000,86.000,1684,150,13,0.046429,2.600000,65.451675,23.350031,0.818146,0.264865,0.393877,3.288005,0.010325,64.682625,708,0.393877,-2.102057456970215,13,1.000000,0.00390108,0.00390108,-0.00000026,0.00390108,0.00387888,0.00568892,1.188530,1.190970,-0.002053,0.024640,0.024611,0.001169,0.952271,0.952354,0.000083,0.00329890,1.11010533,0.979134
pkdd8,PKDD-8,80,82.000,87.000,1639,150,14,0.050000,2.800000,65.343361,23.804447,0.816792,0.254221,0.378023,3.245762,0.504847,63.838757,694,0.378023,-2.132075548171997,0,0.000000,0.00364166,0.00364166,0.00000000,0.00364166,0.00361900,0.00622207,1.185580,1.186834,-0.001058,0.024266,0.024233,0.001384,0.952913,0.952999,0.000086,0.00304571,1.16549619,0.981097
pkdd8,PKDD-8,81,83.000,88.000,1595,150,14,0.050000,2.800000,65.369720,24.215317,0.817122,0.247063,0.364697,3.769705,1.143526,73.971062,680,0.364697,-1.5660881996154785,0,0.000000,0.00328209,0.00328209,0.00000031,0.00328209,0.00325932,0.00693845,1.177215,1.177881,-0.000566,0.023101,0.023071,0.001318,0.955320,0.955402,0.000082,0.00274576,1.21837939,0.983211
pkdd8,PKDD-8,82,84.000,89.000,1501,150,13,0.046429,2.600000,65.060669,24.490355,0.813258,0.250998,0.356184,3.986682,1.441155,78.493019,622,0.356184,-1.3376541137695312,3,0.230769,0.00296074,0.00296074,-0.00000017,0.00296074,0.00293716,0.00796511,1.172293,1.172996,-0.000600,0.022393,0.022359,0.001521,0.956554,0.956632,0.000078,0.00246738,1.25330036,0.990506
pkdd8,PKDD-8,83,85.000,90.000,1422,150,13,0.046429,2.600000,65.057953,24.689837,0.813224,0.251327,0.352796,4.152884,1.273074,82.454720,550,0.352796,-1.1583750247955322,3,0.230769,0.00282165,0.00282165,-0.00000036,0.00282165,0.00279728,0.00863569,1.188070,1.189474,-0.001181,0.024620,0.024581,0.001587,0.951979,0.952067,0.000088,0.00204459,1.33142737,0.997474
pkdd8,PKDD-8,84,86.000,91.000,1425,150,17,0.060714,3.400000,65.738029,24.455675,0.821725,0.249965,0.343070,4.477319,1.066045,89.536476,538,0.343070,-0.7628351449966431,3,0.176471,0.00281900,0.00281900,-0.00000055,0.00281900,0.00279478,0.00858959,1.164738,1.166099,-0.001169,0.021399,0.021363,0.001673,0.958484,0.958571,0.000086,0.00185002,1.45223820,0.992954
pkdd8,PKDD-8,85,87.000,92.000,1469,150,17,0.060714,3.400000,66.394333,24.019760,0.829929,0.263539,0.351979,4.708754,0.925606,94.913933,523,0.351979,-0.54646897315979,4,0.235294,0.00284676,0.00284676,-0.00000027,0.00284676,0.00282290,0.00838217,1.168016,1.170040,-0.001733,0.021566,0.021546,0.000914,0.958385,0.958466,0.000082,0.00185491,1.56406567,0.988765
pkdd8,PKDD-8,86,88.000,93.000,1482,150,16,0.057143,3.200000,66.974167,23.998705,0.837177,0.251317,0.322926,4.693149,0.925606,95.747749,503,0.322926,-0.6159746646881104,7,0.437500,0.00295355,0.00295355,0.00000017,0.00295355,0.00292992,0.00800069,1.177472,1.180092,-0.002225,0.022928,0.022914,0.000620,0.955499,0.955572,0.000072,0.00195891,1.69714025,0.985855
pkdd8,PKDD-8,87,89.000,94.000,1527,150,14,0.050000,2.800000,68.113930,24.273281,0.851424,0.230673,0.301406,4.672091,0.614369,95.635002,507,0.301406,-0.7474420070648193,5,0.357143,0.00303376,0.00303376,-0.00000017,0.00303376,0.00301048,0.00767247,1.177906,1.179833,-0.001636,0.022838,0.022811,0.001173,0.956018,0.956110,0.000092,0.00183311,1.88828322,0.986127
pkdd8,PKDD-8,88,90.000,95.000,1557,150,12,0.042857,2.400000,68.932632,24.571596,0.861658,0.221449,0.293097,4.516589,0.614369,91.227425,530,0.293097,-1.008496880531311,5,0.416667,0.00309463,0.00309462,0.00000050,0.00309463,0.00307187,0.00735419,1.163717,1.165613,-0.001630,0.021163,0.021147,0.000749,0.959012,0.959084,0.000071,0.00184362,2.07711357,0.982649
pkdd8,PKDD-8,89,91.000,96.000,1582,150,14,0.050000,2.800000,69.373581,24.670847,0.867170,0.219715,0.305400,4.489708,0.614369,89.229141,570,0.305400,-1.0218912363052368,5,0.357143,0.00322494,0.00322494,0.00000048,0.00322494,0.00320207,0.00709165,1.182763,1.186430,-0.003101,0.023556,0.023540,0.000683,0.954490,0.954565,0.000075,0.00203389,2.13228333,0.987347
pkdd8,PKDD-8,90,92.000,97.000,1636,150,17,0.060714,3.400000,69.703949,24.255180,0.871299,0.220042,0.306527,4.457310,0.614369,87.240829,654,0.306527,-1.0110206604003906,6,0.352941,0.00345630,0.00345630,0.00000030,0.00345630,0.00343307,0.00672146,1.176335,1.179782,-0.002930,0.022982,0.022954,0.001233,0.955270,0.955346,0.000076,0.00190824,2.04317729,0.989661
pkdd8,PKDD-8,91,93.000,98.000,1741,150,16,0.057143,3.200000,69.771790,23.374149,0.872147,0.223587,0.318978,4.184563,0.614369,81.091362,762,0.318978,-1.3294520378112793,4,0.250000,0.00367116,0.00367116,-0.00000007,0.00367116,0.00364741,0.00646937,1.170201,1.172920,-0.002323,0.021943,0.021908,0.001592,0.957530,0.957612,0.000082,0.00206213,1.89740799,0.993148
pkdd8,PKDD-8,92,94.000,99.000,1839,150,15,0.053571,3.000000,69.444427,22.497381,0.868055,0.243925,0.345714,4.052909,0.637784,78.351158,850,0.345714,-1.4637980461120605,6,0.400000,0.00395956,0.00395956,0.00000013,0.00395956,0.00393551,0.00607174,1.173272,1.175813,-0.002165,0.022467,0.022437,0.001322,0.956463,0.956536,0.000073,0.00232297,1.72396277,0.994055
pkdd8,PKDD-8,93,95.000,100.000,1968,150,16,0.057143,3.200000,69.288315,21.517578,0.866104,0.238985,0.340501,3.991902,0.637784,78.077682,949,0.340501,-1.49463951587677,6,0.375000,0.00415705,0.00415705,0.00000031,0.00415705,0.00413213,0.00599620,1.184645,1.188047,-0.002871,0.023824,0.023788,0.001525,0.953871,0.953956,0.000085,0.00257440,1.57414645,0.997376
pkdd8,PKDD-8,94,96.000,101.000,2058,150,18,0.064286,3.600000,68.774048,20.662970,0.859676,0.232558,0.329149,3.675252,0.484972,72.806725,980,0.329149,-1.7731515169143677,9,0.500000,0.00418194,0.00418194,0.00000025,0.00418194,0.00415666,0.00604432,1.175303,1.177724,-0.002060,0.022592,0.022556,0.001578,0.956109,0.956187,0.000078,0.00269181,1.50764607,0.997167
pkdd8,PKDD-8,95,97.000,102.000,2065,150,18,0.064286,3.600000,68.321281,20.353312,0.854016,0.216499,0.308911,3.234949,0.484972,65.015312,956,0.308911,-2.2343831062316895,7,0.388889,0.00414234,0.00414234,0.00000006,0.00414234,0.00411701,0.00611390,1.176874,1.178834,-0.001665,0.022529,0.022497,0.001420,0.956779,0.956848,0.000070,0.00290606,1.42522733,0.998677
pkdd8,PKDD-8,96,98.000,103.000,2041,150,18,0.064286,3.600000,68.134094,20.352699,0.851676,0.217463,0.307426,2.912841,0.484972,60.144650,923,0.307426,-2.5804286003112793,6,0.333333,0.00412521,0.00412521,0.00000037,0.00412521,0.00409994,0.00612557,1.181505,1.183965,-0.002082,0.023213,0.023184,0.001261,0.955373,0.955441,0.000068,0.00300842,1.35876422,0.998451
pkdd8,PKDD-8,97,99.000,104.000,2033,150,17,0.060714,3.400000,68.107170,20.389004,0.851340,0.200884,0.280509,2.715462,0.484972,57.609306,915,0.280509,-2.8182036876678467,3,0.176471,0.00410061,0.00410061,0.00000044,0.00410061,0.00407540,0.00614882,1.179803,1.183251,-0.002923,0.022951,0.022925,0.001143,0.955680,0.955746,0.000067,0.00319928,1.31713490,0.996897
pkdd8,PKDD-8,98,100.000,105.000,2030,150,17,0.060714,3.400000,68.130898,20.422497,0.851636,0.202131,0.283167,2.567737,0.484972,55.548161,912,0.283167,-2.983199119567871,3,0.176471,0.00410858,0.00410858,-0.00000013,0.00410858,0.00408384,0.00602310,1.172821,1.175283,-0.002099,0.021947,0.021930,0.000813,0.957924,0.957979,0.000055,0.00322196,1.26558474,0.996455
pkdd8,PKDD-8,99,101.000,106.000,2031,150,18,0.064286,3.600000,68.439224,20.582514,0.855490,0.193317,0.273508,2.646967,0.643371,57.612831,942,0.273508,-2.8950893878936768,0,0.000000,0.00410784,0.00410784,0.00000050,0.00410784,0.00408356,0.00591063,1.172754,1.174729,-0.001684,0.022036,0.022019,0.000812,0.957710,0.957767,0.000058,0.00332590,1.20810142,0.994447
pkdd8,PKDD-8,100,102.000,107.000,2026,150,18,0.064286,3.600000,68.620300,20.682440,0.857754,0.194308,0.276195,2.761369,0.553121,60.231064,972,0.276195,-2.780496120452881,0,0.000000,0.00408465,0.00408465,0.00000088,0.00408465,0.00406024,0.00597574,1.175736,1.179231,-0.002972,0.022491,0.022471,0.000888,0.956561,0.956630,0.000069,0.00337311,1.15157132,0.994608
pkdd8,PKDD-8,101,103.000,108.000,2003,150,16,0.057143,3.200000,68.553444,20.772398,0.856918,0.197420,0.279372,2.853132,0.296299,61.774715,988,0.279372,-2.715373992919922,0,0.000000,0.00404420,0.00404420,0.00000057,0.00404420,0.00401968,0.00606306,1.180668,1.183704,-0.002572,0.023213,0.023193,0.000862,0.954928,0.955000,0.000072,0.00314832,1.11906412,0.994534
pkdd8,PKDD-8,102,104.000,109.000,1976,150,16,0.057143,3.200000,68.399963,20.829077,0.855000,0.188564,0.272765,3.109839,0.290348,66.393272,991,0.272765,-2.426635503768921,1,0.062500,0.00389311,0.00389310,0.00000145,0.00389311,0.00386916,0.00615191,1.178853,1.180957,-0.001785,0.022720,0.022693,0.001159,0.956334,0.956410,0.000076,0.00303650,1.13539100,0.995029
pkdd8,PKDD-8,103,105.000,110.000,1901,150,17,0.060714,3.400000,68.149696,21.109253,0.851871,0.182132,0.271747,3.261977,0.290348,69.133614,942,0.271747,-2.2251975536346436,1,0.058824,0.00381969,0.00381968,0.00000195,0.00381969,0.00379643,0.00608942,1.181380,1.183521,-0.001812,0.023155,0.023119,0.001577,0.955145,0.955231,0.000086,0.00278521,1.20025351,0.988684
pkdd8,PKDD-8,104,106.000,111.000,1869,150,20,0.071429,4.000000,68.096947,21.201504,0.851212,0.192377,0.282643,3.376957,0.290348,71.668159,911,0.282643,-2.0378730297088623,2,0.100000,0.00375206,0.00375205,0.00000144,0.00375206,0.00372875,0.00621345,1.183596,1.185769,-0.001836,0.023470,0.023430,0.001740,0.954541,0.954631,0.000091,0.00279612,1.27922471,0.987045
pkdd8,PKDD-8,105,107.000,112.000,1841,150,19,0.067857,3.800000,68.110596,21.306339,0.851382,0.207686,0.298912,3.443956,0.290348,73.514816,878,0.298912,-1.9851211309432983,2,0.105263,0.00372506,0.00372505,0.00000152,0.00372506,0.00370142,0.00634559,1.177078,1.177621,-0.000462,0.022777,0.022733,0.001923,0.955891,0.955983,0.000092,0.00276677,1.45251067,0.986312
pkdd8,PKDD-8,106,108.000,113.000,1841,150,20,0.071429,4.000000,67.960274,21.160568,0.849503,0.207053,0.290397,3.653615,0.290348,77.199944,848,0.290397,-1.7235817909240723,7,0.350000,0.00372261,0.00372260,0.00000159,0.00372261,0.00369875,0.00640872,1.169381,1.170467,-0.000928,0.021870,0.021830,0.001820,0.957712,0.957800,0.000088,0.00238349,1.58606222,0.985586
pkdd8,PKDD-8,107,109.000,114.000,1842,150,18,0.064286,3.600000,67.848434,21.019829,0.848105,0.230292,0.307138,3.525869,0.396297,73.910843,819,0.307138,-1.8941831588745117,6,0.333333,0.00381344,0.00381344,0.00000054,0.00381344,0.00378915,0.00636936,1.173844,1.175439,-0.001359,0.022601,0.022566,0.001549,0.955833,0.955919,0.000086,0.00238609,1.64858413,0.984689
pkdd8,PKDD-8,108,110.000,115.000,1881,150,15,0.053571,3.000000,67.683197,20.702829,0.846040,0.249925,0.323903,3.501879,0.396297,72.579880,832,0.323903,-1.9698911905288696,6,0.400000,0.00380136,0.00380136,0.00000054,0.00380136,0.00377591,0.00669568,1.168004,1.169074,-0.000916,0.021528,0.021500,0.001285,0.958436,0.958511,0.000075,0.00252179,1.66603834,0.991091
pkdd8,PKDD-8,109,111.000,116.000,1869,150,16,0.057143,3.200000,67.223145,20.606146,0.840289,0.232033,0.305344,3.369868,0.455564,68.375198,819,0.305344,-2.071906328201294,5,0.312500,0.00368641,0.00368641,0.00000084,0.00368641,0.00366114,0.00685624,1.167128,1.168788,-0.001422,0.021541,0.021517,0.001117,0.958504,0.958578,0.000075,0.00226915,1.65630147,0.990288
pkdd8,PKDD-8,110,112.000,117.000,1807,150,15,0.053571,3.000000,66.712502,20.807539,0.833906,0.212675,0.283553,3.147707,0.576066,62.352715,767,0.283553,-2.303429126739502,5,0.333333,0.00374893,0.00374893,0.00000055,0.00374893,0.00372462,0.00648315,1.174399,1.176076,-0.001428,0.022250,0.022216,0.001531,0.957010,0.957095,0.000086,0.00203029,1.62913176,0.986417
pkdd8,PKDD-8,111,113.000,118.000,1789,150,16,0.057143,3.200000,66.205391,21.027227,0.827567,0.215249,0.291311,3.080211,0.692028,57.126400,750,0.291311,-2.3190720081329346,0,0.000000,0.00395318,0.00395318,0.00000085,0.00395318,0.00392905,0.00610554,1.178610,1.179696,-0.000921,0.022679,0.022634,0.001950,0.956222,0.956323,0.000101,0.00238727,1.65666843,0.987052
pkdd8,PKDD-8,112,114.000,119.000,1842,150,17,0.060714,3.400000,65.612961,20.897881,0.820162,0.217902,0.300781,3.235419,0.505212,56.808426,808,0.300781,-2.0797650814056396,4,0.235294,0.00422811,0.00422810,0.00000122,0.00422811,0.00420395,0.00571384,1.186432,1.187468,-0.000873,0.023495,0.023441,0.002308,0.954807,0.954924,0.000117,0.00287951,1.64984066,0.989513
pkdd8,PKDD-8,113,115.000,120.000,1931,150,19,0.067857,3.800000,64.807083,20.457678,0.810089,0.225400,0.317940,3.468108,0.505212,58.738258,895,0.317940,-1.7198680639266968,8,0.421053,0.00454414,0.00454414,0.00000091,0.00454414,0.00452067,0.00516516,1.195896,1.196873,-0.000817,0.025127,0.025068,0.002331,0.951220,0.951350,0.000130,0.00308905,1.75949656,0.989888
pkdd8,PKDD-8,114,116.000,121.000,2047,150,21,0.075000,4.200000,64.225235,19.951344,0.802815,0.247956,0.344109,3.428616,0.505212,58.866653,1011,0.344109,-1.664418339729309,8,0.380952,0.00517003,0.00517002,0.00000070,0.00517003,0.00514632,0.00458605,1.193270,1.194133,-0.000723,0.024691,0.024631,0.002419,0.951915,0.952039,0.000124,0.00344558,1.93586562,0.994370
pkdd8,PKDD-8,115,117.000,122.000,2318,150,23,0.082143,4.600000,64.015106,19.099503,0.800189,0.270719,0.367553,3.421840,0.505212,60.937702,1272,0.367553,-1.5985372066497803,8,0.347826,0.00573014,0.00573014,0.00000036,0.00573014,0.00570649,0.00412726,1.194455,1.195610,-0.000967,0.025125,0.025072,0.002115,0.950988,0.951103,0.000115,0.00350311,2.13439549,0.994975
pkdd8,PKDD-8,116,118.000,123.000,2597,150,26,0.092857,5.200000,64.188705,18.297344,0.802359,0.267073,0.357837,3.185253,0.505212,59.333107,1521,0.357837,-1.7961159944534302,8,0.307692,0.00617945,0.00617945,0.00000017,0.00617945,0.00615579,0.00382966,1.198030,1.199437,-0.001174,0.025524,0.025469,0.002153,0.950389,0.950509,0.000120,0.00395894,2.27284820,0.995568
pkdd8,PKDD-8,117,119.000,124.000,2843,150,28,0.100000,5.600000,64.505135,17.759874,0.806314,0.269088,0.359519,2.876899,0.511205,54.919495,1732,0.359519,-2.0999755859375,4,0.142857,0.00668090,0.00668090,0.00000000,0.00668090,0.00665792,0.00344047,1.186739,1.188020,-0.001080,0.024247,0.024191,0.002303,0.952882,0.953005,0.000122,0.00416934,2.39080386,0.994090
pkdd8,PKDD-8,118,120.000,125.000,3122,150,30,0.107143,6.000000,65.022034,17.277449,0.812775,0.258377,0.338763,2.500745,0.142112,48.471397,1983,0.338763,-2.488386631011963,1,0.033333,0.00727155,0.00727155,0.00000014,0.00727155,0.00724771,0.00327855,1.184539,1.185702,-0.000981,0.023861,0.023803,0.002443,0.953821,0.953944,0.000124,0.00485109,2.49356716,0.993330
pkdd8,PKDD-8,119,121.000,126.000,3441,150,32,0.114286,6.400000,65.511749,16.892612,0.818897,0.254388,0.325033,2.295032,0.142112,43.804302,2272,0.325033,-2.6867575645446777,4,0.125000,0.00784356,0.00784356,0.00000020,0.00784356,0.00781931,0.00309109,1.192678,1.194014,-0.001120,0.024876,0.024817,0.002351,0.951899,0.952025,0.000125,0.00488005,2.39404522,0.992785
pkdd8,PKDD-8,120,122.000,127.000,3742,150,35,0.125000,7.000000,65.921539,16.495657,0.824019,0.256017,0.318815,2.142919,0.142112,39.925358,2543,0.318815,-2.798461437225342,5,0.142857,0.00848373,0.00848373,0.00000012,0.00848373,0.00845874,0.00294483,1.186964,1.188679,-0.001445,0.023941,0.023884,0.002375,0.953833,0.953954,0.000122,0.00520143,2.23533163,0.995479
pkdd8,PKDD-8,121,123.000,128.000,4081,150,36,0.128571,7.200000,66.217941,16.116514,0.827724,0.261971,0.341117,2.020439,0.142112,36.922951,2881,0.341117,-2.9078073501586914,8,0.222222,0.00916929,0.00916929,0.00000000,0.00916929,0.00914392,0.00276697,1.182269,1.183623,-0.001145,0.023205,0.023155,0.002174,0.955286,0.955393,0.000107,0.00509084,2.17535590,0.995838
pkdd8,PKDD-8,122,124.000,129.000,4433,150,37,0.132143,7.400000,66.559090,15.807901,0.831989,0.263601,0.336648,1.977689,0.142112,36.305683,3233,0.336648,-2.935762882232666,9,0.243243,0.00974218,0.00974218,0.00000021,0.00974218,0.00971584,0.00270377,1.183319,1.184589,-0.001073,0.023367,0.023323,0.001885,0.954978,0.955073,0.000095,0.00518794,2.13028866,0.997619
pkdd8,PKDD-8,123,125.000,130.000,4724,150,37,0.132143,7.400000,66.892464,15.600303,0.836156,0.268498,0.341704,1.970592,0.158988,36.632374,3524,0.341704,-2.9531240463256836,8,0.216216,0.01005045,0.01005045,0.00000010,0.01005045,0.01002518,0.00251393,1.182414,1.183849,-0.001213,0.023205,0.023161,0.001895,0.955302,0.955396,0.000095,0.00486283,1.99250031,0.998340
pkdd8,PKDD-8,124,126.000,131.000,4879,150,36,0.128571,7.200000,67.079430,15.418846,0.838493,0.350351,1.204157,1.976174,0.208695,37.134544,3677,1.204157,-2.968257427215576,10,0.277778,0.01032270,0.01032269,0.00000020,0.01032270,0.01029745,0.00244534,1.181836,1.183227,-0.001177,0.023254,0.023215,0.001649,0.955215,0.955308,0.000093,0.00483643,1.91808173,0.999106
pkdd8,PKDD-8,125,127.000,132.000,5032,150,41,0.146429,8.200000,66.954689,15.466708,0.836934,0.390115,1.416921,1.991307,0.208695,37.751175,3801,1.416921,-2.8392186164855957,18,0.439024,0.01048519,0.01048519,0.00000020,0.01048519,0.01046011,0.00239164,1.180434,1.187073,-0.005625,0.023184,0.023757,-0.024693,0.955322,0.954535,-0.000787,0.00493748,1.85659391,0.998682
pkdd8,PKDD-8,126,128.000,133.000,5121,150,43,0.153571,8.600000,66.636703,15.995737,0.832959,0.389101,1.402514,2.049720,0.208695,39.194794,3860,1.402514,-2.716658592224121,15,0.348837,0.01044182,0.01044182,0.00000039,0.01044182,0.01041771,0.00230912,1.180841,1.193548,-0.010762,0.023291,0.024508,-0.052234,0.955025,0.953297,-0.001728,0.00548387,1.78646107,0.996833
pkdd8,PKDD-8,127,129.000,134.000,5115,150,41,0.146429,8.200000,66.245811,16.479265,0.828073,0.377666,1.400604,2.124209,0.037164,40.729622,3810,1.400604,-2.662210464477539,14,0.341463,0.01007993,0.01007993,0.00000010,0.01007993,0.01005640,0.00233443,1.178943,1.192154,-0.011205,0.023064,0.024311,-0.054033,0.955428,0.953663,-0.001765,0.00544331,1.73675860,0.995857
pkdd8,PKDD-8,128,130.000,135.000,4996,150,42,0.150000,8.400000,66.100273,16.532343,0.826253,0.377342,1.414136,2.183485,0.037164,41.798061,3661,1.414136,-2.582470178604126,18,0.428571,0.00968178,0.00968177,0.00000043,0.00968178,0.00965751,0.00250580,1.180416,1.193993,-0.011502,0.023322,0.024607,-0.055083,0.954783,0.952961,-0.001822,0.00543418,1.69417602,0.996204
pkdd8,PKDD-8,129,131.000,136.000,4861,150,40,0.142857,8.000000,65.976341,16.523872,0.824704,0.293411,0.855739,2.233035,0.037164,42.709450,3498,0.855739,-2.585055112838745,22,0.550000,0.00898226,0.00898226,0.00000011,0.00898226,0.00895831,0.00266669,1.170577,1.185047,-0.012362,0.021996,0.023364,-0.062189,0.957343,0.955395,-0.001949,0.00539129,1.61544598,0.995067
pkdd8,PKDD-8,130,132.000,137.000,4561,150,38,0.135714,7.600000,66.180939,16.541208,0.827262,0.248003,0.336851,2.215742,0.037164,42.555218,3199,0.336851,-2.6818013191223145,17,0.447368,0.00830130,0.00830129,0.00000037,0.00830130,0.00827666,0.00296739,1.175837,1.184734,-0.007567,0.022591,0.023325,-0.032474,0.956148,0.955118,-0.001029,0.00519760,1.52167570,0.995048
pkdd8,PKDD-8,131,133.000,138.000,4271,150,40,0.142857,8.000000,66.635925,16.051577,0.832949,0.243354,0.335877,2.218749,0.037164,42.810570,2939,0.335877,-2.6874845027923584,17,0.425000,0.00777167,0.00777167,0.00000007,0.00777167,0.00774647,0.00324272,1.179367,1.181098,-0.001468,0.023165,0.023125,0.001694,0.955102,0.955205,0.000103,0.00472728,1.46271659,0.997328
pkdd8,PKDD-8,132,134.000,139.000,4042,150,37,0.132143,7.400000,67.059418,15.478002,0.838243,0.248373,0.339570,2.348264,0.272403,45.357384,2738,0.339570,-2.64093279838562,20,0.540541,0.00746609,0.00746609,0.00000014,0.00746609,0.00743997,0.00349854,1.179116,1.181184,-0.001754,0.023071,0.023030,0.001790,0.955307,0.955410,0.000102,0.00458896,1.42910745,0.998139
pkdd8,PKDD-8,133,135.000,140.000,3869,150,37,0.132143,7.400000,67.083458,15.586501,0.838543,0.258584,0.352329,2.645373,0.437070,51.026165,2565,0.352329,-2.32416033744812,20,0.540541,0.00716491,0.00716491,-0.00000029,0.00716491,0.00713891,0.00362987,1.176884,1.179314,-0.002065,0.022856,0.022817,0.001664,0.955656,0.955759,0.000103,0.00431680,1.44944740,0.997934
pkdd8,PKDD-8,134,136.000,141.000,3703,150,33,0.117857,6.600000,67.089165,15.891616,0.838615,0.260810,0.356879,2.901017,0.597745,55.921822,2399,0.356879,-2.128164291381836,12,0.363636,0.00693784,0.00693784,-0.00000015,0.00693784,0.00691157,0.00378702,1.180794,1.183047,-0.001908,0.023357,0.023320,0.001587,0.954597,0.954702,0.000105,0.00416364,1.52955395,0.998733
pkdd8,PKDD-8,135,137.000,142.000,3551,150,33,0.117857,6.600000,66.985283,16.189318,0.837316,0.258625,0.352875,3.152850,0.755952,60.758617,2245,0.352875,-1.853848934173584,18,0.545455,0.00662843,0.00662843,-0.00000039,0.00662843,0.00660235,0.00393430,1.179845,1.182224,-0.002016,0.023199,0.023157,0.001811,0.955105,0.955213,0.000108,0.00397200,1.61523818,0.998796
pkdd8,PKDD-8,136,138.000,143.000,3364,150,33,0.117857,6.600000,66.645569,16.493507,0.833070,0.244891,0.335058,3.446643,0.765819,66.186920,2043,0.335058,-1.5191670656204224,19,0.575758,0.00629137,0.00629138,-0.00000082,0.00629137,0.00626595,0.00404070,1.171194,1.174353,-0.002697,0.022078,0.022035,0.001942,0.957275,0.957385,0.000110,0.00353787,1.70779270,0.997299
pkdd8,PKDD-8,137,139.000,144.000,3166,150,32,0.114286,6.400000,66.125511,16.781502,0.826569,0.240002,0.333164,3.471966,0.765819,66.316010,1861,0.333164,-1.4849121570587158,16,0.500000,0.00610438,0.00610439,-0.00000067,0.00610438,0.00608017,0.00396704,1.181579,1.184539,-0.002505,0.023480,0.023439,0.001769,0.954294,0.954398,0.000104,0.00320356,1.83153605,0.993783
pkdd8,PKDD-8,138,140.000,145.000,3040,150,32,0.114286,6.400000,65.667885,16.921000,0.820849,0.217098,0.300563,3.318608,0.822357,62.910854,1765,0.300563,-1.629522681236267,12,0.375000,0.00601407,0.00601407,-0.00000086,0.00601407,0.00598979,0.00403663,1.176710,1.179418,-0.002301,0.022666,0.022622,0.001945,0.956118,0.956221,0.000103,0.00323608,1.92746034,0.993145
pkdd8,PKDD-8,139,141.000,146.000,2954,150,28,0.100000,5.600000,65.301956,16.971869,0.816274,0.216866,0.291491,3.167819,0.303746,59.639641,1713,0.291491,-1.8524373769760132,16,0.571429,0.00601212,0.00601212,-0.00000060,0.00601212,0.00598812,0.00399061,1.185841,1.189244,-0.002870,0.023849,0.023807,0.001765,0.953962,0.954064,0.000102,0.00294274,1.95573916,0.991576
pkdd8,PKDD-8,140,142.000,147.000,2938,150,26,0.092857,5.200000,65.111923,16.832438,0.813899,0.219127,0.289174,3.061354,0.232680,57.187004,1748,0.289174,-1.9990867376327515,21,0.807692,0.00597894,0.00597895,-0.00000086,0.00597894,0.00595561,0.00390223,1.185440,1.188874,-0.002897,0.023826,0.023786,0.001661,0.953952,0.954047,0.000095,0.00261361,2.14369715,0.989955
pkdd8,PKDD-8,141,143.000,148.000,2912,150,25,0.089286,5.000000,65.138924,16.784668,0.814237,0.234396,0.307181,2.984344,0.182494,55.348301,1738,0.307181,-2.1066386699676514,32,1.280000,0.00595888,0.00595888,-0.00000052,0.00595888,0.00593459,0.00407704,1.185249,1.188019,-0.002337,0.023748,0.023714,0.001436,0.954071,0.954155,0.000084,0.00257608,2.42403437,0.990963
pkdd8,PKDD-8,142,144.000,149.000,2888,150,24,0.085714,4.800000,65.201668,16.791889,0.815021,0.245453,0.317279,3.171059,0.182494,58.448120,1714,0.317279,-1.9301648139953613,32,1.333333,0.00577293,0.00577294,-0.00000036,0.00577293,0.00574740,0.00442256,1.182307,1.185530,-0.002726,0.023341,0.023305,0.001573,0.955175,0.955266,0.000091,0.00244834,2.94805847,0.993875
pkdd8,PKDD-8,143,145.000,150.000,2792,150,23,0.082143,4.600000,64.975731,16.961926,0.812197,0.262430,0.337524,3.337516,0.182494,61.410858,1618,0.337524,-1.756852388381958,32,1.391304,0.00561647,0.00561647,0.00000000,0.00561647,0.00559042,0.00463786,1.190249,1.193548,-0.002772,0.024601,0.024566,0.001419,0.952462,0.952555,0.000093,0.00225248,2.29716747,0.992742
pkdd8,PKDD-8,144,146.000,151.000,2728,150,24,0.085714,4.800000,64.650246,17.020750,0.808128,0.273895,0.354641,3.546682,0.182494,65.024834,1550,0.354641,-1.4939463138580322,27,1.125000,0.00537000,0.00537000,0.00000019,0.00537000,0.00534264,0.00509566,1.176314,1.178979,-0.002266,0.022784,0.022748,0.001555,0.955912,0.956004,0.000092,0.00190592,1.86800934,0.990404
pkdd8,PKDD-8,145,147.000,152.000,2626,150,23,0.082143,4.600000,64.077660,17.129333,0.800971,0.257096,0.347200,3.783420,0.182494,68.515747,1427,0.347200,-1.226217269897461,12,0.521739,0.00506946,0.00506946,0.00000061,0.00506946,0.00504179,0.00545926,1.178428,1.180834,-0.002042,0.023146,0.023106,0.001710,0.955019,0.955117,0.000099,0.00215770,1.65394992,0.991700
pkdd8,PKDD-8,146,148.000,153.000,2494,150,23,0.082143,4.600000,63.397190,17.361086,0.792465,0.257253,0.349180,3.822029,0.762891,68.342476,1294,0.349180,-1.1518477201461792,0,0.000000,0.00476530,0.00476530,0.00000076,0.00476530,0.00473800,0.00572889,1.184746,1.187288,-0.002146,0.024049,0.024007,0.001738,0.953130,0.953233,0.000104,0.00239946,1.51842729,0.991419
pkdd8,PKDD-8,147,149.000,154.000,2360,150,21,0.075000,4.200000,62.861301,17.633665,0.785766,0.253620,0.346583,3.628585,0.574883,64.303947,1160,0.346583,-1.3763322830200195,3,0.142857,0.00464763,0.00464763,0.00000066,0.00464763,0.00462043,0.00585322,1.167962,1.169689,-0.001479,0.022023,0.021993,0.001394,0.956867,0.956951,0.000085,0.00218960,1.41880706,0.990479
pkdd8,PKDD-8,148,150.000,155.000,2316,150,21,0.075000,4.200000,62.636269,17.691889,0.782953,0.250386,0.344288,3.731251,0.561592,66.410858,1133,0.344288,-1.2516179084777832,6,0.285714,0.00455812,0.00455811,0.00000102,0.00455812,0.00453150,0.00583958,1.169820,1.172019,-0.001880,0.022216,0.022189,0.001254,0.956459,0.956541,0.000081,0.00218849,1.37954286,0.989705
pkdd8,PKDD-8,149,151.000,156.000,2273,150,21,0.075000,4.200000,62.456562,17.817490,0.780707,0.239932,0.332623,3.818350,0.525507,68.550491,1120,0.332623,-1.1368722915649414,6,0.285714,0.00474086,0.00474086,0.00000076,0.00474086,0.00471558,0.00533422,1.183708,1.186678,-0.002509,0.024008,0.023974,0.001408,0.953019,0.953114,0.000095,0.00231261,1.41908414,0.992172
pkdd8,PKDD-8,150,152.000,157.000,2357,150,24,0.085714,4.800000,62.974728,18.048971,0.787184,0.248509,0.340288,4.012046,0.499857,73.625595,1176,0.340288,-0.8881224393844604,7,0.291667,0.00494415,0.00494414,0.00000104,0.00494415,0.00491922,0.00504225,1.178177,1.180629,-0.002081,0.023357,0.023334,0.000981,0.954173,0.954246,0.000074,0.00242348,1.45652300,0.991541
pkdd8,PKDD-8,151,153.000,158.000,2447,150,23,0.082143,4.600000,63.454159,18.242126,0.793177,0.230355,0.319399,4.114586,0.499857,76.484993,1236,0.319399,-0.814734935760498,7,0.304348,0.00520049,0.00520048,0.00000089,0.00520049,0.00517567,0.00477194,1.182241,1.185343,-0.002624,0.023850,0.023817,0.001374,0.953377,0.953475,0.000098,0.00248862,1.48263859,0.991101
pkdd8,PKDD-8,152,154.000,159.000,2579,150,26,0.092857,5.200000,63.960552,18.451771,0.799507,0.239640,0.327457,4.072502,0.499857,75.361931,1338,0.327457,-0.8295948505401611,4,0.153846,0.00532621,0.00532620,0.00000087,0.00532621,0.00530172,0.00459679,1.191497,1.195260,-0.003158,0.024928,0.024892,0.001441,0.951588,0.951695,0.000107,0.00283810,1.51427205,0.992382
pkdd8,PKDD-8,153,155.000,160.000,2658,150,25,0.089286,5.000000,64.506683,18.803173,0.806334,0.228722,0.309986,3.771718,0.499857,69.079536,1370,0.309986,-1.2099320888519287,1,0.040000,0.00552219,0.00552219,0.00000075,0.00552219,0.00549735,0.00449860,1.178906,1.182505,-0.003053,0.023107,0.023067,0.001747,0.955484,0.955595,0.000111,0.00280695,1.62462565,0.994654
pkdd8,PKDD-8,154,156.000,161.000,2778,150,27,0.096429,5.400000,65.019402,18.994432,0.812743,0.223839,0.295941,3.506430,0.499857,64.435410,1430,0.295941,-1.496439814567566,3,0.111111,0.00553911,0.00553910,0.00000019,0.00553911,0.00551415,0.00450623,1.181592,1.184435,-0.002406,0.023570,0.023531,0.001658,0.954549,0.954656,0.000106,0.00258711,1.70435054,0.996322
pkdd8,PKDD-8,155,157.000,162.000,2814,150,25,0.089286,5.000000,65.215706,19.090237,0.815196,0.225712,0.296149,3.207941,0.590069,58.836189,1488,0.296149,-1.876285195350647,3,0.120000,0.00561659,0.00561658,0.00000101,0.00561659,0.00559106,0.00454513,1.176328,1.179452,-0.002656,0.022711,0.022670,0.001833,0.956387,0.956499,0.000113,0.00228108,1.78161450,0.997345
pkdd8,PKDD-8,156,158.000,163.000,2881,150,22,0.078571,4.400000,65.467743,19.039709,0.818347,0.234977,0.312826,3.132370,0.590069,57.503151,1585,0.312826,-2.033586025238037,3,0.136364,0.00565355,0.00565355,0.00000146,0.00565355,0.00562847,0.00443758,1.181100,1.184536,-0.002910,0.023308,0.023273,0.001505,0.955191,0.955290,0.000099,0.00197887,1.88025031,0.997526
pkdd8,PKDD-8,157,159.000,164.000,2910,150,23,0.082143,4.600000,65.566063,18.972927,0.819576,0.222305,0.296723,3.179136,0.590069,58.941494,1641,0.296723,-1.9612497091293335,3,0.130435,0.00584095,0.00584095,0.00000141,0.00584095,0.00581658,0.00417327,1.178109,1.180431,-0.001971,0.022786,0.022745,0.001804,0.956140,0.956245,0.000105,0.00229520,1.99031974,0.997015
pkdd8,PKDD-8,158,160.000,165.000,3015,150,26,0.092857,5.200000,65.071953,18.984467,0.813399,0.227591,0.302131,3.305274,0.590069,61.967442,1761,0.302131,-1.7231354713439941,4,0.153846,0.00605800,0.00605799,0.00000119,0.00605800,0.00603469,0.00384715,1.184675,1.187240,-0.002165,0.023746,0.023692,0.002263,0.954060,0.954191,0.000132,0.00243152,2.08513683,0.995960
pkdd8,PKDD-8,159,161.000,166.000,3119,150,28,0.100000,5.600000,64.661125,18.936626,0.808264,0.226371,0.299765,3.356437,0.617794,62.697811,1895,0.299765,-1.5959904193878174,2,0.071429,0.00619873,0.00619872,0.00000149,0.00619873,0.00617455,0.00390110,1.182246,1.185696,-0.002919,0.023296,0.023224,0.003093,0.955065,0.955245,0.000179,0.00247748,2.17050728,0.995342
pkdd8,PKDD-8,160,162.000,167.000,3188,150,29,0.103571,5.800000,64.103584,18.994989,0.801295,0.235255,0.314308,3.359062,0.566658,62.234558,1970,0.314308,-1.5247840881347656,2,0.068966,0.00656264,0.00656264,0.00000039,0.00656264,0.00653824,0.00371857,1.192844,1.196180,-0.002796,0.025158,0.025086,0.002859,0.951118,0.951298,0.000180,0.00250907,2.30148930,0.993587
pkdd8,PKDD-8,161,163.000,168.000,3298,150,30,0.107143,6.000000,62.874176,19.506321,0.785927,0.254036,0.348092,3.312619,0.513471,60.868587,2051,0.348092,-1.4684295654296875,3,0.100000,0.00685249,0.00685249,-0.00000015,0.00685249,0.00682787,0.00359298,1.186742,1.189701,-0.002494,0.024256,0.024176,0.003290,0.953067,0.953265,0.000198,0.00298608,2.29521071,0.992276
pkdd8,PKDD-8,162,164.000,169.000,3379,150,30,0.107143,6.000000,61.595284,19.989954,0.769941,0.266699,0.369897,3.276978,0.441834,60.021290,2105,0.369897,-1.4242879152297974,3,0.100000,0.00693844,0.00693844,-0.00000037,0.00693844,0.00691224,0.00377572,1.184987,1.188263,-0.002765,0.023927,0.023846,0.003370,0.953825,0.954018,0.000193,0.00335966,2.29047488,0.992493
pkdd8,PKDD-8,163,165.000,170.000,3357,150,29,0.103571,5.800000,60.562984,20.487284,0.757037,0.268671,0.376214,3.132314,0.432226,57.118382,2068,0.376214,-1.5390591621398926,4,0.137931,0.00694818,0.00694819,-0.00000059,0.00694818,0.00692092,0.00392388,1.195646,1.199274,-0.003035,0.025488,0.025422,0.002603,0.950847,0.951014,0.000168,0.00344767,2.22058530,0.993604
pkdd8,PKDD-8,164,166.000,171.000,3307,150,29,0.103571,5.800000,59.496067,21.012587,0.743701,0.278611,0.404423,3.000719,0.432226,54.304829,1988,0.404423,-1.6142228841781616,7,0.241379,0.00704463,0.00704463,-0.00000051,0.00704463,0.00701742,0.00386300,1.181653,1.184983,-0.002818,0.023664,0.023616,0.002023,0.954363,0.954480,0.000117,0.00344153,2.09846614,0.992916
pkdd8,PKDD-8,165,167.000,172.000,3303,150,30,0.107143,6.000000,58.281006,21.402962,0.728513,0.292491,0.464000,2.839676,0.432226,50.825871,1954,0.464000,-1.7001807689666748,6,0.200000,0.00694890,0.00694890,-0.00000037,0.00694890,0.00692185,0.00389297,1.185536,1.189197,-0.003089,0.023777,0.023734,0.001817,0.954407,0.954526,0.000120,0.00388118,1.97180484,0.994782
pkdd8,PKDD-8,166,168.000,173.000,3277,150,30,0.107143,6.000000,57.622616,21.439842,0.720283,0.300104,0.485967,2.776935,0.432226,49.114281,1927,0.485967,-1.7287123203277588,6,0.200000,0.00693857,0.00693857,-0.00000044,0.00693857,0.00691071,0.00401550,1.184274,1.187614,-0.002820,0.023913,0.023877,0.001502,0.953758,0.953857,0.000099,0.00369938,1.94228200,0.996721
pkdd8,PKDD-8,167,169.000,174.000,3294,150,29,0.103571,5.800000,57.321556,21.417877,0.716519,0.306245,0.488496,2.759201,0.432226,48.728813,1944,0.488496,-1.7435020208358765,7,0.241379,0.00708843,0.00708843,-0.00000058,0.00708843,0.00706104,0.00386353,1.182678,1.186225,-0.002999,0.023950,0.023881,0.002850,0.953388,0.953572,0.000185,0.00378357,1.93116783,0.996542
pkdd8,PKDD-8,168,170.000,175.000,3383,150,29,0.103571,5.800000,57.402882,21.271492,0.717536,0.333293,0.523453,2.923778,0.824563,51.467945,2033,0.523453,-1.5582637786865234,5,0.172414,0.00729955,0.00729955,-0.00000056,0.00729955,0.00727233,0.00372852,1.192582,1.195150,-0.002153,0.025174,0.025005,0.006724,0.950990,0.951372,0.000382,0.00376991,1.89129375,0.996405
pkdd8,PKDD-8,169,171.000,176.000,3505,150,31,0.110714,6.200000,57.311451,21.121927,0.716393,0.349086,0.529572,3.166738,0.767190,54.793983,2141,0.529572,-1.2366938591003418,3,0.096774,0.00748927,0.00748928,-0.00000096,0.00748927,0.00746176,0.00367282,1.197292,1.200332,-0.002539,0.025543,0.025372,0.006680,0.950458,0.950845,0.000387,0.00350693,1.84725015,0.995524
pkdd8,PKDD-8,170,172.000,177.000,3619,150,32,0.114286,6.400000,57.328487,21.007025,0.716606,0.339791,0.484964,3.439675,0.666800,58.802937,2225,0.484964,-0.9106035232543945,3,0.093750,0.00761915,0.00761916,-0.00000122,0.00761915,0.00759138,0.00364480,1.185265,1.188245,-0.002514,0.024092,0.023923,0.007017,0.953201,0.953575,0.000374,0.00407360,1.79600641,0.991224
pkdd8,PKDD-8,171,173.000,178.000,3692,150,31,0.110714,6.200000,57.377922,21.052727,0.717224,0.328144,0.456469,3.569611,0.530984,60.264626,2268,0.456469,-0.7828810811042786,2,0.064516,0.00779112,0.00779113,-0.00000099,0.00779112,0.00776400,0.00348020,1.192950,1.195600,-0.002222,0.025106,0.024933,0.006893,0.951300,0.951683,0.000383,0.00444994,1.80688581,0.987835
pkdd8,PKDD-8,172,174.000,179.000,3773,150,34,0.121429,6.800000,57.616280,21.100651,0.720203,0.321950,0.448249,3.623121,0.399186,60.095974,2319,0.448249,-0.6757304668426514,2,0.058824,0.00789302,0.00789302,-0.00000078,0.00789302,0.00786629,0.00338572,1.190414,1.192771,-0.001980,0.024648,0.024511,0.005584,0.952460,0.952762,0.000303,0.00465928,1.80651976,0.985267
pkdd8,PKDD-8,173,175.000,180.000,3818,150,33,0.117857,6.600000,57.639103,21.185114,0.720489,0.296824,0.405421,3.452322,0.230719,56.594540,2334,0.405421,-0.8889263868331909,2,0.060606,0.00782092,0.00782093,-0.00000072,0.00782092,0.00779432,0.00340094,1.171255,1.173902,-0.002260,0.021971,0.021925,0.002125,0.957706,0.957827,0.000120,0.00453083,1.85051396,0.983563
pkdd8,PKDD-8,174,176.000,181.000,3778,150,32,0.114286,6.400000,57.776649,21.456684,0.722208,0.291339,0.400738,3.257020,0.226033,53.650040,2278,0.400738,-1.1322027444839478,2,0.062500,0.00786313,0.00786313,-0.00000046,0.00786313,0.00783815,0.00317686,1.177249,1.178571,-0.001124,0.022817,0.022763,0.002363,0.955982,0.956116,0.000135,0.00440606,1.99644966,0.981071
pkdd8,PKDD-8,175,177.000,182.000,3780,150,34,0.121429,6.800000,58.187119,21.663786,0.727339,0.292928,0.438643,3.107271,0.226033,52.182262,2280,0.438643,-1.2814255952835083,2,0.058824,0.00795210,0.00795210,-0.00000026,0.00795210,0.00792814,0.00301344,1.187958,1.190314,-0.001983,0.024390,0.024323,0.002762,0.952676,0.952848,0.000172,0.00383210,2.13435357,0.982448
pkdd8,PKDD-8,176,178.000,183.000,3820,150,32,0.114286,6.400000,58.369247,21.859619,0.729616,0.303051,0.474138,3.044090,0.226033,52.202938,2320,0.474138,-1.4002132415771484,3,0.093750,0.00800855,0.00800855,-0.00000058,0.00800855,0.00798430,0.00302741,1.177986,1.180588,-0.002209,0.022642,0.022508,0.005924,0.956491,0.956751,0.000260,0.00392666,2.17577667,0.983841
pkdd8,PKDD-8,177,179.000,184.000,3843,150,32,0.114286,6.400000,58.067219,22.089008,0.725840,0.326179,0.517770,3.016917,0.226033,52.511414,2343,0.517770,-1.4084184169769287,2,0.062500,0.00808739,0.00808740,-0.00000064,0.00808739,0.00806248,0.00308036,1.180782,1.183631,-0.002413,0.022933,0.022814,0.005184,0.955848,0.956091,0.000243,0.00446880,2.24624303,0.985082
pkdd8,PKDD-8,178,180.000,185.000,3861,150,32,0.114286,6.400000,57.607384,22.419468,0.720092,0.351051,0.561616,3.091107,0.226033,54.034393,2361,0.561616,-1.2900930643081665,5,0.156250,0.00827778,0.00827779,-0.00000062,0.00827778,0.00825340,0.00294536,1.184224,1.187532,-0.002793,0.023409,0.023291,0.005019,0.954951,0.955194,0.000242,0.00500433,2.29397236,0.985344
pkdd8,PKDD-8,179,181.000,186.000,3930,150,34,0.121429,6.800000,56.885616,22.578428,0.711070,0.344966,0.563118,3.124915,0.499364,54.622738,2430,0.563118,-1.169895052909851,4,0.117647,0.00822230,0.00822230,-0.00000038,0.00822230,0.00819739,0.00302995,1.181255,1.184870,-0.003060,0.023131,0.023013,0.005124,0.955488,0.955733,0.000245,0.00572223,2.19513104,0.986638
pkdd8,PKDD-8,180,182.000,187.000,3873,150,33,0.117857,6.600000,55.662411,22.934469,0.695780,0.349949,0.556501,3.039316,0.499364,52.622852,2373,0.556501,-1.2042828798294067,4,0.121212,0.00830783,0.00830784,-0.00000019,0.00830783,0.00828311,0.00297534,1.163964,1.166023,-0.001769,0.020483,0.020373,0.005394,0.960920,0.961131,0.000211,0.00592389,2.33392031,0.984595
pkdd8,PKDD-8,181,183.000,188.000,3885,150,37,0.132143,7.400000,54.864799,23.160000,0.685810,0.390556,0.854700,2.855860,0.007259,49.562710,2370,0.854700,-1.2752065658569336,8,0.216216,0.00840472,0.00840472,0.00000012,0.00840472,0.00838026,0.00291079,1.167689,1.169734,-0.001751,0.021262,0.021225,0.001743,0.958962,0.959070,0.000107,0.00614855,2.42223743,0.985736
pkdd8,PKDD-8,182,184.000,189.000,3912,150,35,0.125000,7.000000,54.591137,23.281883,0.682389,0.375106,0.831297,2.651950,0.007259,46.339687,2367,0.831297,-1.5221879482269287,10,0.285714,0.00843707,0.00843707,0.00000024,0.00843707,0.00841391,0.00274587,1.166539,1.168579,-0.001749,0.021213,0.021162,0.002429,0.959026,0.959146,0.000121,0.00617081,2.42059898,0.985884
pkdd8,PKDD-8,183,185.000,190.000,3921,150,32,0.114286,6.400000,54.455791,23.264437,0.680697,0.369765,0.813753,2.475648,0.007259,43.353813,2346,0.813753,-1.7679286003112793,7,0.218750,0.00844497,0.00844496,0.00000018,0.00844497,0.00842074,0.00286889,1.159050,1.160582,-0.001322,0.020348,0.020297,0.002517,0.960728,0.960848,0.000120,0.00592160,2.54827833,0.982882
pkdd8,PKDD-8,184,186.000,191.000,3917,150,31,0.110714,6.200000,54.504898,23.156391,0.681311,0.377014,0.809452,2.319440,0.007259,40.497326,2324,0.809452,-1.9640419483184814,8,0.258065,0.00844282,0.00844282,0.00000012,0.00844282,0.00841747,0.00300237,1.154573,1.156106,-0.001328,0.019856,0.019818,0.001869,0.961518,0.961612,0.000094,0.00611756,3.08110033,0.982064
pkdd8,PKDD-8,185,187.000,192.000,3914,150,30,0.107143,6.000000,54.724228,22.911163,0.684053,0.380241,0.802183,2.263162,0.007259,39.544838,2322,0.802183,-2.065938949584961,8,0.266667,0.00828226,0.00828226,-0.00000031,0.00828226,0.00825588,0.00318522,1.161746,1.163313,-0.001349,0.020870,0.020835,0.001709,0.959610,0.959705,0.000095,0.00627125,2.84087043,0.986125
pkdd8,PKDD-8,186,188.000,193.000,3827,150,29,0.103571,5.800000,54.764526,22.593735,0.684557,0.332719,0.468523,2.255033,0.285475,38.788521,2235,0.468523,-2.1067087650299072,4,0.137931,0.00802631,0.00802632,-0.00000013,0.00802631,0.00799920,0.00337886,1.159393,1.161019,-0.001403,0.020662,0.020625,0.001793,0.960038,0.960135,0.000097,0.00633051,2.69120346,0.986704
pkdd8,PKDD-8,187,189.000,194.000,3689,150,31,0.110714,6.200000,54.565407,22.269939,0.682068,0.322536,0.461507,2.367758,0.198659,40.166813,2126,0.461507,-1.9410213232040405,5,0.161290,0.00772632,0.00772632,0.00000000,0.00772632,0.00769800,0.00366557,1.151222,1.152644,-0.001235,0.019655,0.019617,0.001902,0.961922,0.962019,0.000098,0.00619059,2.39318138,0.987848
pkdd8,PKDD-8,188,190.000,195.000,3518,150,30,0.107143,6.000000,54.549194,22.050297,0.681865,0.306752,0.442307,2.513571,0.198659,42.552971,2002,0.442307,-1.815718173980713,5,0.166667,0.00724814,0.00724814,0.00000000,0.00724814,0.00722058,0.00380183,1.160172,1.161399,-0.001058,0.020767,0.020732,0.001718,0.959688,0.959779,0.000091,0.00588706,2.15928968,0.992544
pkdd8,PKDD-8,189,191.000,196.000,3259,150,27,0.096429,5.400000,54.663944,22.154785,0.683299,0.301436,0.432069,2.530807,0.198659,43.209354,1791,0.432069,-1.8796290159225464,7,0.259259,0.00679615,0.00679615,0.00000000,0.00679615,0.00676893,0.00400394,1.164016,1.165010,-0.000854,0.020911,0.020869,0.002022,0.959711,0.959807,0.000096,0.00592908,1.97395577,0.997316
pkdd8,PKDD-8,190,192.000,197.000,3018,150,26,0.092857,5.200000,55.108826,22.415888,0.688860,0.280287,0.417729,2.550849,0.198659,44.128384,1579,0.417729,-1.921947717666626,10,0.384615,0.00634257,0.00634256,0.00000065,0.00634257,0.00631550,0.00426699,1.167624,1.169060,-0.001230,0.021689,0.021649,0.001862,0.957960,0.958079,0.000118,0.00513892,1.84265915,0.997577
pkdd8,PKDD-8,191,193.000,198.000,2786,150,28,0.100000,5.600000,55.376945,22.611925,0.692212,0.265576,0.404496,2.924374,0.198659,50.451508,1392,0.404496,-1.5045247077941895,9,0.321429,0.00582431,0.00582430,0.00000080,0.00582431,0.00579771,0.00456636,1.170020,1.171598,-0.001349,0.021650,0.021601,0.002251,0.958452,0.958588,0.000136,0.00452873,1.72038063,0.997870
pkdd8,PKDD-8,192,194.000,199.000,2535,150,24,0.085714,4.800000,55.230289,22.975912,0.690379,0.260583,0.398837,3.130629,0.562979,54.439381,1172,0.398837,-1.3612844944000244,6,0.250000,0.00539284,0.00539283,0.00000067,0.00539284,0.00536641,0.00490098,1.180805,1.182091,-0.001089,0.022938,0.022889,0.002151,0.956053,0.956190,0.000137,0.00423838,1.64905905,0.998265
pkdd8,PKDD-8,193,195.000,200.000,2334,150,24,0.085714,4.800000,54.684120,23.250710,0.683552,0.243205,0.362377,3.210337,0.584472,56.596230,991,0.362377,-1.250215768814087,6,0.250000,0.00507729,0.00507728,0.00000101,0.00507729,0.00505135,0.00510797,1.177279,1.178195,-0.000778,0.022604,0.022536,0.002995,0.956556,0.956734,0.000177,0.00376699,1.66440769,0.994640
pkdd8,PKDD-8,194,196.000,201.000,2183,150,21,0.075000,4.200000,53.933826,23.446379,0.674173,0.217568,0.314423,3.586596,0.724656,63.099922,851,0.314423,-0.8558688163757324,3,0.142857,0.00477630,0.00477630,0.00000129,0.00477630,0.00475173,0.00514509,1.183473,1.184948,-0.001247,0.023616,0.023543,0.003088,0.954497,0.954685,0.000188,0.00350405,1.71792880,0.989597
pkdd8,PKDD-8,195,197.000,202.000,2033,150,21,0.075000,4.200000,52.914001,23.707001,0.661425,0.206827,0.291986,4.057150,0.966152,70.766808,731,0.291986,-0.2792874574661255,0,0.000000,0.00452269,0.00452268,0.00000102,0.00452269,0.00449748,0.00557288,1.168592,1.169643,-0.000899,0.021280,0.021211,0.003261,0.959299,0.959444,0.000146,0.00361511,1.75659449,0.987710
pkdd8,PKDD-8,196,198.000,203.000,1904,150,18,0.064286,3.600000,52.216961,24.251841,0.652712,0.211325,0.303967,3.983369,1.184415,71.352585,632,0.303967,-0.3758678436279297,4,0.222222,0.00453275,0.00453274,0.00000091,0.00453275,0.00450706,0.00566633,1.172814,1.174921,-0.001797,0.022267,0.022202,0.002885,0.957053,0.957189,0.000136,0.00377401,1.72582434,0.986723
pkdd8,PKDD-8,197,199.000,204.000,1898,150,18,0.064286,3.600000,52.510017,24.532413,0.656375,0.204393,0.310066,4.234451,1.184415,77.104683,656,0.310066,-0.11836326122283936,10,0.555556,0.00446641,0.00446641,0.00000104,0.00446641,0.00444041,0.00582215,1.190705,1.193376,-0.002243,0.024710,0.024595,0.004652,0.952414,0.952646,0.000233,0.00338682,1.80580404,0.984375
pkdd8,PKDD-8,198,200.000,205.000,1872,150,18,0.064286,3.600000,52.822918,24.885220,0.660286,0.196546,0.305451,4.226246,1.185963,76.586716,660,0.305451,-0.15160155296325684,10,0.555556,0.00434765,0.00434764,0.00000130,0.00434765,0.00432104,0.00611944,1.178818,1.182012,-0.002709,0.023002,0.022909,0.004056,0.955865,0.956054,0.000189,0.00356244,1.88344895,0.986110
pkdd8,PKDD-8,199,201.000,206.000,1879,150,16,0.057143,3.200000,53.699646,24.931107,0.671246,0.198272,0.301075,4.034560,1.214278,73.429253,716,0.301075,-0.4595792293548584,10,0.625000,0.00432579,0.00432579,0.00000048,0.00432579,0.00429797,0.00642957,1.168644,1.171222,-0.002207,0.021758,0.021682,0.003511,0.957955,0.958116,0.000160,0.00346093,1.96786075,0.989789
pkdd8,PKDD-8,200,202.000,207.000,1939,150,16,0.057143,3.200000,54.700031,24.595798,0.683750,0.193789,0.296508,3.829343,1.219024,70.175110,806,0.296508,-0.7508020401000977,10,0.625000,0.00430776,0.00430776,0.00000024,0.00430776,0.00428019,0.00639937,1.182365,1.184870,-0.002119,0.023608,0.023526,0.003489,0.954513,0.954685,0.000172,0.00311265,1.98019885,0.989178
pkdd8,PKDD-8,201,203.000,208.000,1996,150,17,0.060714,3.400000,55.730774,24.277628,0.696635,0.169623,0.250202,3.611953,1.227295,66.657692,893,0.250202,-1.0401898622512817,6,0.352941,0.00422542,0.00422542,0.00000006,0.00422542,0.00419747,0.00661620,1.171020,1.172992,-0.001684,0.021970,0.021903,0.003038,0.957390,0.957540,0.000150,0.00280849,2.01320657,0.984919
pkdd8,PKDD-8,202,204.000,209.000,2029,150,18,0.064286,3.600000,56.805264,24.113241,0.710066,0.176407,0.238881,3.148352,1.260354,58.508816,927,0.238881,-1.6005668640136719,0,0.000000,0.00427053,0.00427053,-0.00000042,0.00427053,0.00424357,0.00631249,1.159906,1.161792,-0.001627,0.020600,0.020583,0.000829,0.959848,0.959906,0.000058,0.00243643,1.92926308,0.984717
pkdd8,PKDD-8,203,205.000,210.000,2120,150,17,0.060714,3.400000,58.304276,23.878635,0.728803,0.207893,0.282461,3.022720,1.301696,56.754383,982,0.282461,-1.846588134765625,0,0.000000,0.00446796,0.00446796,-0.00000069,0.00446796,0.00444146,0.00593093,1.166592,1.168379,-0.001531,0.021470,0.021455,0.000732,0.958118,0.958173,0.000055,0.00269925,1.99344188,0.986333
pkdd8,PKDD-8,204,206.000,211.000,2239,150,19,0.067857,3.800000,59.063282,23.629868,0.738291,0.214722,0.297806,3.054437,1.348469,56.853065,1041,0.297806,-1.8051657676696777,1,0.052632,0.00486336,0.00486336,0.00000021,0.00486336,0.00483698,0.00542503,1.165574,1.167623,-0.001758,0.021457,0.021436,0.000961,0.958211,0.958277,0.000066,0.00284704,2.02799612,0.988934
pkdd8,PKDD-8,205,207.000,212.000,2440,150,23,0.082143,4.600000,59.885452,23.230408,0.748568,0.221787,0.310699,3.332275,0.673805,59.134907,1183,0.310699,-1.4546864032745361,4,0.173913,0.00527918,0.00527917,0.00000088,0.00527918,0.00525283,0.00499129,1.168389,1.170685,-0.001965,0.021926,0.021903,0.001020,0.957113,0.957185,0.000072,0.00278702,2.18409457,0.988978
pkdd8,PKDD-8,206,208.000,213.000,2613,150,23,0.082143,4.600000,60.039181,23.017357,0.750490,0.233228,0.316154,3.289903,0.673805,57.227345,1280,0.316154,-1.495204210281372,4,0.173913,0.00571263,0.00571262,0.00000072,0.00571263,0.00568730,0.00443295,1.173711,1.175143,-0.001221,0.022592,0.022563,0.001303,0.955871,0.955954,0.000083,0.00298064,2.42248495,0.991941
pkdd8,PKDD-8,207,209.000,214.000,2792,150,26,0.092857,5.200000,60.200417,22.833714,0.752505,0.241126,0.323547,3.278384,0.536744,56.707344,1418,0.323547,-1.4449383020401,7,0.269231,0.00609456,0.00609455,0.00000068,0.00609456,0.00606873,0.00423824,1.170640,1.172003,-0.001164,0.022227,0.022194,0.001496,0.956529,0.956621,0.000093,0.00310585,2.71175069,0.993409
pkdd8,PKDD-8,208,210.000,215.000,2936,150,25,0.089286,5.000000,60.023247,22.679047,0.750291,0.236246,0.321786,3.284152,0.481461,56.434135,1561,0.321786,-1.4378145933151245,10,0.400000,0.00634340,0.00634340,0.00000049,0.00634340,0.00631733,0.00410921,1.179427,1.180759,-0.001129,0.023375,0.023340,0.001514,0.954440,0.954540,0.000101,0.00290454,2.60581848,0.990862
pkdd8,PKDD-8,209,211.000,216.000,3004,150,25,0.089286,5.000000,59.780163,22.694344,0.747252,0.238963,0.329048,3.290103,0.481461,56.471100,1629,0.329048,-1.4138988256454468,9,0.360000,0.00639721,0.00639721,0.00000016,0.00639721,0.00637133,0.00404505,1.179410,1.180416,-0.000853,0.023356,0.023315,0.001753,0.954599,0.954705,0.000106,0.00332401,2.83431551,0.990644
pkdd8,PKDD-8,210,212.000,217.000,2982,150,25,0.089286,5.000000,59.116375,22.707159,0.738955,0.239189,0.326320,3.078810,0.481461,53.766869,1606,0.326320,-1.6064997911453247,6,0.240000,0.00639480,0.00639480,-0.00000016,0.00639480,0.00636904,0.00402790,1.171053,1.171727,-0.000576,0.022136,0.022092,0.001991,0.957166,0.957272,0.000106,0.00369924,2.87201390,0.992864
pkdd8,PKDD-8,211,213.000,218.000,2964,150,24,0.085714,4.800000,58.889286,22.693829,0.736116,0.240695,0.336789,3.134260,0.481461,54.719910,1575,0.336789,-1.5576931238174438,6,0.250000,0.00619877,0.00619877,-0.00000017,0.00619877,0.00617236,0.00426063,1.170646,1.171699,-0.000900,0.022221,0.022177,0.001958,0.957017,0.957121,0.000104,0.00390991,2.86972598,0.992574
pkdd8,PKDD-8,212,214.000,219.000,2848,150,24,0.085714,4.800000,58.374947,22.954369,0.729687,0.221966,0.320145,3.160181,0.481461,54.486542,1442,0.320145,-1.50582754611969,3,0.125000,0.00594984,0.00594984,-0.00000035,0.00594984,0.00592314,0.00448628,1.177991,1.178730,-0.000627,0.023091,0.023042,0.002126,0.955385,0.955493,0.000108,0.00343918,2.47996249,0.992688
pkdd8,PKDD-8,213,215.000,220.000,2708,150,24,0.085714,4.800000,57.585861,23.231014,0.719823,0.257396,0.476117,3.205041,0.750902,54.205048,1277,0.476117,-1.4111531972885132,1,0.041667,0.00582260,0.00582261,-0.00000044,0.00582260,0.00579505,0.00473262,1.170390,1.171147,-0.000647,0.022277,0.022228,0.002207,0.956693,0.956796,0.000104,0.00278248,2.08455277,0.996592
pkdd8,PKDD-8,214,216.000,221.000,2641,150,23,0.082143,4.600000,56.742191,23.464363,0.709277,0.294246,0.612906,3.172378,0.750902,52.528992,1180,0.612906,-1.4096072912216187,2,0.086957,0.00593905,0.00593905,-0.00000017,0.00593905,0.00591098,0.00472569,1.180875,1.182357,-0.001256,0.023830,0.023788,0.001749,0.953293,0.953397,0.000104,0.00271596,1.91690698,0.995663
pkdd8,PKDD-8,215,217.000,222.000,2698,150,26,0.092857,5.200000,56.445885,24.124069,0.705574,0.317978,0.641338,3.286105,0.750902,55.321407,1207,0.641338,-1.1988844871520996,5,0.192308,0.00612612,0.00612612,-0.00000017,0.00612612,0.00609774,0.00463305,1.179735,1.181525,-0.001517,0.023520,0.023483,0.001614,0.953970,0.954074,0.000104,0.00315447,1.80994062,0.993555
pkdd8,PKDD-8,216,218.000,223.000,2793,150,26,0.092857,5.200000,56.225910,24.586409,0.702824,0.320388,0.636214,3.299859,0.262107,56.667767,1301,0.636214,-1.1539634466171265,6,0.230769,0.00655188,0.00655188,-0.00000008,0.00655188,0.00652315,0.00438461,1.173134,1.174793,-0.001414,0.022566,0.022524,0.001829,0.956005,0.956115,0.000110,0.00337995,1.78173027,0.991493
pkdd8,PKDD-8,217,219.000,224.000,3015,150,28,0.100000,5.600000,56.458546,24.715462,0.705732,0.330043,0.629247,3.302279,0.000140,56.318436,1512,0.629247,-1.1135139465332031,14,0.500000,0.00690377,0.00690377,-0.00000022,0.00690377,0.00687480,0.00419660,1.177480,1.179351,-0.001589,0.023068,0.023015,0.002280,0.955309,0.955441,0.000132,0.00319384,1.85006473,0.990876
pkdd8,PKDD-8,218,220.000,225.000,3206,150,27,0.096429,5.400000,56.718693,24.871273,0.708984,0.313289,0.542073,3.300265,0.000140,56.206009,1691,0.542073,-1.142029047012329,14,0.518519,0.00716647,0.00716647,0.00000014,0.00716647,0.00713754,0.00403702,1.172290,1.173783,-0.001274,0.022174,0.022114,0.002688,0.957076,0.957238,0.000162,0.00393598,1.96922862,0.990191
pkdd8,PKDD-8,219,221.000,226.000,3349,150,27,0.096429,5.400000,57.125340,24.945250,0.714067,0.301954,0.442479,3.272313,0.000140,55.677944,1864,0.442479,-1.2024773359298706,15,0.555556,0.00706287,0.00706287,-0.00000015,0.00706287,0.00703409,0.00407394,1.174819,1.175725,-0.000771,0.022425,0.022364,0.002716,0.956738,0.956895,0.000157,0.00397835,2.10014365,0.991033
pkdd8,PKDD-8,220,222.000,227.000,3312,150,27,0.096429,5.400000,57.116814,24.914581,0.713960,0.293332,0.417900,3.318470,0.000140,53.171844,1817,0.417900,-1.161583423614502,14,0.518519,0.00677144,0.00677144,0.00000000,0.00677144,0.00674278,0.00423256,1.167714,1.168342,-0.000538,0.021682,0.021625,0.002647,0.957965,0.958113,0.000148,0.00381481,2.20075029,0.992509
pkdd8,PKDD-8,221,223.000,228.000,3184,150,26,0.092857,5.200000,56.869171,25.076616,0.710865,0.303256,0.428940,3.246860,0.000140,51.140125,1691,0.428940,-1.2649224996566772,13,0.500000,0.00623697,0.00623697,-0.00000017,0.00623697,0.00620898,0.00448742,1.168981,1.169319,-0.000290,0.021991,0.021938,0.002440,0.957152,0.957293,0.000141,0.00393998,2.31969159,0.996190
pkdd8,PKDD-8,222,224.000,229.000,2953,150,24,0.085714,4.800000,56.447079,25.369118,0.705588,0.305196,0.432149,3.177427,0.000218,50.033596,1498,0.432149,-1.3698140382766724,7,0.291667,0.00582972,0.00582971,0.00000071,0.00582972,0.00580186,0.00477928,1.164099,1.164815,-0.000616,0.021509,0.021464,0.002061,0.957734,0.957869,0.000135,0.00337693,2.42258641,0.997743
pkdd8,PKDD-8,223,225.000,230.000,2791,150,24,0.085714,4.800000,56.247459,25.470060,0.703093,0.292175,0.415406,3.173348,0.065443,51.190083,1373,0.415406,-1.375421404838562,7,0.291667,0.00546266,0.00546266,0.00000057,0.00546266,0.00543464,0.00512981,1.169875,1.171008,-0.000968,0.022391,0.022349,0.001873,0.956009,0.956125,0.000115,0.00268485,2.45434464,0.998641
pkdd8,PKDD-8,224,226.000,231.000,2649,150,23,0.082143,4.600000,56.070198,25.650072,0.700877,0.296956,0.410248,3.229954,0.299195,53.775715,1231,0.410248,-1.3288310766220093,5,0.217391,0.00525570,0.00525569,0.00000098,0.00525570,0.00522813,0.00524623,1.150696,1.151855,-0.001007,0.019794,0.019752,0.002083,0.961101,0.961213,0.000112,0.00282862,2.62014776,0.997392
pkdd8,PKDD-8,225,227.000,232.000,2588,150,22,0.078571,4.400000,56.371346,25.765257,0.704642,0.297366,0.412306,3.248822,0.299195,60.476551,1210,0.412306,-1.3499736785888672,3,0.136364,0.00516334,0.00516333,0.00000120,0.00516334,0.00513597,0.00530180,1.162360,1.163517,-0.000995,0.021337,0.021283,0.002527,0.958191,0.958327,0.000136,0.00314615,2.76789780,0.996876
pkdd8,PKDD-8,226,228.000,233.000,2593,150,23,0.082143,4.600000,56.637508,25.646845,0.707969,0.275889,0.392827,3.847050,0.299195,71.180008,1243,0.392827,-0.6862475275993347,3,0.130435,0.00509459,0.00509458,0.00000111,0.00509459,0.00506638,0.00553739,1.161353,1.162908,-0.001339,0.020950,0.020900,0.002354,0.959202,0.959331,0.000129,0.00342970,2.66700605,0.991252
pkdd8,PKDD-8,227,229.000,234.000,2572,150,23,0.082143,4.600000,56.364674,25.565117,0.704558,0.267323,0.381007,4.391315,0.299195,80.238342,1222,0.381007,-0.06978905200958252,1,0.043478,0.00497920,0.00497920,0.00000062,0.00497920,0.00495121,0.00562086,1.156449,1.157643,-0.001033,0.020231,0.020183,0.002360,0.960761,0.960877,0.000116,0.00288827,2.61117947,0.988177
pkdd8,PKDD-8,228,230.000,235.000,2512,150,22,0.078571,4.400000,55.999775,25.774035,0.699997,0.259208,0.362670,4.793334,0.462243,85.128159,1162,0.362670,0.37643980979919434,0,0.000000,0.00490155,0.00490155,0.00000042,0.00490155,0.00487351,0.00572219,1.152446,1.153660,-0.001053,0.019718,0.019671,0.002340,0.961838,0.961941,0.000103,0.00296599,2.66273652,0.985443
pkdd8,PKDD-8,229,231.000,236.000,2473,150,23,0.082143,4.600000,55.929924,26.089796,0.699124,0.221181,0.315732,5.200919,0.359206,90.343674,1123,0.315732,0.8466278314590454,0,0.000000,0.00474415,0.00474415,0.00000011,0.00474415,0.00471559,0.00602061,1.150731,1.151983,-0.001088,0.019547,0.019504,0.002188,0.962089,0.962188,0.000099,0.00275480,2.43548117,0.984029
pkdd8,PKDD-8,230,232.000,237.000,2395,150,22,0.078571,4.400000,55.629154,26.503641,0.695364,0.208624,0.294999,5.537098,0.288678,92.919632,1045,0.294999,1.2112092971801758,0,0.000000,0.00454331,0.00454331,-0.00000057,0.00454331,0.00451418,0.00641046,1.151422,1.153173,-0.001520,0.019366,0.019334,0.001672,0.962802,0.962885,0.000083,0.00306458,2.41688206,0.979322
pkdd8,PKDD-8,231,233.000,238.000,2285,150,19,0.067857,3.800000,55.435684,27.124247,0.692946,0.200590,0.282265,5.356335,0.265971,89.204895,935,0.282265,0.9661339521408081,0,0.000000,0.00460225,0.00460225,-0.00000045,0.00460225,0.00457359,0.00622750,1.159671,1.161402,-0.001492,0.020790,0.020741,0.002324,0.959885,0.960000,0.000115,0.00321188,2.44286968,0.985396
pkdd8,PKDD-8,232,234.000,239.000,2311,150,21,0.075000,4.200000,56.112068,27.334681,0.701401,0.202612,0.288888,5.190251,0.265971,88.939697,961,0.288888,0.785233736038208,1,0.047619,0.00477794,0.00477794,-0.00000065,0.00477794,0.00474917,0.00602102,1.158093,1.159348,-0.001083,0.020699,0.020660,0.001895,0.959836,0.959934,0.000098,0.00276455,2.51502311,0.986449
pkdd8,PKDD-8,233,235.000,240.000,2391,150,23,0.082143,4.600000,57.015396,27.201717,0.712692,0.195522,0.283596,5.009157,0.265971,88.277420,1041,0.283596,0.571641206741333,1,0.043478,0.00490584,0.00490584,-0.00000063,0.00490584,0.00487737,0.00580289,1.157787,1.158607,-0.000708,0.020476,0.020445,0.001525,0.960326,0.960410,0.000084,0.00276929,2.32605223,0.988012
pkdd8,PKDD-8,234,236.000,241.000,2440,150,23,0.082143,4.600000,57.268028,26.891409,0.715850,0.208603,0.302501,4.770523,0.265971,84.743774,1090,0.302501,0.29732179641723633,1,0.043478,0.00507304,0.00507304,-0.00000061,0.00507304,0.00504467,0.00559347,1.163550,1.164743,-0.001026,0.021157,0.021112,0.002129,0.959143,0.959248,0.000105,0.00286820,2.16357622,0.985854
pkdd8,PKDD-8,235,237.000,242.000,2513,150,24,0.085714,4.800000,57.433086,26.352604,0.717914,0.201612,0.295565,4.574020,0.265971,81.934090,1163,0.295565,0.09363937377929688,1,0.041667,0.00520500,0.00520500,-0.00000040,0.00520500,0.00517801,0.00518660,1.171350,1.172131,-0.000666,0.022306,0.022252,0.002423,0.956498,0.956625,0.000127,0.00273171,1.92486818,0.989988
pkdd8,PKDD-8,236,238.000,243.000,2562,150,22,0.078571,4.400000,57.185543,25.742664,0.714819,0.222894,0.313916,4.409241,0.706750,78.037415,1212,0.313916,-0.11149358749389648,1,0.045455,0.00523998,0.00523998,-0.00000020,0.00523998,0.00521425,0.00490902,1.159126,1.160296,-0.001009,0.020489,0.020442,0.002279,0.960167,0.960273,0.000106,0.00252194,1.72297951,0.985433
pkdd8,PKDD-8,237,239.000,244.000,2564,150,22,0.078571,4.400000,56.469627,25.199718,0.705870,0.234072,0.327606,4.071231,0.732829,69.762421,1214,0.327606,-0.44264698028564453,1,0.045455,0.00520097,0.00520097,0.00000020,0.00520097,0.00517658,0.00468838,1.161493,1.163065,-0.001353,0.020742,0.020697,0.002205,0.959813,0.959917,0.000105,0.00270066,1.53305308,0.983379
pkdd8,PKDD-8,238,240.000,245.000,2545,150,21,0.075000,4.200000,55.468025,24.628727,0.693350,0.248869,0.339677,3.842833,0.750151,64.429161,1195,0.339677,-0.6506605744361877,1,0.047619,0.00525104,0.00525104,0.00000039,0.00525104,0.00522675,0.00462525,1.166211,1.168162,-0.001673,0.021230,0.021181,0.002318,0.959099,0.959211,0.000112,0.00239087,1.37058819,0.984023
pkdd8,PKDD-8,239,241.000,246.000,2563,150,22,0.078571,4.400000,54.819351,24.015736,0.685242,0.248520,0.343402,3.602533,0.768695,60.146732,1213,0.343402,-0.8539571166038513,1,0.045455,0.00532246,0.00532246,0.00000039,0.00532246,0.00529857,0.00448796,1.173442,1.174990,-0.001320,0.022305,0.022266,0.001707,0.956813,0.956913,0.000100,0.00227594,1.24167195,0.988153
pkdd8,PKDD-8,240,242.000,247.000,2583,150,22,0.078571,4.400000,54.416031,23.539007,0.680200,0.255558,0.349764,3.218104,0.768695,53.784939,1233,0.349764,-1.2453532218933105,1,0.045455,0.00557852,0.00557852,0.00000000,0.00557852,0.00555448,0.00430871,1.167964,1.169448,-0.001270,0.021573,0.021542,0.001420,0.958203,0.958281,0.000078,0.00275647,1.19853135,0.987987
pkdd8,PKDD-8,241,243.000,248.000,2697,150,23,0.082143,4.600000,54.840008,23.111946,0.685500,0.252431,0.347298,3.067869,0.543167,52.175941,1347,0.347298,-1.406735897064209,7,0.304348,0.00590807,0.00590806,0.00000052,0.00590807,0.00588382,0.00410383,1.163854,1.164557,-0.000604,0.020955,0.020925,0.001448,0.959373,0.959445,0.000073,0.00287480,1.18892883,0.991772
pkdd8,PKDD-8,242,244.000,249.000,2844,150,25,0.089286,5.000000,55.477776,22.652317,0.693472,0.247923,0.340289,3.022849,0.442320,52.397015,1494,0.340289,-1.447005271911621,7,0.280000,0.00619044,0.00619043,0.00000075,0.00619044,0.00616550,0.00402861,1.179885,1.181235,-0.001144,0.023037,0.022993,0.001901,0.955396,0.955500,0.000103,0.00281083,1.19007446,0.995596
pkdd8,PKDD-8,243,245.000,250.000,2963,150,23,0.082143,4.600000,55.952908,22.277885,0.699411,0.245198,0.338395,2.874471,0.390521,50.069401,1613,0.338395,-1.6719077825546265,8,0.347826,0.00642954,0.00642953,0.00000080,0.00642954,0.00640486,0.00383782,1.173970,1.175278,-0.001114,0.022467,0.022423,0.001967,0.956236,0.956341,0.000105,0.00293393,1.23016326,0.995733
pkdd8,PKDD-8,244,246.000,251.000,3058,150,24,0.085714,4.800000,56.274929,21.970699,0.703437,0.242179,0.340989,2.821448,0.390521,49.334320,1708,0.340989,-1.7257212400436401,8,0.333333,0.00658078,0.00658077,0.00000094,0.00658078,0.00655545,0.00384846,1.170779,1.172381,-0.001368,0.022032,0.021985,0.002158,0.957104,0.957212,0.000108,0.00282109,1.26427734,0.991349
pkdd8,PKDD-8,245,247.000,252.000,3121,150,25,0.089286,5.000000,56.751072,21.640579,0.709388,0.245321,0.347852,2.808113,0.390521,49.378281,1796,0.347852,-1.7476274967193604,8,0.320000,0.00666672,0.00666671,0.00000139,0.00666672,0.00664115,0.00383544,1.172162,1.174382,-0.001893,0.022236,0.022192,0.001956,0.956859,0.956961,0.000102,0.00260646,1.25532330,0.990155
pkdd8,PKDD-8,246,248.000,253.000,3154,150,26,0.092857,5.200000,57.220028,21.342987,0.715250,0.248384,0.352881,2.796853,0.390521,49.711853,1844,0.352881,-1.7706615924835205,3,0.115385,0.00664944,0.00664943,0.00000139,0.00664944,0.00662270,0.00402216,1.175758,1.177990,-0.001899,0.022773,0.022728,0.001987,0.955870,0.955980,0.000110,0.00280552,1.23632619,0.988230
pkdd8,PKDD-8,247,249.000,254.000,3135,150,26,0.092857,5.200000,57.715801,21.244709,0.721448,0.242242,0.346588,2.732740,0.390521,49.186867,1825,0.346588,-1.8676011562347412,5,0.192308,0.00679358,0.00679358,0.00000076,0.00679358,0.00676742,0.00385123,1.167865,1.169115,-0.001071,0.021910,0.021872,0.001740,0.957208,0.957297,0.000088,0.00303395,1.24743999,0.986918
pkdd8,PKDD-8,248,250.000,255.000,3199,150,29,0.103571,5.800000,58.733242,21.108320,0.734166,0.235542,0.340982,2.738029,0.747597,50.240681,1889,0.340982,-1.8622376918792725,4,0.137931,0.00691677,0.00691676,0.00000067,0.00691677,0.00688995,0.00387698,1.171262,1.172181,-0.000785,0.022437,0.022399,0.001685,0.956177,0.956264,0.000087,0.00279753,1.29219014,0.985662
pkdd8,PKDD-8,249,251.000,256.000,3264,150,29,0.103571,5.800000,59.841259,20.920063,0.748016,0.235395,0.343206,2.916863,0.736624,54.257378,1954,0.343206,-1.728264331817627,5,0.172414,0.00706255,0.00706254,0.00000102,0.00706255,0.00703589,0.00377473,1.175112,1.176012,-0.000766,0.022668,0.022633,0.001560,0.955964,0.956050,0.000086,0.00277818,1.35615856,0.985157
pkdd8,PKDD-8,250,252.000,257.000,3335,150,29,0.103571,5.800000,60.798290,20.790024,0.759979,0.238590,0.363810,2.945220,0.472309,54.979172,1994,0.363810,-1.7576180696487427,11,0.379310,0.00704876,0.00704876,0.00000051,0.00704876,0.00702145,0.00387461,1.171068,1.171369,-0.000256,0.022122,0.022086,0.001651,0.956959,0.957043,0.000084,0.00286169,1.45976426,0.985144
pkdd8,PKDD-8,251,253.000,258.000,3332,150,29,0.103571,5.800000,61.438301,20.828993,0.767979,0.221822,0.347425,2.908523,0.472309,54.611904,1976,0.347425,-1.8417214155197144,11,0.379310,0.00696513,0.00696513,0.00000030,0.00696513,0.00693783,0.00391906,1.175954,1.176560,-0.000515,0.022660,0.022627,0.001482,0.955968,0.956046,0.000078,0.00318903,1.61422060,0.983510
pkdd8,PKDD-8,252,254.000,259.000,3302,150,29,0.103571,5.800000,61.868774,20.890665,0.773360,0.216030,0.340323,2.829482,0.472309,53.186909,1961,0.340323,-1.9655308723449707,11,0.379310,0.00672316,0.00672316,0.00000061,0.00672316,0.00669437,0.00428247,1.171098,1.171723,-0.000534,0.021829,0.021793,0.001646,0.957905,0.957988,0.000083,0.00282203,1.74290664,0.980294
pkdd8,PKDD-8,253,255.000,260.000,3197,150,28,0.100000,5.600000,61.819942,21.054104,0.772749,0.210622,0.329816,2.732050,0.472309,51.153877,1879,0.329816,-2.098487138748169,15,0.535714,0.00649887,0.00649886,0.00000087,0.00649887,0.00647058,0.00435259,1.175563,1.176527,-0.000821,0.022448,0.022416,0.001445,0.956748,0.956826,0.000078,0.00271948,1.80138870,0.980611
pkdd8,PKDD-8,254,256.000,261.000,3110,150,28,0.100000,5.600000,61.628365,21.163572,0.770355,0.197911,0.302438,2.593646,0.472309,48.487537,1792,0.302438,-2.2498207092285156,14,0.500000,0.00623209,0.00623209,0.00000050,0.00623209,0.00620398,0.00451116,1.160839,1.161505,-0.000574,0.020714,0.020682,0.001537,0.960055,0.960126,0.000071,0.00273142,1.81328050,0.982917
pkdd8,PKDD-8,255,257.000,262.000,3003,150,25,0.089286,5.000000,61.219383,21.354561,0.765242,0.193597,0.261827,2.608933,0.580127,48.900631,1691,0.261827,-2.263599157333374,8,0.320000,0.00629861,0.00629861,0.00000041,0.00629861,0.00627182,0.00425298,1.168136,1.168789,-0.000559,0.021574,0.021537,0.001748,0.958484,0.958569,0.000085,0.00296877,1.82546676,0.981342
pkdd8,PKDD-8,256,258.000,263.000,3063,150,28,0.100000,5.600000,61.230064,21.160116,0.765376,0.201502,0.269097,2.707111,0.657151,50.495522,1751,0.269097,-2.0926084518432617,7,0.250000,0.00640043,0.00640043,0.00000008,0.00640043,0.00637357,0.00419586,1.170009,1.170965,-0.000816,0.021980,0.021941,0.001795,0.957480,0.957576,0.000095,0.00287512,1.76997485,0.982665
pkdd8,PKDD-8,257,259.000,264.000,3141,150,29,0.103571,5.800000,61.339870,20.908598,0.766748,0.203517,0.281009,2.765484,0.645445,51.339195,1829,0.281009,-2.0129685401916504,16,0.551724,0.00645830,0.00645830,0.00000016,0.00645830,0.00643143,0.00416065,1.166719,1.168283,-0.001340,0.021579,0.021545,0.001558,0.958060,0.958144,0.000084,0.00285643,1.70584136,0.985643
pkdd8,PKDD-8,258,260.000,265.000,3197,150,28,0.100000,5.600000,61.421768,20.756882,0.767772,0.209009,0.297519,2.741506,0.469867,50.819740,1868,0.297519,-2.0629146099090576,21,0.750000,0.00649849,0.00649849,-0.00000032,0.00649849,0.00647098,0.00423358,1.156085,1.158253,-0.001875,0.020258,0.020224,0.001703,0.960566,0.960652,0.000086,0.00273494,1.65912604,0.981744
pkdd8,PKDD-8,259,261.000,266.000,3229,150,28,0.100000,5.600000,61.530666,20.721819,0.769133,0.213934,0.305271,2.564746,0.300038,47.388924,1905,0.305271,-2.2626571655273438,21,0.750000,0.00658326,0.00658326,-0.00000008,0.00658326,0.00655517,0.00426709,1.173833,1.176578,-0.002338,0.022591,0.022552,0.001719,0.955999,0.956099,0.000100,0.00278083,1.58237185,0.977905
pkdd8,PKDD-8,260,262.000,267.000,3279,150,29,0.103571,5.800000,61.566551,20.648762,0.769582,0.204276,0.292246,2.422205,0.221912,44.669273,1994,0.292246,-2.4087209701538086,25,0.862069,0.00643893,0.00643893,0.00000000,0.00643893,0.00640990,0.00450915,1.164849,1.167653,-0.002408,0.021533,0.021496,0.001739,0.958067,0.958160,0.000093,0.00280923,1.46167808,0.977984
pkdd8,PKDD-8,261,263.000,268.000,3209,150,30,0.107143,6.000000,61.262901,20.771000,0.765786,0.200883,0.285465,2.261771,0.019942,41.835754,1962,0.285465,-2.554819107055664,25,0.833333,0.00625085,0.00625084,0.00000049,0.00625085,0.00622210,0.00459946,1.155949,1.158199,-0.001947,0.020457,0.020419,0.001868,0.960085,0.960171,0.000086,0.00281757,1.35762261,0.980322
pkdd8,PKDD-8,262,264.000,269.000,3110,150,26,0.092857,5.200000,60.823734,20.985321,0.760297,0.208474,0.289150,2.158736,0.019942,39.991058,1881,0.289150,-2.7249560356140137,13,0.500000,0.00611997,0.00611997,0.00000050,0.00611997,0.00609178,0.00460609,1.165786,1.167437,-0.001416,0.021747,0.021707,0.001856,0.957901,0.957994,0.000093,0.00268561,1.24518973,0.977262
pkdd8,PKDD-8,263,265.000,270.000,3028,150,26,0.092857,5.200000,60.683311,21.227791,0.758541,0.218967,0.311142,2.109694,0.019942,39.190628,1823,0.311142,-2.7773051261901855,4,0.153846,0.00593644,0.00593644,0.00000052,0.00593644,0.00590860,0.00468989,1.172308,1.173333,-0.000875,0.022480,0.022439,0.001831,0.956593,0.956686,0.000093,0.00296573,1.15895184,0.978000
pkdd8,PKDD-8,264,266.000,271.000,2925,150,23,0.082143,4.600000,60.501225,21.520063,0.756265,0.228623,0.320822,2.042153,0.019942,38.082054,1750,0.320822,-2.90341854095459,6,0.260870,0.00583736,0.00583736,0.00000044,0.00583736,0.00580988,0.00470743,1.155563,1.156261,-0.000604,0.020190,0.020158,0.001581,0.961188,0.961264,0.000076,0.00322392,1.10596801,0.982264
pkdd8,PKDD-8,265,267.000,272.000,2867,150,23,0.082143,4.600000,60.306995,21.634930,0.753837,0.244414,0.343618,2.002177,0.019942,37.185253,1693,0.343618,-2.9378886222839355,4,0.173913,0.00577433,0.00577433,0.00000053,0.00577433,0.00574613,0.00488376,1.164132,1.165547,-0.001215,0.021312,0.021286,0.001212,0.958945,0.959016,0.000071,0.00308389,1.08296711,0.977078
pkdd8,PKDD-8,266,268.000,273.000,2827,150,24,0.085714,4.800000,60.171406,21.742601,0.752143,0.269922,0.394447,1.892797,0.342259,34.745110,1617,0.394447,-3.0284862518310547,4,0.166667,0.00584113,0.00584112,0.00000035,0.00584113,0.00581330,0.00476448,1.172814,1.175623,-0.002396,0.022384,0.022359,0.001123,0.956970,0.957042,0.000072,0.00308105,1.07825533,0.975975
pkdd8,PKDD-8,267,269.000,274.000,2847,150,26,0.092857,5.200000,60.482624,21.792231,0.756033,0.275737,0.409846,2.142970,0.330908,40.389606,1604,0.409846,-2.7288341522216797,5,0.192308,0.00590807,0.00590806,0.00000035,0.00590807,0.00587998,0.00475370,1.164398,1.167539,-0.002698,0.021277,0.021254,0.001063,0.958883,0.958947,0.000064,0.00337473,1.10118038,0.977225
pkdd8,PKDD-8,268,270.000,275.000,2865,150,25,0.089286,5.000000,60.536583,21.796026,0.756707,0.262327,0.386937,2.408473,0.330908,46.422863,1592,0.386937,-2.454592227935791,5,0.200000,0.00598578,0.00598577,0.00000052,0.00598578,0.00595740,0.00473996,1.159075,1.162526,-0.002977,0.020585,0.020563,0.001060,0.960143,0.960207,0.000064,0.00335019,1.15401180,0.975466
pkdd8,PKDD-8,269,271.000,276.000,2898,150,26,0.092857,5.200000,60.777111,21.863264,0.759714,0.269833,0.399110,2.666232,0.330908,52.448174,1590,0.399110,-2.1664388179779053,4,0.153846,0.00592629,0.00592629,0.00000043,0.00592629,0.00589805,0.00476531,1.168994,1.172835,-0.003286,0.022042,0.022015,0.001204,0.957023,0.957094,0.000071,0.00290105,1.21838110,0.977846
pkdd8,PKDD-8,270,272.000,277.000,2864,150,25,0.089286,5.000000,61.054482,22.251015,0.763181,0.261099,0.388947,2.786935,0.330908,55.433887,1523,0.388947,-2.072061538696289,3,0.120000,0.00586299,0.00586299,0.00000053,0.00586299,0.00583504,0.00476707,1.170378,1.173913,-0.003020,0.022105,0.022076,0.001276,0.956940,0.957020,0.000080,0.00288984,1.30239716,0.981548
pkdd8,PKDD-8,271,273.000,278.000,2829,150,26,0.092857,5.200000,61.502197,22.678965,0.768777,0.239635,0.343771,2.909146,0.330908,58.273979,1515,0.343771,-1.9532018899917603,5,0.192308,0.00564472,0.00564472,0.00000055,0.00564472,0.00561601,0.00508551,1.164037,1.166973,-0.002522,0.021324,0.021301,0.001098,0.958384,0.958457,0.000073,0.00313202,1.38485838,0.978532
pkdd8,PKDD-8,272,274.000,279.000,2725,150,24,0.085714,4.800000,61.732418,23.316395,0.771655,0.226816,0.319330,2.827207,0.349024,56.711750,1441,0.319330,-2.1021738052368164,6,0.250000,0.00553023,0.00553023,0.00000056,0.00553023,0.00550123,0.00524486,1.167285,1.170252,-0.002542,0.021763,0.021742,0.001003,0.957553,0.957626,0.000072,0.00315043,1.48750572,0.975297
pkdd8,PKDD-8,273,275.000,280.000,2696,150,26,0.092857,5.200000,62.767570,24.069384,0.784595,0.229949,0.324517,2.940243,0.349024,59.395924,1413,0.324517,-2.0038886070251465,6,0.230769,0.00549732,0.00549731,0.00000037,0.00549732,0.00546837,0.00526540,1.167647,1.170956,-0.002834,0.021868,0.021846,0.001008,0.957342,0.957415,0.000073,0.00263517,1.61970663,0.975846
pkdd8,PKDD-8,274,276.000,281.000,2720,150,28,0.100000,5.600000,64.084511,24.497253,0.801056,0.222099,0.314364,2.992984,0.414965,60.981636,1437,0.314364,-1.9906651973724365,5,0.178571,0.00545243,0.00545243,0.00000000,0.00545243,0.00542310,0.00537803,1.168732,1.172376,-0.003118,0.021830,0.021811,0.000873,0.957532,0.957602,0.000069,0.00276231,1.74835741,0.970153
pkdd8,PKDD-8,275,277.000,282.000,2744,150,26,0.092857,5.200000,65.208916,24.751169,0.815111,0.233546,0.328758,3.192504,0.322938,65.932434,1454,0.328758,-1.8820667266845703,7,0.269231,0.00538457,0.00538457,-0.00000010,0.00538457,0.00535546,0.00540490,1.158430,1.162064,-0.003137,0.020527,0.020504,0.001105,0.960140,0.960207,0.000067,0.00261280,1.82455027,0.974328
pkdd8,PKDD-8,276,278.000,283.000,2752,150,26,0.092857,5.200000,66.035316,24.879696,0.825441,0.254943,0.355352,3.441381,0.032883,71.810867,1443,0.355352,-1.6595473289489746,13,0.500000,0.00534531,0.00534532,-0.00000039,0.00534531,0.00531691,0.00531424,1.161197,1.164082,-0.002484,0.020798,0.020769,0.001397,0.959872,0.959947,0.000075,0.00241270,1.82852301,0.976632
pkdd8,PKDD-8,277,279.000,284.000,2773,150,24,0.085714,4.800000,66.535095,24.839119,0.831689,0.269461,0.367864,3.572539,0.032883,74.922386,1437,0.367864,-1.5891094207763672,15,0.625000,0.00523260,0.00523260,-0.00000010,0.00523260,0.00520412,0.00544170,1.156763,1.160408,-0.003152,0.020295,0.020263,0.001582,0.960824,0.960905,0.000081,0.00238016,1.80119417,0.976376
pkdd8,PKDD-8,278,280.000,285.000,2743,150,22,0.078571,4.400000,66.357948,24.689556,0.829474,0.258617,0.358241,3.592942,0.032883,75.524757,1406,0.358241,-1.6076834201812744,23,1.045455,0.00488167,0.00488167,-0.00000011,0.00488167,0.00485401,0.00566633,1.160311,1.163035,-0.002347,0.020705,0.020673,0.001556,0.960014,0.960092,0.000078,0.00263405,1.67865378,0.978813
pkdd8,PKDD-8,279,281.000,286.000,2570,150,22,0.078571,4.400000,65.605774,25.117163,0.820072,0.244188,0.341983,3.570302,0.032883,74.628227,1259,0.341983,-1.598834753036499,23,1.045455,0.00451967,0.00451967,-0.00000011,0.00451967,0.00449339,0.00581435,1.153911,1.156013,-0.001822,0.020044,0.020007,0.001811,0.961353,0.961431,0.000078,0.00253482,1.58456319,0.980509
pkdd8,PKDD-8,280,282.000,287.000,2378,150,20,0.071429,4.000000,64.822372,25.750219,0.810280,0.233109,0.325891,3.524858,0.032883,72.823280,1097,0.325891,-1.6481142044067383,20,1.000000,0.00427965,0.00427965,-0.00000060,0.00427965,0.00425466,0.00583982,1.152029,1.153812,-0.001548,0.019874,0.019840,0.001683,0.961633,0.961707,0.000074,0.00243616,1.54455216,0.970909
pkdd8,PKDD-8,281,283.000,288.000,2243,150,21,0.075000,4.200000,64.331032,26.334803,0.804138,0.226297,0.313721,3.667806,0.670961,74.979729,982,0.313721,-1.445394515991211,12,0.571429,0.00410754,0.00410755,-0.00000025,0.00410754,0.00408227,0.00615416,1.154206,1.156542,-0.002024,0.020210,0.020179,0.001542,0.960766,0.960840,0.000074,0.00226246,1.53212567,0.966145
pkdd8,PKDD-8,282,284.000,289.000,2140,150,20,0.071429,4.000000,64.041626,26.874773,0.800520,0.227249,0.315603,3.826534,0.600764,77.459877,903,0.315603,-1.2766509056091309,14,0.700000,0.00395003,0.00395004,-0.00000052,0.00395003,0.00392534,0.00625274,1.151992,1.152976,-0.000854,0.019831,0.019801,0.001527,0.961501,0.961573,0.000071,0.00236952,1.61356256,0.967462
pkdd8,PKDD-8,283,285.000,290.000,2033,150,19,0.067857,3.800000,64.025436,27.657978,0.800318,0.238208,0.332194,3.910276,0.488787,78.040596,797,0.332194,-1.2066705226898193,14,0.736842,0.00383646,0.00383646,-0.00000060,0.00383646,0.00381160,0.00648050,1.150488,1.152029,-0.001339,0.019665,0.019633,0.001647,0.961912,0.961994,0.000082,0.00246746,1.75178443,0.964869
pkdd8,PKDD-8,284,286.000,291.000,1947,150,15,0.053571,3.000000,63.797749,28.311693,0.797472,0.248835,0.344634,4.127925,0.488787,82.393150,685,0.344634,-1.0292613506317139,16,1.066667,0.00384757,0.00384757,0.00000000,0.00384757,0.00382225,0.00657923,1.157758,1.159315,-0.001345,0.020420,0.020385,0.001687,0.960481,0.960569,0.000089,0.00203312,1.74704654,0.966373
pkdd8,PKDD-8,285,287.000,292.000,1927,150,17,0.060714,3.400000,63.285938,28.423101,0.791074,0.235624,0.335792,4.505716,0.488787,88.668991,639,0.335792,-0.5409801006317139,16,0.941176,0.00378818,0.00378818,0.00000027,0.00378818,0.00376206,0.00689720,1.163014,1.164618,-0.001379,0.021037,0.020996,0.001952,0.959367,0.959466,0.000099,0.00192975,1.70632208,0.969695
pkdd8,PKDD-8,286,288.000,293.000,1871,150,19,0.067857,3.800000,62.521912,28.719675,0.781524,0.221430,0.330703,4.916345,0.488787,95.841652,583,0.330703,-0.002866029739379883,16,0.842105,0.00366149,0.00366149,0.00000063,0.00366149,0.00363568,0.00704865,1.165174,1.166853,-0.001442,0.021134,0.021090,0.002090,0.959314,0.959416,0.000103,0.00247857,1.72234640,0.971277
pkdd8,PKDD-8,287,289.000,294.000,1786,150,19,0.067857,3.800000,61.531727,29.201918,0.769147,0.215953,0.341484,5.101791,0.488787,97.625282,501,0.341484,0.2611982822418213,10,0.526316,0.00355496,0.00355496,0.00000087,0.00355496,0.00352990,0.00705041,1.162507,1.164829,-0.001997,0.020679,0.020639,0.001949,0.960333,0.960431,0.000098,0.00238215,1.62206583,0.967092
pkdd8,PKDD-8,288,290.000,295.000,1723,150,17,0.060714,3.400000,60.528229,29.435184,0.756603,0.225739,0.354188,5.079501,1.219479,95.126122,474,0.354188,0.26688337326049805,2,0.117647,0.00373140,0.00373140,0.00000069,0.00373140,0.00370621,0.00674971,1.155000,1.157222,-0.001924,0.019724,0.019686,0.001956,0.962213,0.962304,0.000091,0.00197475,1.60977358,0.970500
pkdd8,PKDD-8,289,291.000,296.000,1800,150,18,0.064286,3.600000,60.081375,29.215660,0.751017,0.239110,0.357929,5.439538,1.915204,97.648033,582,0.357929,0.7199277877807617,1,0.055556,0.00389276,0.00389276,0.00000059,0.00389276,0.00386685,0.00665626,1.161411,1.164083,-0.002301,0.020829,0.020780,0.002354,0.960020,0.960140,0.000120,0.00238629,1.70143400,0.967531
pkdd8,PKDD-8,290,292.000,297.000,1871,150,16,0.057143,3.200000,60.030502,29.239780,0.750381,0.248355,0.361082,5.509650,1.822342,98.000908,679,0.361082,0.7616883516311646,1,0.062500,0.00389749,0.00389749,0.00000112,0.00389749,0.00387083,0.00684069,1.153600,1.156800,-0.002774,0.020001,0.019958,0.002140,0.961292,0.961402,0.000110,0.00240266,1.78118787,0.965680
pkdd8,PKDD-8,291,293.000,298.000,1875,150,16,0.057143,3.200000,59.335987,29.591068,0.741700,0.260067,0.370942,5.107874,1.706151,87.229858,683,0.370942,0.3657867908477783,1,0.062500,0.00405749,0.00405749,0.00000063,0.00405749,0.00402991,0.00679796,1.151204,1.154280,-0.002671,0.019937,0.019899,0.001872,0.961172,0.961276,0.000104,0.00219438,1.81102054,0.958483
pkdd8,PKDD-8,292,294.000,299.000,1951,150,17,0.060714,3.400000,58.759930,29.376451,0.734499,0.261722,0.363639,4.899330,1.693275,81.362091,730,0.363639,0.19555068016052246,2,0.117647,0.00419508,0.00419508,0.00000086,0.00419508,0.00416665,0.00677685,1.153122,1.156095,-0.002578,0.020205,0.020165,0.001997,0.960476,0.960583,0.000107,0.00217503,1.89342165,0.961868
pkdd8,PKDD-8,293,295.000,300.000,2018,150,17,0.060714,3.400000,57.926704,28.991777,0.724084,0.254033,0.342201,4.787133,1.693275,77.469551,769,0.342201,0.12285232543945312,3,0.176471,0.00417517,0.00417517,0.00000062,0.00417517,0.00414665,0.00683178,1.155446,1.159406,-0.003428,0.020367,0.020327,0.001974,0.960122,0.960233,0.000111,0.00240014,1.87976929,0.961238
pkdd8,PKDD-8,294,296.000,301.000,2020,150,18,0.064286,3.600000,57.145809,28.599360,0.714323,0.238398,0.325516,4.429289,1.693275,70.937523,770,0.325516,-0.20564532279968262,2,0.111111,0.00416055,0.00416054,0.00000111,0.00416055,0.00413283,0.00666352,1.150813,1.154263,-0.002998,0.019764,0.019709,0.002777,0.961219,0.961369,0.000149,0.00221282,1.91273918,0.960744
pkdd8,PKDD-8,295,297.000,302.000,2029,150,17,0.060714,3.400000,56.420689,28.068783,0.705259,0.239183,0.329448,4.189107,1.693275,66.690514,779,0.329448,-0.44112956523895264,2,0.117647,0.00429100,0.00429100,0.00000084,0.00429100,0.00426402,0.00628867,1.155746,1.158594,-0.002465,0.020294,0.020240,0.002672,0.960272,0.960418,0.000146,0.00251880,2.01291927,0.963462
pkdd8,PKDD-8,296,298.000,303.000,2106,150,17,0.060714,3.400000,56.207764,27.239868,0.702597,0.225020,0.330916,4.197556,1.440907,68.627098,856,0.330916,-0.42105090618133545,2,0.117647,0.00421750,0.00421750,0.00000043,0.00421750,0.00419138,0.00619273,1.153404,1.156280,-0.002494,0.019769,0.019713,0.002831,0.961464,0.961610,0.000145,0.00268219,2.06990443,0.968289
pkdd8,PKDD-8,297,299.000,304.000,2086,150,16,0.057143,3.200000,55.431446,26.939566,0.692893,0.239804,0.389341,4.157316,0.695065,69.522812,894,0.389341,-0.4398338794708252,1,0.062500,0.00412619,0.00412619,0.00000000,0.00412619,0.00410060,0.00620317,1.158126,1.160566,-0.002107,0.020225,0.020167,0.002866,0.960980,0.961129,0.000149,0.00296059,2.09013988,0.967496
pkdd8,PKDD-8,298,300.000,305.000,2049,150,16,0.057143,3.200000,54.609249,27.062527,0.682616,0.259343,0.441107,4.175270,0.001065,71.684235,906,0.441107,-0.37339353561401367,0,0.000000,0.00398495,0.00398495,0.00000026,0.00398495,0.00395967,0.00634368,1.149722,1.151239,-0.001320,0.019287,0.019226,0.003124,0.962689,0.962836,0.000147,0.00339391,2.12299150,0.963809
pkdd8,PKDD-8,299,301.000,306.000,1977,150,15,0.053571,3.000000,53.562145,27.570807,0.669527,0.267231,0.449137,4.165437,0.001065,73.164688,864,0.449137,-0.3444317579269409,0,0.000000,0.00381292,0.00381292,-0.00000067,0.00381292,0.00378763,0.00663247,1.145281,1.146341,-0.000926,0.018612,0.018580,0.001737,0.963927,0.964001,0.000074,0.00322001,2.16144441,0.953950
pkdd8,PKDD-8,300,302.000,307.000,1886,150,16,0.057143,3.200000,51.999329,28.085800,0.649992,0.254827,0.444077,4.057299,0.001065,71.946823,790,0.444077,-0.35414624214172363,3,0.187500,0.00360083,0.00360083,-0.00000129,0.00360083,0.00357578,0.00695531,1.145833,1.146959,-0.000983,0.018533,0.018498,0.001916,0.964144,0.964225,0.000081,0.00302709,2.11804047,0.940456
pkdd8,PKDD-8,301,303.000,308.000,1776,150,16,0.057143,3.200000,50.202465,28.694790,0.627531,0.240674,0.424182,4.162086,0.001065,74.535568,680,0.424182,-0.12884771823883057,3,0.187500,0.00349270,0.00349270,-0.00000088,0.00349270,0.00346683,0.00740668,1.138192,1.138775,-0.000512,0.017526,0.017489,0.002103,0.966062,0.966142,0.000081,0.00261763,2.22626740,0.927055
pkdd8,PKDD-8,302,304.000,309.000,1715,150,15,0.053571,3.000000,49.084774,29.220573,0.613560,0.207361,0.353492,4.330255,0.001065,78.165543,590,0.353492,0.10869991779327393,3,0.200000,0.00350323,0.00350323,-0.00000081,0.00350323,0.00347634,0.00767585,1.139766,1.140351,-0.000513,0.017866,0.017831,0.001962,0.965191,0.965269,0.000078,0.00289850,2.61498957,0.911579
pkdd8,PKDD-8,303,305.000,310.000,1710,150,16,0.057143,3.200000,48.699558,29.329823,0.608744,0.187994,0.282507,4.877975,1.483547,88.623611,568,0.282507,0.766258716583252,6,0.375000,0.00367113,0.00367113,-0.00000077,0.00367113,0.00364408,0.00736671,1.139091,1.139652,-0.000492,0.017572,0.017542,0.001722,0.966119,0.966189,0.000070,0.00309648,2.49668072,0.905356
pkdd8,PKDD-8,304,306.000,311.000,1783,150,17,0.060714,3.400000,49.554577,29.136154,0.619432,0.187070,0.282414,5.266194,1.483547,96.371872,612,0.282414,1.1665602922439575,6,0.352941,0.00377718,0.00377718,-0.00000027,0.00377718,0.00375065,0.00702431,1.137780,1.138874,-0.000961,0.017508,0.017475,0.001883,0.966441,0.966514,0.000072,0.00305395,2.27044077,0.910443
pkdd8,PKDD-8,305,307.000,312.000,1829,150,15,0.053571,3.000000,50.412632,29.224527,0.630158,0.186955,0.279664,5.588925,1.483547,103.264137,641,0.279664,1.4315743446350098,3,0.200000,0.00379139,0.00379139,-0.00000027,0.00379139,0.00376405,0.00721109,1.144809,1.145902,-0.000955,0.018727,0.018698,0.001546,0.963840,0.963906,0.000065,0.00309256,1.99264567,0.921066
pkdd8,PKDD-8,306,308.000,313.000,1830,150,15,0.053571,3.000000,51.009506,29.626034,0.637619,0.189166,0.279982,5.636207,1.483547,104.067711,642,0.279982,1.4517334699630737,3,0.200000,0.00393196,0.00393196,-0.00000065,0.00393196,0.00390689,0.00637526,1.143008,1.144597,-0.001390,0.018531,0.018507,0.001315,0.964218,0.964277,0.000060,0.00369883,1.81311255,0.931833
pkdd8,PKDD-8,307,309.000,314.000,1888,150,17,0.060714,3.400000,51.501163,29.688166,0.643765,0.226613,0.422643,5.598097,1.483547,103.194031,671,0.422643,1.4246127605438232,3,0.176471,0.00410832,0.00410832,-0.00000050,0.00410832,0.00408871,0.00477389,1.138407,1.139939,-0.001346,0.018070,0.018045,0.001432,0.964831,0.964900,0.000069,0.00401440,1.69056800,0.943233
pkdd8,PKDD-8,308,310.000,315.000,1958,150,18,0.064286,3.600000,51.996391,29.450783,0.649955,0.255410,0.518942,5.014128,0.655312,92.508217,700,0.518942,0.7669163942337036,1,0.055556,0.00414065,0.00414066,-0.00000087,0.00414065,0.00412633,0.00345987,1.149056,1.150077,-0.000889,0.019546,0.019518,0.001417,0.961847,0.961918,0.000071,0.00379001,1.62989153,0.950153
pkdd8,PKDD-8,309,311.000,316.000,1959,150,19,0.067857,3.800000,51.709446,29.518862,0.646368,0.260254,0.536492,4.512543,0.655312,80.038391,691,0.536492,0.26185476779937744,2,0.105263,0.00449751,0.00449751,-0.00000069,0.00449751,0.00448755,0.00221415,1.151415,1.152359,-0.000819,0.019738,0.019715,0.001144,0.961331,0.961400,0.000069,0.00415424,1.48255474,0.960307
pkdd8,PKDD-8,310,312.000,317.000,2120,150,20,0.071429,4.000000,52.097942,28.728533,0.651224,0.272873,0.530976,4.203813,0.462821,69.774704,852,0.530976,-0.06311666965484619,2,0.100000,0.00508848,0.00508848,0.00000000,0.00508848,0.00508415,0.00085052,1.152789,1.154871,-0.001806,0.019699,0.019670,0.001434,0.961724,0.961808,0.000084,0.00482408,1.41238872,0.960096
pkdd8,PKDD-8,311,313.000,318.000,2402,150,23,0.082143,4.600000,52.878315,27.397259,0.660979,0.272418,0.519962,4.099979,0.462821,65.491318,1134,0.519962,-0.14873826503753662,2,0.086957,0.00561343,0.00561343,0.00000028,0.00561343,0.00561283,0.00010653,1.153208,1.155472,-0.001963,0.019894,0.019870,0.001192,0.961372,0.961451,0.000079,0.00504825,1.39691706,0.966887
pkdd8,PKDD-8,312,314.000,319.000,2650,150,24,0.085714,4.800000,53.562996,26.283072,0.669537,0.273123,0.506549,3.964983,0.462821,61.671932,1411,0.506549,-0.30684518814086914,2,0.083333,0.00601738,0.00601738,0.00000077,0.00601738,0.00601733,0.00000812,1.161982,1.164441,-0.002117,0.020903,0.020876,0.001316,0.959606,0.959689,0.000083,0.00521907,1.38690075,0.972488
pkdd8,PKDD-8,313,315.000,320.000,2846,150,24,0.085714,4.800000,53.838676,25.439829,0.672983,0.285975,0.519396,3.838203,0.462821,57.967346,1637,0.519396,-0.44566088914871216,1,0.041667,0.00653202,0.00653201,0.00000095,0.00653202,0.00653202,0.00000000,1.157658,1.160553,-0.002501,0.020366,0.020340,0.001283,0.960660,0.960745,0.000085,0.00556249,1.40915021,0.976400
pkdd8,PKDD-8,314,316.000,321.000,3108,150,26,0.092857,5.200000,54.495487,24.540194,0.681194,0.350876,0.745957,3.575298,0.462821,53.726234,1879,0.745957,-0.7282992005348206,4,0.153846,0.00682598,0.00682597,0.00000090,0.00682598,0.00682598,0.00000000,1.163328,1.166102,-0.002384,0.021216,0.021184,0.001512,0.958882,0.958974,0.000091,0.00607002,1.46278717,0.978921
pkdd8,PKDD-8,315,317.000,322.000,3245,150,27,0.096429,5.400000,54.614166,23.770567,0.682677,0.411018,0.870140,3.111824,0.161954,47.218655,2002,0.870140,-1.2166011333465576,6,0.222222,0.00718803,0.00718802,0.00000072,0.00718803,0.00718803,0.00000000,1.169651,1.171999,-0.002008,0.022105,0.022067,0.001733,0.957119,0.957224,0.000105,0.00645660,1.51635864,0.983490
pkdd8,PKDD-8,316,318.000,323.000,3407,150,31,0.110714,6.200000,54.718540,22.910986,0.683982,0.481808,0.980501,2.693903,0.000559,41.034016,2142,0.980501,-1.5942659378051758,15,0.483871,0.00755603,0.00755602,0.00000054,0.00755603,0.00755603,0.00000000,1.168762,1.170998,-0.001913,0.021789,0.021749,0.001837,0.957869,0.957974,0.000105,0.00619035,1.60994868,0.984409
pkdd8,PKDD-8,317,319.000,324.000,3579,150,32,0.114286,6.400000,54.968834,22.072109,0.687110,0.521300,1.016315,2.504908,0.000559,37.523777,2254,1.016315,-1.7868560552597046,18,0.562500,0.00790779,0.00790779,0.00000020,0.00790779,0.00790779,0.00000000,1.173077,1.175481,-0.002049,0.022536,0.022493,0.001934,0.956186,0.956296,0.000111,0.00615523,1.71362377,0.986538
pkdd8,PKDD-8,318,320.000,325.000,3744,150,31,0.110714,6.200000,55.183071,21.300442,0.689788,0.549428,1.045727,2.379481,0.000165,35.590179,2375,1.045727,-1.948669672012329,21,0.677419,0.00818864,0.00818864,0.00000019,0.00818864,0.00818864,0.00000000,1.184401,1.186467,-0.001744,0.023990,0.023931,0.002457,0.953307,0.953448,0.000141,0.00591774,1.77891743,0.987565
pkdd8,PKDD-8,319,321.000,326.000,3872,150,30,0.107143,6.000000,54.874020,20.281187,0.685925,0.535021,0.958026,2.285844,0.000165,34.343948,2532,0.958026,-2.0430634021759033,18,0.600000,0.00844827,0.00844827,0.00000030,0.00844827,0.00844827,0.00000000,1.180819,1.182817,-0.001692,0.023403,0.023350,0.002268,0.954621,0.954752,0.000132,0.00540938,1.86040703,0.989773
pkdd8,PKDD-8,320,322.000,327.000,4004,150,29,0.103571,5.800000,54.956940,19.423893,0.686962,0.516839,0.880753,2.296581,0.000165,34.472958,2678,0.880753,-2.056565761566162,16,0.551724,0.00843451,0.00843451,0.00000055,0.00843451,0.00843451,0.00000000,1.180549,1.182793,-0.001901,0.023419,0.023375,0.001898,0.954540,0.954658,0.000119,0.00488529,1.96678205,0.993042
pkdd8,PKDD-8,321,323.000,328.000,4010,150,28,0.100000,5.600000,55.086037,18.808455,0.688575,0.496548,0.778182,2.288225,0.000165,34.563393,2680,0.778182,-2.0980467796325684,8,0.285714,0.00831559,0.00831559,0.00000025,0.00831559,0.00831559,0.00000000,1.183586,1.186111,-0.002134,0.023983,0.023937,0.001942,0.953343,0.953472,0.000128,0.00470497,2.00686043,0.993864
pkdd8,PKDD-8,322,324.000,329.000,3960,150,28,0.100000,5.600000,55.205273,18.238712,0.690066,0.479663,0.710944,2.152867,0.000165,33.466183,2660,0.710944,-2.264836311340332,9,0.321429,0.00806880,0.00806880,0.00000006,0.00806880,0.00806880,0.00000000,1.189414,1.192527,-0.002618,0.024520,0.024474,0.001877,0.952600,0.952737,0.000137,0.00398515,2.06344016,0.992294
pkdd8,PKDD-8,323,325.000,330.000,3854,150,27,0.096429,5.400000,55.359852,17.753122,0.691998,0.447536,0.601263,2.018979,0.074228,31.868538,2573,0.601263,-2.4557368755340576,6,0.222222,0.00771842,0.00771842,-0.00000013,0.00771842,0.00771842,0.00000000,1.176950,1.179940,-0.002540,0.022861,0.022830,0.001340,0.955850,0.955954,0.000104,0.00389181,2.04235612,0.991071
pkdd8,PKDD-8,324,326.000,331.000,3679,150,28,0.100000,5.600000,55.657883,17.415434,0.695724,0.433313,0.547441,2.022202,0.503985,32.314198,2378,0.547441,-2.463512897491455,9,0.321429,0.00738896,0.00738896,0.00000000,0.00738896,0.00738896,0.00000000,1.183499,1.187198,-0.003125,0.023921,0.023888,0.001383,0.953643,0.953759,0.000117,0.00415946,2.02395326,0.987070
pkdd8,PKDD-8,325,327.000,332.000,3515,150,29,0.103571,5.800000,56.135372,17.185442,0.701692,0.423544,0.525772,2.072771,0.503985,33.371159,2185,0.525772,-2.43154239654541,9,0.310345,0.00702013,0.00702013,-0.00000015,0.00702013,0.00702013,0.00000000,1.179194,1.182802,-0.003060,0.023271,0.023231,0.001756,0.954973,0.955095,0.000122,0.00441989,2.03548634,0.982411
pkdd8,PKDD-8,326,328.000,333.000,3326,150,29,0.103571,5.800000,56.471249,17.000160,0.705891,0.397554,0.496836,2.124135,0.503985,34.645733,1992,0.496836,-2.4089694023132324,9,0.310345,0.00666416,0.00666416,0.00000000,0.00666416,0.00666416,0.00000000,1.180172,1.183349,-0.002693,0.023375,0.023335,0.001731,0.954636,0.954747,0.000111,0.00464167,1.99282491,0.980267
pkdd8,PKDD-8,327,329.000,334.000,3147,150,29,0.103571,5.800000,56.974152,16.855648,0.712177,0.365116,0.446055,2.380805,0.574252,40.117653,1813,0.446055,-2.1676101684570312,5,0.172414,0.00635195,0.00635195,-0.00000008,0.00635195,0.00635195,0.00000000,1.167611,1.169610,-0.001712,0.021912,0.021871,0.001878,0.957343,0.957441,0.000098,0.00427805,1.95298378,0.983505
pkdd8,PKDD-8,328,330.000,335.000,3001,150,27,0.096429,5.400000,57.554008,16.808119,0.719425,0.340719,0.412076,2.760349,0.654472,47.896622,1662,0.412076,-1.835236668586731,5,0.185185,0.00601114,0.00601114,0.00000017,0.00601114,0.00601114,0.00000000,1.174431,1.176883,-0.002088,0.022818,0.022775,0.001868,0.955561,0.955660,0.000099,0.00374543,1.97478515,0.985972
pkdd8,PKDD-8,329,331.000,336.000,2855,150,25,0.089286,5.000000,58.315105,16.991783,0.728939,0.314234,0.387756,3.116007,0.826771,55.555248,1506,0.387756,-1.5384045839309692,1,0.040000,0.00573399,0.00573398,0.00000027,0.00573399,0.00573399,0.00000000,1.169708,1.172628,-0.002496,0.022118,0.022076,0.001892,0.956941,0.957033,0.000092,0.00349840,1.97974632,0.985055
pkdd8,PKDD-8,330,332.000,337.000,2740,150,25,0.089286,5.000000,59.136837,17.221508,0.739210,0.274622,0.382511,3.763497,0.826771,69.323166,1390,0.382511,-0.8851763010025024,1,0.040000,0.00538271,0.00538271,0.00000048,0.00538271,0.00538271,0.00000000,1.167878,1.170172,-0.001965,0.021810,0.021771,0.001818,0.957520,0.957607,0.000087,0.00336327,1.99574430,0.984340
pkdd8,PKDD-8,331,333.000,338.000,2615,150,25,0.089286,5.000000,60.049850,17.542788,0.750623,0.249768,0.377863,4.404572,0.826771,82.430008,1265,0.377863,-0.24432969093322754,0,0.000000,0.00504447,0.00504447,0.00000082,0.00504447,0.00504447,0.00000000,1.171211,1.173617,-0.002054,0.022083,0.022038,0.002067,0.957152,0.957249,0.000097,0.00333376,2.02434789,0.983581
pkdd8,PKDD-8,332,334.000,339.000,2494,150,25,0.089286,5.000000,60.495277,18.054396,0.756191,0.239964,0.387766,4.757974,1.282042,88.246353,1144,0.387766,0.11617612838745117,0,0.000000,0.00495443,0.00495443,0.00000093,0.00495443,0.00495443,0.00000000,1.173085,1.176327,-0.002764,0.022304,0.022267,0.001654,0.956720,0.956805,0.000085,0.00357163,1.96596881,0.980847
pkdd8,PKDD-8,333,335.000,340.000,2467,150,26,0.092857,5.200000,61.195507,18.450323,0.764944,0.249927,0.413880,5.020992,1.274181,91.275261,1127,0.413880,0.3888002634048462,0,0.000000,0.00509909,0.00509909,0.00000091,0.00509909,0.00509909,0.00000000,1.174990,1.178529,-0.003012,0.022491,0.022451,0.001754,0.956575,0.956667,0.000093,0.00351929,1.92415455,0.981243
pkdd8,PKDD-8,334,336.000,341.000,2543,150,27,0.096429,5.400000,61.807007,18.558384,0.772588,0.229937,0.395111,5.030575,1.208406,89.094330,1233,0.395111,0.38295459747314453,0,0.000000,0.00516257,0.00516256,0.00000040,0.00516257,0.00516257,0.00000000,1.163700,1.166796,-0.002660,0.020881,0.020828,0.002558,0.959977,0.960088,0.000111,0.00345910,1.88959721,0.981540
pkdd8,PKDD-8,335,337.000,342.000,2584,150,28,0.100000,5.600000,62.127327,18.660383,0.776592,0.234726,0.399971,4.810141,1.208406,81.668427,1304,0.399971,0.1513657569885254,0,0.000000,0.00552196,0.00552196,0.00000019,0.00552196,0.00552196,0.00000000,1.176363,1.179290,-0.002488,0.022810,0.022753,0.002475,0.955919,0.956047,0.000127,0.00390099,1.75994222,0.982547
pkdd8,PKDD-8,336,338.000,343.000,2733,150,26,0.092857,5.200000,62.490269,18.621904,0.781128,0.282393,0.517040,4.527683,1.208406,74.443329,1483,0.517040,-0.2072964906692505,0,0.000000,0.00597273,0.00597274,-0.00000026,0.00597273,0.00597273,0.00000000,1.171838,1.175247,-0.002910,0.022354,0.022303,0.002276,0.956801,0.956920,0.000119,0.00436261,1.65717745,0.982202
pkdd8,PKDD-8,337,339.000,344.000,2933,150,27,0.096429,5.400000,62.965256,18.479383,0.787066,0.296142,0.537625,4.302108,1.161797,69.765961,1713,0.537625,-0.4568239450454712,0,0.000000,0.00626486,0.00626486,-0.00000016,0.00626486,0.00626486,0.00000000,1.173133,1.176068,-0.002501,0.022594,0.022543,0.002250,0.956127,0.956249,0.000123,0.00424863,1.59713530,0.980926
pkdd8,PKDD-8,338,340.000,345.000,3067,150,27,0.096429,5.400000,63.002220,18.570402,0.787528,0.288410,0.514189,3.977922,0.856262,63.548248,1867,0.514189,-0.8051403760910034,1,0.037037,0.00662835,0.00662835,-0.00000031,0.00662835,0.00662835,0.00000000,1.177231,1.180308,-0.002614,0.023163,0.023104,0.002548,0.954972,0.955110,0.000138,0.00460191,1.59498079,0.983246
pkdd8,PKDD-8,339,341.000,346.000,3250,150,29,0.103571,5.800000,63.195335,18.597679,0.789942,0.305257,0.515446,3.712850,0.000211,59.112171,2046,0.515446,-1.0590198040008545,1,0.034483,0.00697518,0.00697518,-0.00000044,0.00697518,0.00697518,0.00000000,1.184318,1.186659,-0.001976,0.023938,0.023886,0.002172,0.953539,0.953664,0.000125,0.00495357,1.59241960,0.984596
pkdd8,PKDD-8,340,342.000,347.000,3418,150,28,0.100000,5.600000,63.402767,18.714964,0.792535,0.306902,0.497665,3.534946,0.000211,56.382278,2197,0.497665,-1.282214641571045,5,0.178571,0.00715863,0.00715863,-0.00000043,0.00715863,0.00715863,0.00000000,1.178926,1.181483,-0.002168,0.023208,0.023159,0.002081,0.955159,0.955277,0.000118,0.00474247,1.60287195,0.985047
pkdd8,PKDD-8,341,343.000,348.000,3521,150,28,0.100000,5.600000,63.488987,18.843182,0.793612,0.292019,0.421595,3.313150,0.000211,53.063953,2297,0.421595,-1.5315381288528442,9,0.321429,0.00721405,0.00721405,-0.00000014,0.00721405,0.00721405,0.00000000,1.180692,1.182662,-0.001669,0.023420,0.023376,0.001912,0.954709,0.954820,0.000111,0.00438913,1.61974497,0.985182
pkdd8,PKDD-8,342,344.000,349.000,3553,150,28,0.100000,5.600000,63.596432,18.921194,0.794955,0.298671,0.417533,3.059114,0.000211,50.121536,2299,0.417533,-1.8166656494140625,11,0.392857,0.00730412,0.00730412,-0.00000014,0.00730412,0.00730412,0.00000000,1.179950,1.181894,-0.001647,0.023277,0.023230,0.002037,0.954940,0.955054,0.000114,0.00400608,1.66301598,0.985379
pkdd8,PKDD-8,343,345.000,350.000,3601,150,28,0.100000,5.600000,63.883331,18.716936,0.798542,0.304983,0.435619,2.896780,0.000211,49.322212,2317,0.435619,-2.016587018966675,11,0.392857,0.00725481,0.00725482,-0.00000043,0.00725481,0.00725481,0.00000000,1.185714,1.187115,-0.001181,0.023850,0.023810,0.001687,0.953947,0.954048,0.000102,0.00375686,1.63500508,0.981597
pkdd8,PKDD-8,344,346.000,351.000,3570,150,31,0.110714,6.200000,63.998058,18.580978,0.799976,0.307351,0.441991,2.922865,0.344025,51.519108,2260,0.441991,-1.935168981552124,12,0.387097,0.00727378,0.00727378,-0.00000014,0.00727378,0.00727378,0.00000000,1.185890,1.187850,-0.001652,0.023941,0.023905,0.001535,0.953622,0.953721,0.000099,0.00383707,1.63481505,0.981733
pkdd8,PKDD-8,345,347.000,352.000,3572,150,32,0.114286,6.400000,63.968399,18.279142,0.799605,0.305653,0.440955,2.828019,0.390264,52.067719,2249,0.440955,-2.019773483276367,11,0.343750,0.00724774,0.00724774,-0.00000036,0.00724774,0.00724774,0.00000000,1.175942,1.177909,-0.001673,0.022561,0.022561,-0.000012,0.956348,0.956386,0.000038,0.00389039,1.69765710,0.983052
pkdd8,PKDD-8,346,348.000,353.000,3558,150,31,0.110714,6.200000,63.621536,17.923620,0.795269,0.288659,0.417811,2.781802,0.390638,52.955532,2208,0.417811,-2.0676419734954834,7,0.225806,0.00728041,0.00728041,-0.00000035,0.00728041,0.00728041,0.00000000,1.185774,1.187448,-0.001411,0.023891,0.023885,0.000281,0.953681,0.953735,0.000054,0.00353846,1.78409326,0.983180
pkdd8,PKDD-8,347,349.000,354.000,3585,150,34,0.121429,6.800000,63.311596,17.475702,0.791395,0.260809,0.367920,2.778128,0.209947,53.096695,2235,0.367920,-1.996885061264038,11,0.323529,0.00718092,0.00718092,-0.00000029,0.00718092,0.00718092,0.00000000,1.184997,1.186689,-0.001428,0.023799,0.023794,0.000219,0.954078,0.954128,0.000049,0.00368256,1.86163147,0.983883
pkdd8,PKDD-8,348,350.000,355.000,3546,150,31,0.110714,6.200000,63.037209,17.236721,0.787965,0.244913,0.330121,2.829963,0.209947,53.902737,2196,0.330121,-1.981214165687561,10,0.322581,0.00717891,0.00717892,-0.00000029,0.00717891,0.00717891,0.00000000,1.173386,1.175078,-0.001442,0.022517,0.022514,0.000116,0.956356,0.956398,0.000042,0.00405173,1.97640595,0.986045
pkdd8,PKDD-8,349,351.000,356.000,3547,150,32,0.114286,6.400000,63.009884,16.976694,0.787624,0.230877,0.311459,2.739384,0.209947,52.309872,2197,0.311459,-2.0624940395355225,19,0.593750,0.00711908,0.00711909,-0.00000058,0.00711908,0.00711908,0.00000000,1.175454,1.176587,-0.000965,0.022973,0.022971,0.000089,0.955425,0.955466,0.000041,0.00380825,2.06075102,0.985969
pkdd8,PKDD-8,350,352.000,357.000,3528,150,32,0.114286,6.400000,63.151051,16.850334,0.789388,0.209709,0.283646,2.741383,0.209947,52.352806,2178,0.283646,-2.0722997188568115,16,0.500000,0.00703471,0.00703472,-0.00000037,0.00703471,0.00703471,0.00000000,1.178745,1.179891,-0.000972,0.023375,0.023341,0.001432,0.954628,0.954717,0.000089,0.00363471,2.05578296,0.986078
pkdd8,PKDD-8,351,353.000,358.000,3491,150,30,0.107143,6.000000,63.562244,16.930174,0.794528,0.203510,0.276904,2.718479,0.209947,51.963940,2141,0.276904,-2.1644446849823,16,0.533333,0.00699405,0.00699405,-0.00000015,0.00699405,0.00699405,0.00000000,1.172683,1.174704,-0.001724,0.022614,0.022581,0.001429,0.956091,0.956184,0.000092,0.00366582,2.01889272,0.985966
pkdd8,PKDD-8,352,354.000,359.000,3463,150,29,0.103571,5.800000,64.133972,17.126804,0.801675,0.198030,0.272765,2.730039,0.234660,52.495693,2113,0.272765,-2.201551914215088,10,0.344828,0.00714871,0.00714871,-0.00000058,0.00714871,0.00714871,0.00000000,1.171485,1.173186,-0.001452,0.022331,0.022300,0.001412,0.956663,0.956752,0.000089,0.00347617,2.01045911,0.985332
pkdd8,PKDD-8,353,355.000,360.000,3528,150,30,0.107143,6.000000,64.674171,17.239084,0.808427,0.205443,0.300487,2.887446,0.261782,55.583405,2178,0.300487,-2.0455474853515625,11,0.366667,0.00703543,0.00703544,-0.00000044,0.00703543,0.00703543,0.00000000,1.182446,1.184460,-0.001704,0.023743,0.023707,0.001518,0.953912,0.954013,0.000102,0.00340712,2.06612746,0.982907
pkdd8,PKDD-8,354,356.000,361.000,3475,150,30,0.107143,6.000000,65.006683,17.612007,0.812584,0.213405,0.321593,2.925296,0.293067,56.181946,2125,0.321593,-2.0259556770324707,1,0.033333,0.00699667,0.00699668,-0.00000029,0.00699667,0.00699667,0.00000000,1.172454,1.174479,-0.001727,0.022517,0.022481,0.001591,0.956189,0.956289,0.000099,0.00333475,2.16378275,0.982161
pkdd8,PKDD-8,355,357.000,362.000,3456,150,30,0.107143,6.000000,65.342270,17.960512,0.816778,0.240181,0.365487,3.003579,0.324140,57.108871,2106,0.365487,-1.958917498588562,1,0.033333,0.00703310,0.00703310,-0.00000029,0.00703310,0.00703310,0.00000000,1.176725,1.178458,-0.001472,0.022956,0.022915,0.001798,0.955602,0.955710,0.000108,0.00353751,2.23053811,0.980508
pkdd8,PKDD-8,356,358.000,363.000,3463,150,31,0.110714,6.200000,65.740433,18.125151,0.821755,0.264144,0.402949,3.147414,0.383253,59.151276,2113,0.402949,-1.805505633354187,1,0.032258,0.00701456,0.00701456,-0.00000044,0.00701456,0.00701456,0.00000000,1.184241,1.185689,-0.001223,0.023851,0.023800,0.002154,0.953938,0.954057,0.000119,0.00369052,2.40003293,0.980446
pkdd8,PKDD-8,357,359.000,364.000,3452,150,32,0.114286,6.400000,65.776817,18.379347,0.822210,0.289983,0.456452,3.272640,0.430594,60.000439,2127,0.456452,-1.658699870109558,2,0.062500,0.00676054,0.00676054,0.00000000,0.00676054,0.00676054,0.00000000,1.179958,1.181763,-0.001530,0.023313,0.023258,0.002367,0.955006,0.955139,0.000132,0.00361248,2.51879838,0.979687
pkdd8,PKDD-8,358,360.000,365.000,3323,150,29,0.103571,5.800000,65.861870,18.864523,0.823273,0.331253,0.517964,3.269475,0.527328,58.170300,2050,0.517964,-1.7313520908355713,6,0.206897,0.00663217,0.00663217,0.00000047,0.00663217,0.00663217,0.00000000,1.176597,1.177826,-0.001044,0.022584,0.022523,0.002670,0.956615,0.956754,0.000138,0.00353660,2.54677205,0.979269
pkdd8,PKDD-8,359,361.000,366.000,3256,150,28,0.100000,5.600000,65.824600,19.393778,0.822808,0.356157,0.548756,3.197041,0.527328,56.963249,2014,0.548756,-1.8406853675842285,14,0.500000,0.00631793,0.00631793,0.00000033,0.00631793,0.00631793,0.00000000,1.183587,1.185209,-0.001370,0.023286,0.023226,0.002594,0.955420,0.955561,0.000141,0.00319096,2.46641934,0.978690
pkdd8,PKDD-8,360,362.000,367.000,3083,150,25,0.089286,5.000000,65.616707,20.334581,0.820209,0.375989,0.573599,3.058094,0.483361,54.513126,1901,0.573599,-2.0581114292144775,14,0.560000,0.00584923,0.00584923,0.00000000,0.00584923,0.00584923,0.00000000,1.183415,1.185875,-0.002078,0.023360,0.023302,0.002443,0.955051,0.955189,0.000138,0.00286580,2.16481862,0.980868
pkdd8,PKDD-8,361,363.000,368.000,2846,150,24,0.085714,4.800000,65.060417,21.796192,0.813255,0.360624,0.568386,2.936848,0.369305,52.063541,1724,0.568386,-2.2006585597991943,15,0.625000,0.00521849,0.00521849,-0.00000020,0.00521849,0.00521849,0.00000000,1.169774,1.172551,-0.002374,0.021535,0.021491,0.002060,0.958658,0.958776,0.000118,0.00286921,1.93187652,0.978223
pkdd8,PKDD-8,362,364.000,369.000,2521,150,23,0.082143,4.600000,64.445442,23.679892,0.805568,0.344430,0.540962,2.767133,0.369305,49.932606,1441,0.540962,-2.3902382850646973,15,0.652174,0.00466893,0.00466893,-0.00000044,0.00466893,0.00466893,0.00000000,1.168524,1.171645,-0.002671,0.021466,0.021429,0.001738,0.958705,0.958807,0.000103,0.00242564,1.69823919,0.971311
pkdd8,PKDD-8,363,365.000,370.000,2243,150,22,0.078571,4.400000,63.230927,25.424566,0.790387,0.290803,0.462081,2.466082,0.369305,46.612759,1201,0.462081,-2.6867904663085938,10,0.454545,0.00414429,0.00414429,-0.00000106,0.00414429,0.00414429,0.00000000,1.166751,1.170299,-0.003041,0.021612,0.021586,0.001163,0.958283,0.958364,0.000081,0.00205967,1.44479765,0.961455
pkdd8,PKDD-8,364,366.000,371.000,1973,150,21,0.075000,4.200000,61.787125,27.062027,0.772339,0.243494,0.395908,2.469814,0.369305,46.723114,990,0.395908,-2.628002643585205,2,0.095238,0.00369782,0.00369783,-0.00000090,0.00369782,0.00369782,0.00000000,1.158558,1.161420,-0.002470,0.020446,0.020420,0.001261,0.960561,0.960642,0.000081,0.00191285,1.20012965,0.951832
pkdd8,PKDD-8,365,367.000,372.000,1747,150,18,0.064286,3.600000,59.969654,28.315193,0.749621,0.199235,0.314029,2.597154,0.369305,48.937332,794,0.314029,-2.439011573791504,2,0.111111,0.00349198,0.00349198,-0.00000015,0.00349198,0.00349198,0.00000000,1.152635,1.156269,-0.003153,0.019774,0.019743,0.001576,0.961703,0.961789,0.000087,0.00191727,1.09494653,0.936493
pkdd8,PKDD-8,366,368.000,373.000,1651,150,16,0.057143,3.200000,58.502876,28.433178,0.731286,0.208162,0.302867,2.784897,1.150022,53.146561,699,0.302867,-2.1790037155151367,1,0.062500,0.00345947,0.00345947,0.00000045,0.00345947,0.00345947,0.00000000,1.163415,1.165854,-0.002096,0.021076,0.021043,0.001559,0.959224,0.959311,0.000087,0.00181990,1.06189664,0.934695
pkdd8,PKDD-8,367,369.000,374.000,1640,150,15,0.053571,3.000000,57.766762,27.870913,0.722085,0.233011,0.339571,3.385646,1.327770,60.112514,679,0.339571,-1.4866453409194946,0,0.000000,0.00344568,0.00344568,-0.00000015,0.00344568,0.00344568,0.00000000,1.162607,1.165652,-0.002619,0.021008,0.020977,0.001473,0.959396,0.959481,0.000085,0.00188297,1.12280070,0.943544
pkdd8,PKDD-8,368,370.000,375.000,1642,150,16,0.057143,3.200000,57.497730,27.302307,0.718722,0.235454,0.330855,3.963205,1.455639,64.012733,681,0.330855,-0.808173656463623,0,0.000000,0.00348276,0.00348276,0.00000007,0.00348276,0.00348276,0.00000000,1.154812,1.158398,-0.003106,0.020115,0.020091,0.001197,0.960948,0.961026,0.000078,0.00200329,1.29998049,0.957502
pkdd8,PKDD-8,369,371.000,376.000,1673,150,16,0.057143,3.200000,57.921474,26.759563,0.724018,0.253740,0.336448,3.972013,1.447579,59.405907,683,0.336448,-0.8162854909896851,0,0.000000,0.00371944,0.00371944,0.00000014,0.00371944,0.00371944,0.00000000,1.167504,1.172529,-0.004304,0.021748,0.021572,0.008100,0.958252,0.958698,0.000446,0.00217100,1.52687919,0.971357
pkdd8,PKDD-8,370,372.000,377.000,1791,150,18,0.064286,3.600000,59.229153,25.776869,0.740364,0.267917,0.346050,3.796610,0.654463,55.192028,771,0.346050,-1.0428521633148193,0,0.000000,0.00401386,0.00401386,-0.00000026,0.00401386,0.00401386,0.00000000,1.187923,1.191567,-0.003068,0.025011,0.024764,0.009868,0.950979,0.951682,0.000703,0.00229657,1.81465176,0.985242
pkdd8,PKDD-8,371,373.000,378.000,1921,150,19,0.067857,3.800000,61.198040,25.027979,0.764976,0.273452,0.354949,3.542784,0.654463,50.766407,871,0.354949,-1.4174209833145142,0,0.000000,0.00431574,0.00431574,-0.00000030,0.00431574,0.00431574,0.00000000,1.188047,1.191448,-0.002863,0.024684,0.024410,0.011121,0.951817,0.952526,0.000710,0.00231604,2.14544780,0.994096
pkdd8,PKDD-8,372,374.000,379.000,2058,150,19,0.067857,3.800000,63.253574,24.246683,0.790670,0.274720,0.361214,3.157813,0.654463,47.546967,980,0.361214,-1.956912636756897,0,0.000000,0.00476898,0.00476898,0.00000000,0.00476898,0.00476898,0.00000000,1.190413,1.193076,-0.002237,0.024783,0.024524,0.010460,0.951714,0.952374,0.000660,0.00288737,2.86657934,0.998402
pkdd8,PKDD-8,373,375.000,380.000,2253,150,19,0.067857,3.800000,65.307655,23.084440,0.816346,0.289241,0.400005,2.765331,0.396949,45.580791,1126,0.400005,-2.5060057640075684,4,0.210526,0.00518558,0.00518558,0.00000000,0.00518558,0.00518558,0.00000000,1.199345,1.201392,-0.001706,0.026086,0.025828,0.009873,0.949190,0.949834,0.000644,0.00340725,2.24316565,1.000000
pkdd8,PKDD-8,374,376.000,381.000,2443,150,21,0.075000,4.200000,67.063805,21.890686,0.838298,0.294220,0.417169,2.637726,0.396949,46.929287,1315,0.417169,-2.705500841140747,5,0.238095,0.00554204,0.00554203,0.00000046,0.00554204,0.00554204,0.00000000,1.199389,1.200917,-0.001274,0.026047,0.025910,0.005281,0.949084,0.949435,0.000352,0.00390767,1.88900720,1.000000
pkdd8,PKDD-8,375,377.000,382.000,2618,150,23,0.082143,4.600000,68.532280,20.785494,0.856653,0.289640,0.422995,2.505430,0.396949,46.540436,1490,0.422995,-2.8978772163391113,5,0.217391,0.00574250,0.00574249,0.00000072,0.00574250,0.00574250,0.00000000,1.178874,1.180346,-0.001249,0.022959,0.022890,0.003044,0.955651,0.955779,0.000128,0.00372725,1.69989478,1.000000
pkdd8,PKDD-8,376,378.000,383.000,2717,150,22,0.078571,4.400000,69.402237,19.841347,0.867528,0.291138,0.425394,2.391951,0.396949,45.292637,1618,0.425394,-3.0859103202819824,5,0.227273,0.00607240,0.00607240,0.00000025,0.00607240,0.00607240,0.00000000,1.173838,1.175920,-0.001774,0.022501,0.022467,0.001505,0.956479,0.956568,0.000089,0.00403849,1.55279452,1.000000
pkdd8,PKDD-8,377,379.000,384.000,2882,150,25,0.089286,5.000000,69.662018,18.860706,0.870775,0.282332,0.413913,2.573633,0.396949,47.430267,1813,0.413913,-2.8289589881896973,5,0.200000,0.00641718,0.00641717,0.00000048,0.00641718,0.00641718,0.00000000,1.192220,1.194508,-0.001919,0.025031,0.024988,0.001694,0.951359,0.951497,0.000138,0.00422617,1.48264774,1.000000
pkdd8,PKDD-8,378,380.000,385.000,3059,150,27,0.096429,5.400000,69.519913,18.084181,0.868999,0.275267,0.402243,2.844902,0.287517,50.554249,2009,0.402243,-2.4700934886932373,4,0.148148,0.00667961,0.00667961,0.00000031,0.00667961,0.00667961,0.00000000,1.186713,1.189232,-0.002123,0.024095,0.024061,0.001431,0.953317,0.953438,0.000121,0.00426900,1.48590922,1.000000
pkdd8,PKDD-8,379,381.000,386.000,3176,150,26,0.092857,5.200000,69.073959,17.438442,0.863424,0.275927,0.398005,3.065652,0.287517,52.584229,2126,0.398005,-2.2116897106170654,3,0.115385,0.00681934,0.00681933,0.00000023,0.00681934,0.00681934,0.00000000,1.177329,1.179503,-0.001846,0.022906,0.022869,0.001627,0.955578,0.955702,0.000125,0.00403181,1.51243297,1.000000
pkdd8,PKDD-8,380,382.000,387.000,3220,150,26,0.092857,5.200000,68.303337,16.879137,0.853792,0.282078,0.395943,3.168728,0.287517,53.053795,2170,0.395943,-2.043257236480713,5,0.192308,0.00697014,0.00697014,0.00000000,0.00697014,0.00697014,0.00000000,1.188800,1.190637,-0.001544,0.024393,0.024350,0.001798,0.952824,0.952961,0.000136,0.00420930,1.54323947,1.000000
pkdd8,PKDD-8,381,383.000,388.000,3268,150,28,0.100000,5.600000,67.518730,16.167133,0.843984,0.273850,0.382493,3.355445,0.287517,55.415329,2218,0.382493,-1.7461165189743042,6,0.214286,0.00700602,0.00700602,0.00000044,0.00700602,0.00700602,0.00000000,1.198956,1.200491,-0.001280,0.025725,0.025665,0.002360,0.950186,0.950354,0.000168,0.00397868,1.61612405,1.000000
pkdd8,PKDD-8,382,384.000,389.000,3257,150,30,0.107143,6.000000,66.761246,15.256371,0.834516,0.266523,0.369269,3.256052,0.287517,53.983200,2207,0.369269,-1.7677371501922607,7,0.233333,0.00704809,0.00704809,0.00000044,0.00704809,0.00704809,0.00000000,1.194949,1.196489,-0.001289,0.025080,0.025028,0.002078,0.951653,0.951777,0.000125,0.00381659,1.70884385,1.000000
pkdd8,PKDD-8,383,385.000,390.000,3247,150,33,0.117857,6.600000,65.802940,14.193141,0.822537,0.250468,0.340528,3.075634,0.305677,51.399841,2168,0.340528,-1.8448200225830078,13,0.393939,0.00714591,0.00714591,0.00000072,0.00714591,0.00714591,0.00000000,1.183374,1.184902,-0.001291,0.023548,0.023499,0.002061,0.954627,0.954743,0.000116,0.00373779,1.80625275,1.000000
pkdd8,PKDD-8,384,386.000,391.000,3272,150,31,0.110714,6.200000,64.991943,13.102275,0.812399,0.231673,0.308338,2.883845,0.432693,48.378078,2163,0.308338,-2.035928726196289,15,0.483871,0.00741074,0.00741074,0.00000083,0.00741074,0.00741074,0.00000000,1.202293,1.204058,-0.001467,0.026115,0.026064,0.001958,0.949606,0.949732,0.000126,0.00380979,1.98565325,1.000000
pkdd8,PKDD-8,385,387.000,392.000,3401,150,33,0.117857,6.600000,64.477127,11.999084,0.805964,0.220582,0.294574,2.812316,0.532726,47.041653,2262,0.294574,-2.0330541133880615,13,0.393939,0.00769151,0.00769150,0.00000107,0.00769151,0.00769151,0.00000000,1.202435,1.204417,-0.001648,0.026084,0.026032,0.001994,0.949347,0.949472,0.000124,0.00390361,2.22011783,1.000000
pkdd8,PKDD-8,386,388.000,393.000,3532,150,31,0.110714,6.200000,64.099007,11.174786,0.801238,0.229674,0.329301,2.675360,0.508449,44.613239,2363,0.329301,-2.1900501251220703,12,0.387097,0.00797164,0.00797163,0.00000071,0.00797164,0.00797164,0.00000000,1.193900,1.195806,-0.001597,0.025030,0.024989,0.001639,0.951528,0.951628,0.000101,0.00381861,2.43091697,1.000000
pkdd8,PKDD-8,387,389.000,394.000,3672,150,31,0.110714,6.200000,63.738766,10.621015,0.796735,0.222007,0.320098,2.642111,0.500153,43.812904,2473,0.320098,-2.2052001953125,15,0.483871,0.00794574,0.00794573,0.00000065,0.00794574,0.00794574,0.00000000,1.186888,1.188792,-0.001604,0.024250,0.024213,0.001551,0.953011,0.953107,0.000096,0.00351319,2.80689067,1.000000
pkdd8,PKDD-8,388,390.000,395.000,3676,150,30,0.107143,6.000000,63.669537,10.318834,0.795869,0.218553,0.318484,2.578131,0.466390,42.976227,2476,0.318484,-2.2943427562713623,10,0.333333,0.00786809,0.00786808,0.00000059,0.00786809,0.00786809,0.00000000,1.195896,1.198085,-0.001830,0.025463,0.025422,0.001613,0.950619,0.950723,0.000105,0.00335516,2.80915322,1.000000
pkdd8,PKDD-8,389,391.000,396.000,3655,150,30,0.107143,6.000000,63.565136,10.045276,0.794564,0.214740,0.316349,2.501931,0.466390,42.161049,2472,0.316349,-2.3773651123046875,8,0.266667,0.00773105,0.00773105,0.00000020,0.00773105,0.00773105,0.00000000,1.190238,1.192180,-0.001631,0.024621,0.024580,0.001664,0.952361,0.952463,0.000101,0.00305964,2.59927182,1.000000
pkdd8,PKDD-8,390,392.000,397.000,3606,150,31,0.110714,6.200000,63.711472,9.933570,0.796393,0.208789,0.301808,2.416646,0.466390,41.293884,2424,0.301808,-2.462881088256836,11,0.354839,0.00769353,0.00769353,-0.00000020,0.00769353,0.00769353,0.00000000,1.182751,1.184970,-0.001876,0.023573,0.023535,0.001621,0.954647,0.954743,0.000096,0.00326332,2.50020698,1.000000
pkdd8,PKDD-8,391,393.000,398.000,3606,150,30,0.107143,6.000000,63.898720,9.781455,0.798734,0.193583,0.258787,2.395217,0.466390,41.696781,2424,0.258787,-2.52036190032959,11,0.366667,0.00763284,0.00763284,0.00000040,0.00763284,0.00763284,0.00000000,1.194599,1.197383,-0.002330,0.025111,0.025074,0.001496,0.951547,0.951645,0.000098,0.00313070,2.32057410,1.000000
pkdd8,PKDD-8,392,394.000,399.000,3592,150,31,0.110714,6.200000,64.340286,9.687023,0.804254,0.202188,0.277742,2.367503,0.466390,42.017681,2410,0.277742,-2.562124729156494,7,0.225806,0.00755508,0.00755507,0.00000068,0.00755508,0.00755508,0.00000000,1.190583,1.193386,-0.002354,0.024409,0.024372,0.001532,0.952967,0.953064,0.000097,0.00312541,2.23330622,1.000000
pkdd8,PKDD-8,393,395.000,400.000,3568,150,29,0.103571,5.800000,64.833855,9.666674,0.810423,0.213743,0.302168,2.371530,0.479182,42.451088,2386,0.302168,-2.63142728805542,3,0.103448,0.00746496,0.00746496,0.00000076,0.00746496,0.00746496,0.00000000,1.193256,1.195806,-0.002137,0.024686,0.024653,0.001364,0.952410,0.952498,0.000088,0.00333706,2.29133537,1.000000
pkdd8,PKDD-8,394,396.000,401.000,3529,150,28,0.100000,5.600000,65.405327,9.595985,0.817567,0.217954,0.304683,2.370115,0.555104,43.148075,2339,0.304683,-2.6926870346069336,4,0.142857,0.00735642,0.00735641,0.00000070,0.00735642,0.00735642,0.00000000,1.186908,1.189205,-0.001935,0.023757,0.023724,0.001384,0.954242,0.954325,0.000083,0.00350062,2.50226425,1.000000
pkdd8,PKDD-8,395,397.000,402.000,3483,150,31,0.110714,6.200000,66.011719,9.282209,0.825146,0.215008,0.303048,2.466992,0.555104,45.989483,2322,0.303048,-2.572861909866333,3,0.096774,0.00712951,0.00712950,0.00000130,0.00712951,0.00712951,0.00000000,1.193881,1.196234,-0.001971,0.024782,0.024771,0.000452,0.952257,0.952321,0.000064,0.00366892,2.95040416,1.000000
pkdd8,PKDD-8,396,398.000,403.000,3399,150,33,0.117857,6.600000,66.656242,8.941243,0.833203,0.217965,0.306223,2.481349,0.555104,47.059525,2268,0.306223,-2.571546792984009,15,0.454545,0.00677013,0.00677013,0.00000076,0.00677013,0.00677013,0.00000000,1.190859,1.192712,-0.001556,0.024291,0.024280,0.000453,0.953247,0.953309,0.000061,0.00369873,2.46668218,1.000000
pkdd8,PKDD-8,397,399.000,404.000,3238,150,30,0.107143,6.000000,67.271049,8.664333,0.840888,0.216157,0.296293,2.541369,0.555104,49.073372,2137,0.296293,-2.6139044761657715,15,0.500000,0.00646904,0.00646904,0.00000032,0.00646904,0.00646904,0.00000000,1.186838,1.189085,-0.001893,0.023865,0.023853,0.000484,0.953975,0.954037,0.000062,0.00361071,2.14080184,1.000000
pkdd8,PKDD-8,398,400.000,405.000,3115,150,27,0.096429,5.400000,67.816826,8.427880,0.847710,0.209424,0.275755,2.626643,0.560855,51.506756,2044,0.275755,-2.6246864795684814,15,0.555556,0.00614705,0.00614705,0.00000050,0.00614705,0.00614705,0.00000000,1.189678,1.192359,-0.002253,0.024484,0.024470,0.000554,0.952733,0.952799,0.000066,0.00363943,2.02310535,1.000000
pkdd8,PKDD-8,399,401.000,406.000,2984,150,26,0.092857,5.200000,68.328568,8.149071,0.854107,0.208903,0.273472,2.783719,0.579660,54.827244,1954,0.273472,-2.5216493606567383,14,0.538462,0.00562919,0.00562918,0.00000037,0.00562919,0.00562919,0.00000000,1.197301,1.200583,-0.002741,0.025575,0.025564,0.000410,0.950498,0.950567,0.000070,0.00345379,1.97061543,1.000000
pkdd8,PKDD-8,400,402.000,407.000,2742,150,25,0.089286,5.000000,68.765579,8.104269,0.859570,0.209620,0.274938,3.015476,0.608127,59.196564,1742,0.274938,-2.328134536743164,12,0.480000,0.00519069,0.00519069,-0.00000010,0.00519069,0.00519069,0.00000000,1.184064,1.187251,-0.002692,0.023732,0.023702,0.001269,0.954158,0.954243,0.000085,0.00333901,1.92933827,1.000000
pkdd8,PKDD-8,401,403.000,408.000,2510,150,24,0.085714,4.800000,69.490173,7.953052,0.868627,0.213162,0.282453,3.312498,0.406910,65.136467,1555,0.282453,-2.0796570777893066,0,0.000000,0.00477096,0.00477096,-0.00000022,0.00477096,0.00477096,0.00000000,1.179118,1.182176,-0.002594,0.023075,0.023045,0.001306,0.955415,0.955498,0.000083,0.00311917,1.93925462,1.000000
pkdd8,PKDD-8,402,404.000,409.000,2289,150,23,0.082143,4.600000,70.193741,7.566441,0.877422,0.217841,0.296088,3.527400,0.201422,69.251244,1394,0.296088,-1.9136037826538086,1,0.043478,0.00454803,0.00454803,0.00000000,0.00454803,0.00454803,0.00000000,1.195450,1.197772,-0.001942,0.025091,0.025057,0.001350,0.951806,0.951898,0.000092,0.00280106,2.17023813,1.000000
pkdd8,PKDD-8,403,405.000,410.000,2154,150,24,0.085714,4.800000,70.876976,7.013078,0.885962,0.226026,0.315313,3.721622,0.201422,72.532944,1290,0.315313,-1.7293833494186401,1,0.041667,0.00433801,0.00433801,-0.00000071,0.00433801,0.00433801,0.00000000,1.187562,1.190030,-0.002078,0.023960,0.023931,0.001208,0.953946,0.954033,0.000087,0.00244375,2.56388968,1.000000
pkdd8,PKDD-8,404,406.000,411.000,2026,150,20,0.071429,4.000000,71.641212,6.609242,0.895515,0.230977,0.322877,3.743769,0.201422,72.564377,1180,0.322877,-1.835892677307129,2,0.100000,0.00422320,0.00422320,-0.00000037,0.00422320,0.00422320,0.00000000,1.177914,1.179959,-0.001736,0.022732,0.022701,0.001369,0.956343,0.956423,0.000080,0.00199754,2.54642404,1.000000
pkdd8,PKDD-8,405,407.000,412.000,1956,150,20,0.071429,4.000000,72.182167,6.552766,0.902277,0.242467,0.335323,3.391358,0.201422,65.731812,1140,0.335323,-2.2671971321105957,2,0.100000,0.00405002,0.00405002,-0.00000044,0.00405002,0.00405002,0.00000000,1.196486,1.198616,-0.001780,0.025250,0.025211,0.001548,0.951423,0.951520,0.000097,0.00161063,1.95939614,1.000000
pkdd8,PKDD-8,406,408.000,413.000,1878,150,17,0.060714,3.400000,72.341393,6.701475,0.904267,0.247633,0.340829,3.109771,0.201422,60.185932,1077,0.340829,-2.649468183517456,5,0.294118,0.00402397,0.00402397,-0.00000032,0.00402397,0.00402397,0.00000000,1.197867,1.200533,-0.002226,0.025586,0.025550,0.001432,0.950632,0.950728,0.000096,0.00149339,1.67876253,1.000000
pkdd8,PKDD-8,407,409.000,414.000,1875,150,18,0.064286,3.600000,72.061417,7.286088,0.900768,0.246581,0.331483,3.085915,0.359213,58.846901,1045,0.331483,-2.643554925918579,4,0.222222,0.00389132,0.00389132,-0.00000007,0.00389132,0.00389132,0.00000000,1.185247,1.187465,-0.001872,0.024072,0.024041,0.001291,0.953383,0.953461,0.000078,0.00176070,1.53369396,1.000000
pkdd8,PKDD-8,408,410.000,415.000,1803,150,17,0.060714,3.400000,71.980698,7.725461,0.899759,0.260731,0.343927,2.816309,0.359213,53.986134,972,0.343927,-2.957965135574341,4,0.235294,0.00386866,0.00386866,0.00000013,0.00386866,0.00386866,0.00000000,1.192630,1.193747,-0.000936,0.024656,0.024613,0.001738,0.952507,0.952599,0.000092,0.00181373,1.47173439,1.000000
pkdd8,PKDD-8,409,411.000,416.000,1791,150,17,0.060714,3.400000,71.779053,7.867285,0.897238,0.274874,0.363910,2.830013,0.359213,54.563183,952,0.363910,-2.927557945251465,8,0.470588,0.00393620,0.00393620,0.00000020,0.00393620,0.00393620,0.00000000,1.199005,1.200663,-0.001383,0.025832,0.025791,0.001590,0.949726,0.949818,0.000093,0.00172514,1.43675761,1.000000
pkdd8,PKDD-8,410,412.000,417.000,1809,150,17,0.060714,3.400000,71.484413,7.789419,0.893555,0.297332,0.396819,3.104450,0.359213,59.603218,940,0.396819,-2.6011271476745605,8,0.470588,0.00403151,0.00403151,0.00000013,0.00403151,0.00403151,0.00000000,1.190164,1.191257,-0.000918,0.024594,0.024554,0.001616,0.952324,0.952407,0.000083,0.00164787,1.43313267,1.000000
pkdd8,PKDD-8,411,413.000,418.000,1830,150,16,0.057143,3.200000,71.067894,7.619335,0.888349,0.293371,0.390615,3.424735,1.387099,65.179749,942,0.390615,-2.236515760421753,10,0.625000,0.00410890,0.00410890,-0.00000025,0.00410890,0.00410890,0.00000000,1.192765,1.194384,-0.001358,0.024770,0.024723,0.001907,0.952011,0.952106,0.000096,0.00160729,1.38772384,1.000000
pkdd8,PKDD-8,412,414.000,419.000,1852,150,17,0.060714,3.400000,70.878914,6.992141,0.885986,0.288298,0.388050,3.506421,1.320557,67.639336,993,0.388050,-2.1082043647766113,11,0.647059,0.00427445,0.00427445,-0.00000054,0.00427445,0.00427445,0.00000000,1.203599,1.205141,-0.001282,0.026201,0.026150,0.001917,0.949086,0.949191,0.000105,0.00147847,1.43793109,1.000000
pkdd8,PKDD-8,413,415.000,420.000,1945,150,18,0.064286,3.600000,70.870941,6.369773,0.885887,0.269329,0.371181,3.798222,1.320557,73.060455,1087,0.371181,-1.7589454650878906,11,0.611111,0.00442232,0.00442232,-0.00000023,0.00442232,0.00442232,0.00000000,1.188557,1.190050,-0.001256,0.024348,0.024304,0.001789,0.952842,0.952937,0.000095,0.00172760,1.51640064,1.000000
pkdd8,PKDD-8,414,416.000,421.000,2010,150,19,0.067857,3.800000,70.866837,5.892047,0.885835,0.269094,0.369111,4.051371,1.320557,77.788132,1152,0.369111,-1.4507232904434204,6,0.315789,0.00462579,0.00462579,-0.00000078,0.00462579,0.00462579,0.00000000,1.190431,1.191378,-0.000796,0.024440,0.024395,0.001842,0.952868,0.952965,0.000097,0.00228815,1.62969131,1.000000
pkdd8,PKDD-8,415,417.000,422.000,2111,150,21,0.075000,4.200000,70.991905,5.659747,0.887399,0.243636,0.330827,4.058778,0.813598,78.185585,1253,0.330827,-1.4018330574035645,7,0.333333,0.00487363,0.00487364,-0.00000106,0.00487363,0.00487363,0.00000000,1.198226,1.199557,-0.001110,0.025448,0.025398,0.001992,0.950935,0.951049,0.000113,0.00220329,1.77640436,1.000000
pkdd8,PKDD-8,416,418.000,423.000,2255,150,23,0.082143,4.600000,71.140816,5.734637,0.889260,0.251126,0.338317,3.868358,0.813598,74.730621,1357,0.338317,-1.5750449895858765,3,0.130435,0.00508842,0.00508843,-0.00000101,0.00508842,0.00508842,0.00000000,1.188497,1.188917,-0.000353,0.024401,0.024363,0.001556,0.952831,0.952921,0.000090,0.00235832,1.95753804,1.000000
pkdd8,PKDD-8,417,419.000,424.000,2382,150,22,0.078571,4.400000,71.464180,5.932380,0.893302,0.252393,0.336788,3.611694,0.795166,69.797058,1433,0.336788,-1.8942821025848389,3,0.136364,0.00523429,0.00523429,-0.00000079,0.00523429,0.00523429,0.00000000,1.180635,1.181448,-0.000689,0.023469,0.023433,0.001572,0.954606,0.954698,0.000092,0.00230973,2.16269468,1.000000
pkdd8,PKDD-8,418,420.000,425.000,2458,150,22,0.078571,4.400000,71.478325,6.154471,0.893479,0.262997,0.343828,3.376078,0.785457,65.436073,1508,0.343828,-2.1490981578826904,4,0.181818,0.00543225,0.00543226,-0.00000038,0.00543225,0.00543225,0.00000000,1.194714,1.195880,-0.000976,0.025336,0.025297,0.001530,0.950919,0.951016,0.000097,0.00237407,2.32517169,1.000000
pkdd8,PKDD-8,419,421.000,426.000,2573,150,22,0.078571,4.400000,71.202499,6.595715,0.890031,0.258627,0.337303,3.105983,0.785457,60.332771,1594,0.337303,-2.4283721446990967,4,0.181818,0.00550961,0.00550961,0.00000028,0.00550961,0.00550961,0.00000000,1.182612,1.183751,-0.000963,0.023621,0.023583,0.001612,0.954493,0.954587,0.000093,0.00227755,2.53614763,1.000000
pkdd8,PKDD-8,420,422.000,427.000,2634,150,23,0.082143,4.600000,70.946953,6.929412,0.886837,0.269241,0.348065,2.943990,0.785457,57.393433,1625,0.348065,-2.570521593093872,3,0.130435,0.00555609,0.00555609,0.00000019,0.00555609,0.00555609,0.00000000,1.175177,1.176295,-0.000951,0.022847,0.022818,0.001262,0.955664,0.955739,0.000075,0.00241932,3.01436630,1.000000
pkdd8,PKDD-8,421,423.000,428.000,2683,150,24,0.085714,4.800000,70.736900,7.273594,0.884211,0.271713,0.344660,2.784473,0.400032,54.457375,1673,0.344660,-2.707770824432373,4,0.166667,0.00573764,0.00573763,0.00000063,0.00573764,0.00573764,0.00000000,1.185252,1.187050,-0.001517,0.024190,0.024158,0.001335,0.953081,0.953169,0.000088,0.00280668,2.37227694,1.000000
pkdd8,PKDD-8,422,424.000,429.000,2780,150,25,0.089286,5.000000,70.636635,7.590095,0.882958,0.290409,0.362886,2.692955,0.400032,52.912254,1772,0.362886,-2.775014638900757,13,0.520000,0.00595977,0.00595977,0.00000060,0.00595977,0.00595977,0.00000000,1.180877,1.182603,-0.001462,0.023295,0.023263,0.001375,0.955209,0.955291,0.000082,0.00291405,2.15607474,1.000000
pkdd8,PKDD-8,423,425.000,430.000,2897,150,24,0.085714,4.800000,70.685616,7.818707,0.883570,0.285131,0.358615,2.585468,0.400032,51.186283,1889,0.358615,-2.916538715362549,12,0.500000,0.00597132,0.00597132,0.00000017,0.00597132,0.00597132,0.00000000,1.179883,1.181943,-0.001746,0.023183,0.023152,0.001327,0.955332,0.955417,0.000085,0.00277877,2.05939706,1.000000
pkdd8,PKDD-8,424,426.000,431.000,2913,150,24,0.085714,4.800000,70.823639,8.005204,0.885295,0.292340,0.369408,2.486447,0.400032,49.551723,1921,0.369408,-3.0340118408203125,16,0.666667,0.00599888,0.00599888,0.00000034,0.00599888,0.00599888,0.00000000,1.189208,1.192281,-0.002585,0.024471,0.024439,0.001295,0.952733,0.952822,0.000089,0.00305952,1.94931151,1.000000
pkdd8,PKDD-8,425,427.000,432.000,2928,150,24,0.085714,4.800000,70.704201,8.285388,0.883803,0.293607,0.378418,2.417419,0.400032,48.179363,1907,0.378418,-3.106794834136963,16,0.666667,0.00589799,0.00589799,0.00000052,0.00589799,0.00589799,0.00000000,1.188133,1.190925,-0.002350,0.024050,0.024016,0.001418,0.953682,0.953773,0.000092,0.00341406,1.93235542,1.000000
pkdd8,PKDD-8,426,428.000,433.000,2865,150,25,0.089286,5.000000,70.890404,8.326929,0.886130,0.292666,0.390187,2.545238,0.403700,50.848782,1840,0.390187,-2.9621777534484863,15,0.600000,0.00576140,0.00576139,0.00000054,0.00576140,0.00576140,0.00000000,1.183456,1.186029,-0.002175,0.023342,0.023304,0.001623,0.955109,0.955201,0.000092,0.00372114,1.81098114,1.000000
pkdd8,PKDD-8,427,429.000,434.000,2720,150,26,0.092857,5.200000,71.174644,8.311287,0.889683,0.275630,0.381395,2.633003,0.416694,53.019569,1705,0.381395,-2.8677146434783936,6,0.230769,0.00563679,0.00563679,0.00000018,0.00563679,0.00563679,0.00000000,1.189179,1.191514,-0.001964,0.024443,0.024403,0.001666,0.952512,0.952610,0.000098,0.00376865,1.68772773,1.000000
pkdd8,PKDD-8,428,430.000,435.000,2569,150,27,0.096429,5.400000,71.520317,8.263866,0.894004,0.286239,0.398241,2.680847,0.434103,54.516502,1525,0.398241,-2.8159098625183105,6,0.222222,0.00565943,0.00565943,0.00000000,0.00565943,0.00565943,0.00000000,1.199278,1.200882,-0.001337,0.025756,0.025706,0.001954,0.949870,0.949976,0.000106,0.00404132,1.61661494,1.000000
pkdd8,PKDD-8,429,431.000,436.000,2494,150,25,0.089286,5.000000,72.107056,8.242176,0.901338,0.262556,0.374454,2.768467,0.434103,57.060902,1433,0.374454,-2.793360471725464,2,0.080000,0.00570436,0.00570437,-0.00000009,0.00570436,0.00570436,0.00000000,1.202552,1.203788,-0.001027,0.026369,0.026324,0.001693,0.948430,0.948532,0.000102,0.00406020,1.69609735,1.000000
pkdd8,PKDD-8,430,432.000,437.000,2429,150,25,0.089286,5.000000,72.527740,8.639946,0.906597,0.251310,0.358052,2.823307,0.434103,58.146667,1368,0.358052,-2.7514426708221436,3,0.120000,0.00590866,0.00590866,0.00000009,0.00590866,0.00590866,0.00000000,1.200495,1.202558,-0.001718,0.026159,0.026114,0.001753,0.948908,0.949012,0.000105,0.00382745,1.84018161,1.000000
pkdd8,PKDD-8,431,433.000,438.000,2424,150,23,0.082143,4.600000,72.620514,9.202104,0.907756,0.244226,0.335774,2.626220,0.434103,53.763683,1337,0.335774,-3.0087974071502686,2,0.086957,0.00608035,0.00608035,0.00000008,0.00608035,0.00608035,0.00000000,1.209907,1.212343,-0.002013,0.027354,0.027296,0.002100,0.946790,0.946918,0.000128,0.00328118,2.29004413,1.000000
pkdd8,PKDD-8,432,434.000,439.000,2463,150,23,0.082143,4.600000,72.380287,9.850303,0.904754,0.248704,0.332103,2.607514,0.485704,51.963890,1328,0.332103,-3.0120935440063477,1,0.043478,0.00614290,0.00614289,0.00000017,0.00614290,0.00614290,0.00000000,1.219384,1.221817,-0.001995,0.028387,0.028328,0.002072,0.944926,0.945056,0.000130,0.00293088,2.29443505,1.000000
pkdd8,PKDD-8,433,435.000,440.000,2466,150,24,0.085714,4.800000,72.210243,10.623605,0.902628,0.230462,0.306313,2.728961,0.485704,52.446747,1330,0.306313,-2.843769073486328,4,0.166667,0.00623084,0.00623084,0.00000025,0.00623084,0.00623084,0.00000000,1.205066,1.208283,-0.002669,0.026580,0.026531,0.001824,0.948702,0.948816,0.000114,0.00253265,1.91312781,1.000000
pkdd8,PKDD-8,434,436.000,441.000,2487,150,24,0.085714,4.800000,72.573578,11.953838,0.907170,0.234712,0.308459,2.932558,0.485704,54.840244,1322,0.308459,-2.6375062465667725,4,0.166667,0.00632137,0.00632137,0.00000033,0.00632137,0.00632137,0.00000000,1.209813,1.212605,-0.002308,0.027023,0.026965,0.002156,0.947826,0.947956,0.000129,0.00232562,1.81037768,1.000000
pkdd8,PKDD-8,435,437.000,442.000,2507,150,23,0.082143,4.600000,73.380501,12.815022,0.917256,0.239020,0.319907,3.276864,0.485704,60.612644,1341,0.319907,-2.3265671730041504,3,0.130435,0.00631062,0.00631062,-0.00000016,0.00631062,0.00631062,0.00000000,1.218211,1.220217,-0.001646,0.028179,0.028118,0.002161,0.945725,0.945857,0.000133,0.00246567,1.72714674,1.000000
pkdd8,PKDD-8,436,438.000,443.000,2493,150,22,0.078571,4.400000,74.126152,13.639383,0.926577,0.230844,0.314946,3.570857,0.493186,65.046120,1327,0.314946,-2.0771398544311523,6,0.272727,0.00604256,0.00604256,-0.00000009,0.00604256,0.00604256,0.00000000,1.204395,1.206468,-0.001721,0.026407,0.026358,0.001877,0.948941,0.949048,0.000107,0.00228840,1.68468593,1.000000
pkdd8,PKDD-8,437,439.000,444.000,2412,150,20,0.071429,4.000000,74.935677,14.517803,0.936696,0.238603,0.321130,3.656779,0.503468,66.547997,1271,0.321130,-2.0831069946289062,11,0.550000,0.00574831,0.00574831,-0.00000018,0.00574831,0.00574831,0.00000000,1.210482,1.213890,-0.002816,0.027264,0.027202,0.002245,0.947349,0.947482,0.000132,0.00231806,1.73098480,1.000000
pkdd8,PKDD-8,438,440.000,445.000,2347,150,19,0.067857,3.800000,75.590981,15.237666,0.944887,0.248046,0.339127,3.535848,0.506810,65.303909,1206,0.339127,-2.288480520248413,14,0.736842,0.00547037,0.00547037,0.00000019,0.00547037,0.00547037,0.00000000,1.212766,1.215425,-0.002193,0.027505,0.027434,0.002566,0.946620,0.946766,0.000147,0.00243821,1.73749986,1.000000
pkdd8,PKDD-8,439,441.000,446.000,2256,150,19,0.067857,3.800000,75.583420,15.445823,0.944793,0.265518,0.369991,3.445519,0.523145,63.818363,1175,0.369991,-2.4028773307800293,41,2.157895,0.00507495,0.00507495,0.00000010,0.00507495,0.00507495,0.00000000,1.193959,1.196319,-0.001976,0.024974,0.024913,0.002460,0.951828,0.951952,0.000125,0.00240162,1.72587774,1.000000
pkdd8,PKDD-8,440,442.000,447.000,2119,150,19,0.067857,3.800000,75.672401,15.592990,0.945905,0.285683,0.396405,3.219798,0.546813,59.617065,1099,0.396405,-2.6736032962799072,58,3.052632,0.00467651,0.00467650,0.00000066,0.00467651,0.00467651,0.00000000,1.202112,1.205631,-0.002928,0.025993,0.025934,0.002288,0.949590,0.949724,0.000135,0.00215146,1.75853145,1.000000
pkdd8,PKDD-8,441,443.000,448.000,1989,150,18,0.064286,3.600000,75.714516,15.515657,0.946431,0.293526,0.406245,3.353579,0.590108,63.528530,999,0.406245,-2.5600838661193848,59,3.277778,0.00433979,0.00433979,0.00000071,0.00433979,0.00433979,0.00000000,1.209140,1.211828,-0.002223,0.026878,0.026817,0.002245,0.947841,0.947982,0.000141,0.00200675,1.81380938,1.000000
pkdd8,PKDD-8,442,444.000,449.000,1860,150,18,0.064286,3.600000,75.227890,14.991929,0.940349,0.272656,0.390618,3.469370,0.628160,66.604141,888,0.390618,-2.4158902168273926,55,3.055556,0.00394038,0.00394037,0.00000150,0.00394038,0.00394038,0.00000000,1.188948,1.190731,-0.001499,0.024218,0.024170,0.001995,0.953023,0.953141,0.000118,0.00183556,1.85330911,1.000000
pkdd8,PKDD-8,443,445.000,450.000,1683,150,17,0.060714,3.400000,74.380516,14.437783,0.929756,0.268466,0.387450,3.926088,0.688205,74.679848,741,0.387450,-1.888932704925537,49,2.882353,0.00358521,0.00358520,0.00000043,0.00358521,0.00358521,0.00000000,1.189644,1.192233,-0.002176,0.024370,0.024336,0.001382,0.952648,0.952747,0.000099,0.00158877,1.88335664,1.000000
pkdd8,PKDD-8,444,446.000,451.000,1545,150,17,0.060714,3.400000,73.751076,13.553820,0.921888,0.245985,0.358215,4.353505,0.747343,82.900375,599,0.358215,-1.3850983381271362,22,1.294118,0.00332214,0.00332214,0.00000000,0.00332214,0.00332214,0.00000000,1.204828,1.208276,-0.002862,0.026438,0.026402,0.001326,0.948548,0.948650,0.000102,0.00174721,1.92138600,1.000000
pkdd8,PKDD-8,445,447.000,452.000,1450,150,16,0.057143,3.200000,72.794312,12.495380,0.909929,0.202189,0.298298,4.676365,0.518575,89.776192,503,0.298298,-0.9929286241531372,6,0.375000,0.00314898,0.00314898,0.00000016,0.00314898,0.00314898,0.00000000,1.188937,1.192529,-0.003021,0.024605,0.024558,0.001929,0.951835,0.951946,0.000111,0.00135222,1.89521220,1.000000
pkdd8,PKDD-8,446,448.000,453.000,1392,150,16,0.057143,3.200000,71.601189,11.615843,0.895015,0.190434,0.274290,4.312451,0.518575,81.989143,475,0.274290,-1.323834776878357,2,0.125000,0.00308239,0.00308239,-0.00000017,0.00308239,0.00308239,0.00000000,1.189366,1.193736,-0.003674,0.024282,0.024234,0.001974,0.953008,0.953124,0.000116,0.00141047,1.81597321,1.000000
pkdd8,PKDD-8,447,449.000,454.000,1373,150,12,0.042857,2.400000,71.145439,11.419816,0.889318,0.199337,0.279054,4.286773,0.518575,79.553795,470,0.279054,-1.3984299898147583,1,0.083333,0.00318633,0.00318634,-0.00000073,0.00318633,0.00318633,0.00000000,1.204196,1.207692,-0.002904,0.026201,0.026153,0.001828,0.948971,0.949078,0.000107,0.00153768,1.72842330,1.000000
pkdd8,PKDD-8,448,450.000,455.000,1430,150,13,0.046429,2.600000,71.024063,11.332289,0.887801,0.195520,0.269307,4.058641,0.518575,73.849030,527,0.269307,-1.6259719133377075,1,0.076923,0.00313597,0.00313597,-0.00000025,0.00313597,0.00313597,0.00000000,1.196229,1.199721,-0.002919,0.025368,0.025317,0.002002,0.950612,0.950723,0.000111,0.00166863,1.62705424,1.000000
pkdd8,PKDD-8,449,451.000,456.000,1432,150,12,0.042857,2.400000,70.239815,11.380757,0.877998,0.198851,0.273849,3.769494,0.518575,66.612915,558,0.273849,-1.9120842218399048,1,0.083333,0.00326578,0.00326578,-0.00000032,0.00326578,0.00326578,0.00000000,1.186307,1.189598,-0.002775,0.024046,0.023990,0.002348,0.953359,0.953490,0.000130,0.00171517,1.80769279,1.000000
pkdd8,PKDD-8,450,452.000,457.000,1519,150,15,0.053571,3.000000,70.084221,11.058517,0.876053,0.213285,0.293199,4.279585,0.686562,76.444496,646,0.293199,-1.2726762294769287,0,0.000000,0.00339866,0.00339866,-0.00000038,0.00339866,0.00339866,0.00000000,1.183240,1.185741,-0.002114,0.023750,0.023706,0.001860,0.954231,0.954338,0.000107,0.00153798,2.14896014,1.000000
pkdd8,PKDD-8,451,453.000,458.000,1599,150,16,0.057143,3.200000,70.446854,10.603230,0.880586,0.231888,0.318124,4.609143,0.986609,84.350784,726,0.318124,-0.9036037921905518,0,0.000000,0.00358086,0.00358086,-0.00000007,0.00358086,0.00358086,0.00000000,1.190224,1.192580,-0.001979,0.024568,0.024525,0.001726,0.952635,0.952730,0.000095,0.00202753,4.09322026,1.000000
pkdd8,PKDD-8,452,454.000,459.000,1698,150,16,0.057143,3.200000,70.780853,10.074534,0.884761,0.237265,0.329425,4.591799,1.283859,85.718124,825,0.329425,-0.9387428760528564,0,0.000000,0.00371872,0.00371872,-0.00000042,0.00371872,0.00371872,0.00000000,1.192417,1.195246,-0.002373,0.024925,0.024883,0.001687,0.952085,0.952181,0.000096,0.00276425,2.02256388,1.000000
pkdd8,PKDD-8,453,455.000,460.000,1767,150,17,0.060714,3.400000,71.464912,9.482311,0.893311,0.245971,0.345058,4.362370,0.875884,82.286499,920,0.345058,-1.2116541862487793,6,0.352941,0.00385090,0.00385091,-0.00000033,0.00385090,0.00385090,0.00000000,1.186543,1.188731,-0.001844,0.023989,0.023950,0.001624,0.953841,0.953928,0.000087,0.00282490,1.71860041,1.000000
pkdd8,PKDD-8,454,456.000,461.000,1828,150,16,0.057143,3.200000,72.077957,8.876555,0.900974,0.253475,0.353206,4.090270,0.875884,77.787941,985,0.353206,-1.5748540163040161,6,0.375000,0.00376517,0.00376517,-0.00000014,0.00376517,0.00376517,0.00000000,1.194273,1.197080,-0.002351,0.024957,0.024927,0.001200,0.951942,0.952014,0.000072,0.00261594,1.62883269,1.000000
pkdd8,PKDD-8,455,457.000,462.000,1781,150,15,0.053571,3.000000,72.252716,8.503530,0.903159,0.246561,0.342212,3.384585,0.853870,64.893738,967,0.342212,-2.39410138130188,6,0.400000,0.00360368,0.00360368,0.00000000,0.00360368,0.00360368,0.00000000,1.201528,1.204465,-0.002445,0.025794,0.025766,0.001100,0.950155,0.950228,0.000073,0.00241006,1.54776336,1.000000
pkdd8,PKDD-8,456,458.000,463.000,1702,150,14,0.050000,2.800000,72.139771,8.278581,0.901747,0.239419,0.333390,2.764362,0.851853,53.209400,918,0.333390,-3.096302032470703,6,0.428571,0.00355377,0.00355377,-0.00000043,0.00355377,0.00355377,0.00000000,1.189737,1.192721,-0.002508,0.024662,0.024648,0.000561,0.951984,0.952039,0.000056,0.00233725,1.42454295,1.000000
pkdd8,PKDD-8,457,459.000,464.000,1676,150,15,0.053571,3.000000,72.482933,8.319362,0.906037,0.245523,0.341502,2.462502,0.851853,48.288368,922,0.341502,-3.429811954498291,6,0.400000,0.00363924,0.00363924,-0.00000014,0.00363924,0.00363924,0.00000000,1.181449,1.184348,-0.002453,0.023371,0.023365,0.000266,0.954438,0.954484,0.000047,0.00262805,1.42977213,1.000000
pkdd8,PKDD-8,458,460.000,465.000,1725,150,16,0.057143,3.200000,73.055717,9.038118,0.913196,0.255393,0.346117,2.670000,0.851853,53.949104,946,0.346117,-3.208566188812256,0,0.000000,0.00384185,0.00384185,0.00000027,0.00384185,0.00384185,0.00000000,1.200878,1.204171,-0.002742,0.025793,0.025778,0.000594,0.950036,0.950102,0.000066,0.00286378,1.39616187,1.000000
pkdd8,PKDD-8,459,461.000,466.000,1822,150,16,0.057143,3.200000,73.865982,9.593522,0.923325,0.235431,0.326083,2.940647,0.851853,60.671478,1013,0.326083,-2.951005458831787,0,0.000000,0.00406924,0.00406924,0.00000013,0.00406924,0.00406924,0.00000000,1.189501,1.192651,-0.002648,0.024192,0.024174,0.000712,0.953293,0.953358,0.000064,0.00317869,1.31515812,1.000000
pkdd8,PKDD-8,460,462.000,467.000,1905,150,17,0.060714,3.400000,74.434669,10.138260,0.930433,0.251290,0.347186,3.061107,0.851853,63.714176,1066,0.347186,-2.81697678565979,0,0.000000,0.00451531,0.00451531,-0.00000023,0.00451531,0.00451531,0.00000000,1.197237,1.200095,-0.002388,0.024957,0.024927,0.001186,0.951988,0.952066,0.000078,0.00338950,1.31666926,1.000000
pkdd8,PKDD-8,461,463.000,468.000,2099,150,21,0.075000,4.200000,74.566772,10.531466,0.932085,0.259453,0.356212,3.412264,0.857062,69.458000,1230,0.356212,-2.3447771072387695,0,0.000000,0.00484955,0.00484955,0.00000000,0.00484955,0.00484955,0.00000000,1.202588,1.205266,-0.002226,0.025643,0.025604,0.001525,0.950743,0.950833,0.000090,0.00380233,1.39559812,1.000000
pkdd8,PKDD-8,462,464.000,469.000,2241,150,22,0.078571,4.400000,74.318123,10.850422,0.928977,0.250339,0.343239,3.727185,0.885593,73.952530,1342,0.343239,-1.956718921661377,0,0.000000,0.00494384,0.00494384,-0.00000042,0.00494384,0.00494384,0.00000000,1.201417,1.204515,-0.002579,0.025438,0.025394,0.001715,0.951210,0.951306,0.000096,0.00367696,1.41585985,1.000000
pkdd8,PKDD-8,463,465.000,470.000,2259,150,22,0.078571,4.400000,73.926224,10.915998,0.924078,0.234659,0.324887,3.822086,0.923791,74.301598,1359,0.324887,-1.8195573091506958,0,0.000000,0.00513867,0.00513867,-0.00000040,0.00513867,0.00513867,0.00000000,1.195343,1.198361,-0.002525,0.024507,0.024462,0.001841,0.953181,0.953279,0.000098,0.00353048,1.50850292,1.000000
pkdd8,PKDD-8,464,466.000,471.000,2319,150,24,0.085714,4.800000,73.398376,10.804060,0.917480,0.250072,0.339818,3.784320,0.976931,71.980194,1419,0.339818,-1.7822554111480713,0,0.000000,0.00531629,0.00531629,-0.00000039,0.00531629,0.00531629,0.00000000,1.210921,1.213005,-0.001721,0.026740,0.026691,0.001836,0.948535,0.948637,0.000102,0.00339513,1.67942078,1.000000
pkdd8,PKDD-8,465,467.000,472.000,2399,150,22,0.078571,4.400000,73.088776,10.495695,0.913610,0.260873,0.352755,3.838212,1.015684,71.805107,1499,0.352755,-1.7407135963439941,0,0.000000,0.00536001,0.00536001,-0.00000010,0.00536001,0.00536001,0.00000000,1.211554,1.214048,-0.002058,0.026984,0.026941,0.001598,0.948034,0.948128,0.000094,0.00336224,1.81102840,1.000000
pkdd8,PKDD-8,466,468.000,473.000,2406,150,22,0.078571,4.400000,72.993698,10.055933,0.912421,0.258394,0.348268,3.658197,0.836656,68.119255,1506,0.348268,-1.9364087581634521,2,0.090909,0.00530464,0.00530464,0.00000019,0.00530464,0.00530464,0.00000000,1.192308,1.195266,-0.002481,0.024335,0.024300,0.001422,0.953220,0.953304,0.000084,0.00311839,1.88966781,1.000000
pkdd8,PKDD-8,467,469.000,474.000,2366,150,20,0.071429,4.000000,72.689575,9.497187,0.908620,0.259537,0.351746,3.303073,0.836656,61.213982,1466,0.351746,-2.346543312072754,6,0.300000,0.00540861,0.00540861,0.00000038,0.00540861,0.00540861,0.00000000,1.203086,1.206005,-0.002426,0.025985,0.025950,0.001384,0.949830,0.949917,0.000087,0.00295754,1.90067019,1.000000
pkdd8,PKDD-8,468,470.000,475.000,2398,150,21,0.075000,4.200000,72.192734,8.795814,0.902409,0.279007,0.372253,2.950587,0.783811,55.084698,1498,0.372253,-2.6802942752838135,10,0.476190,0.00557482,0.00557482,-0.00000009,0.00557482,0.00557482,0.00000000,1.200573,1.203029,-0.002046,0.025721,0.025687,0.001331,0.950144,0.950224,0.000081,0.00300429,1.85555254,1.000000
pkdd8,PKDD-8,469,471.000,476.000,2443,150,22,0.078571,4.400000,71.546028,8.076654,0.894325,0.279226,0.371345,2.816482,0.783811,53.325794,1514,0.371345,-2.7588393688201904,15,0.681818,0.00583785,0.00583785,0.00000000,0.00583785,0.00583785,0.00000000,1.197161,1.199527,-0.001976,0.025197,0.025157,0.001581,0.951442,0.951531,0.000090,0.00279790,1.84296845,1.000000
pkdd8,PKDD-8,470,472.000,477.000,2536,150,24,0.085714,4.800000,70.714447,7.473816,0.883931,0.260538,0.347641,2.716570,0.783811,51.784653,1565,0.347641,-2.7650704383850098,20,0.833333,0.00618388,0.00618388,-0.00000017,0.00618388,0.00618388,0.00000000,1.202403,1.204281,-0.001561,0.025992,0.025947,0.001723,0.949783,0.949885,0.000102,0.00320485,1.79577600,1.000000
pkdd8,PKDD-8,471,473.000,478.000,2663,150,25,0.089286,5.000000,69.903404,7.110423,0.873793,0.246901,0.334780,2.786911,0.783811,53.112793,1662,0.334780,-2.6002542972564697,18,0.720000,0.00661610,0.00661610,-0.00000008,0.00661610,0.00661610,0.00000000,1.208818,1.210935,-0.001751,0.027050,0.027001,0.001794,0.947553,0.947662,0.000109,0.00365195,1.78802714,1.000000
pkdd8,PKDD-8,472,474.000,479.000,2835,150,24,0.085714,4.800000,69.502129,6.979428,0.868777,0.236714,0.328103,3.027818,0.732226,57.830124,1804,0.328103,-2.31548810005188,15,0.625000,0.00693942,0.00693943,-0.00000015,0.00693942,0.00693942,0.00000000,1.204446,1.205793,-0.001119,0.026595,0.026549,0.001743,0.948450,0.948556,0.000106,0.00356005,1.85705227,1.000000
pkdd8,PKDD-8,473,475.000,480.000,2969,150,24,0.085714,4.800000,69.225121,6.959865,0.865314,0.225050,0.313332,3.270856,0.713669,62.166374,1908,0.313332,-2.0277864933013916,11,0.458333,0.00695939,0.00695939,-0.00000015,0.00695939,0.00695939,0.00000000,1.205470,1.207805,-0.001937,0.026861,0.026813,0.001758,0.947822,0.947937,0.000114,0.00329205,1.96324516,1.000000
pkdd8,PKDD-8,474,476.000,481.000,2998,150,24,0.085714,4.800000,69.044167,7.040444,0.863052,0.221361,0.305536,3.443681,0.669410,64.938835,1922,0.305536,-1.8305082321166992,8,0.333333,0.00680421,0.00680421,-0.00000038,0.00680421,0.00680421,0.00000000,1.201488,1.203854,-0.001970,0.026548,0.026501,0.001763,0.948204,0.948319,0.000115,0.00331065,1.99408352,1.000000
pkdd8,PKDD-8,475,477.000,482.000,2958,150,24,0.085714,4.800000,69.020706,7.099973,0.862759,0.207981,0.290297,3.565648,0.640871,67.202713,1865,0.290297,-1.7112064361572266,4,0.166667,0.00633542,0.00633542,-0.00000032,0.00633542,0.00633542,0.00000000,1.195307,1.197473,-0.001812,0.025796,0.025753,0.001672,0.949695,0.949803,0.000108,0.00330256,2.05255281,1.000000
pkdd8,PKDD-8,476,478.000,483.000,2770,150,24,0.085714,4.800000,69.258476,7.031454,0.865731,0.210091,0.288870,3.637877,0.640871,68.555756,1677,0.288870,-1.6684787273406982,4,0.166667,0.00573294,0.00573294,-0.00000018,0.00573294,0.00573294,0.00000000,1.204671,1.205859,-0.000986,0.026894,0.026842,0.001952,0.947758,0.947876,0.000117,0.00298452,2.14160355,1.000000
pkdd8,PKDD-8,477,479.000,484.000,2526,150,22,0.078571,4.400000,69.446274,7.049348,0.868078,0.217739,0.294459,3.632805,0.640871,67.963943,1433,0.294459,-1.73908269405365,3,0.136364,0.00536134,0.00536134,0.00000019,0.00536134,0.00536134,0.00000000,1.204602,1.205858,-0.001042,0.026618,0.026567,0.001917,0.948337,0.948451,0.000114,0.00275671,2.03949658,1.000000
pkdd8,PKDD-8,478,480.000,485.000,2390,150,24,0.085714,4.800000,69.613564,7.276250,0.870170,0.229495,0.313793,3.883988,0.640871,72.209297,1297,0.313793,-1.4387917518615723,3,0.125000,0.00517147,0.00517147,0.00000030,0.00517147,0.00517147,0.00000000,1.206253,1.206687,-0.000360,0.026899,0.026846,0.001967,0.947957,0.948070,0.000113,0.00277848,1.88277083,1.000000
pkdd8,PKDD-8,479,481.000,486.000,2303,150,24,0.085714,4.800000,69.617035,7.514817,0.870213,0.246150,0.342897,4.019462,0.640871,74.884224,1224,0.342897,-1.2887786626815796,2,0.083333,0.00517138,0.00517137,0.00000030,0.00517138,0.00517138,0.00000000,1.208405,1.209272,-0.000717,0.027179,0.027132,0.001761,0.947308,0.947416,0.000107,0.00327316,1.73441591,1.000000
pkdd8,PKDD-8,480,482.000,487.000,2308,150,23,0.082143,4.600000,69.363869,8.107013,0.867048,0.265089,0.365643,4.287305,0.968481,78.543388,1258,0.365643,-0.9951704740524292,3,0.130435,0.00517975,0.00517975,0.00000010,0.00517975,0.00517975,0.00000000,1.197021,1.199574,-0.002133,0.025829,0.025788,0.001596,0.949840,0.949942,0.000102,0.00348504,1.64161667,1.000000
pkdd8,PKDD-8,481,483.000,488.000,2350,150,21,0.075000,4.200000,68.915054,8.689254,0.861438,0.278495,0.384494,4.288968,0.968481,79.168571,1300,0.384494,-0.9964803457260132,3,0.142857,0.00539297,0.00539298,-0.00000038,0.00539297,0.00539297,0.00000000,1.197437,1.200240,-0.002341,0.026050,0.026009,0.001584,0.949260,0.949367,0.000107,0.00347881,1.54285111,1.000000
pkdd8,PKDD-8,482,484.000,489.000,2497,150,23,0.082143,4.600000,68.691628,9.008613,0.858645,0.277382,0.388837,4.067781,0.879047,75.938118,1420,0.388837,-1.1889251470565796,6,0.260870,0.00537757,0.00537757,-0.00000029,0.00537757,0.00537757,0.00000000,1.185053,1.188217,-0.002669,0.024461,0.024421,0.001667,0.952520,0.952626,0.000106,0.00366463,1.47383069,1.000000
pkdd8,PKDD-8,483,485.000,490.000,2529,150,23,0.082143,4.600000,68.687218,9.239275,0.858590,0.276352,0.395100,3.607157,0.670906,67.308075,1452,0.395100,-1.7050976753234863,10,0.434783,0.00522573,0.00522573,-0.00000039,0.00522573,0.00522573,0.00000000,1.189403,1.192171,-0.002327,0.024808,0.024769,0.001569,0.951791,0.951890,0.000099,0.00385211,1.38173819,1.000000
pkdd8,PKDD-8,484,486.000,491.000,2529,150,24,0.085714,4.800000,68.852760,9.419267,0.860660,0.277996,0.405752,3.276707,0.639333,60.144821,1452,0.405752,-2.0726497173309326,17,0.708333,0.00494752,0.00494752,-0.00000031,0.00494752,0.00494752,0.00000000,1.190749,1.194024,-0.002750,0.024735,0.024701,0.001345,0.952122,0.952210,0.000088,0.00368878,1.30272785,1.000000
pkdd8,PKDD-8,485,487.000,492.000,2443,150,23,0.082143,4.600000,69.163185,9.306169,0.864540,0.296489,0.438860,2.643480,0.549861,49.432831,1375,0.438860,-2.8179216384887695,15,0.652174,0.00484402,0.00484403,-0.00000021,0.00484402,0.00484402,0.00000000,1.190871,1.192946,-0.001742,0.024577,0.024540,0.001489,0.952423,0.952511,0.000089,0.00376172,1.22616990,1.000000
pkdd8,PKDD-8,486,488.000,493.000,2410,150,21,0.075000,4.200000,69.353630,9.115554,0.866920,0.292679,0.431687,2.251180,0.463297,41.870823,1372,0.431687,-3.309748649597168,15,0.714286,0.00469719,0.00469719,-0.00000022,0.00469719,0.00469719,0.00000000,1.181082,1.183639,-0.002164,0.023136,0.023104,0.001349,0.955333,0.955413,0.000081,0.00382348,1.11477397,1.000000
pkdd8,PKDD-8,487,489.000,494.000,2347,150,21,0.075000,4.200000,69.264961,9.162858,0.865812,0.300686,0.437076,2.016895,0.305673,37.147343,1344,0.437076,-3.568342685699463,20,0.952381,0.00457972,0.00457972,-0.00000045,0.00457972,0.00457972,0.00000000,1.194602,1.197649,-0.002551,0.024802,0.024769,0.001359,0.951993,0.952084,0.000091,0.00392672,1.00543173,1.000000
pkdd8,PKDD-8,488,490.000,495.000,2297,150,18,0.064286,3.600000,69.182480,9.041104,0.864781,0.296558,0.426990,1.848486,0.296544,34.290749,1324,0.426990,-3.81367826461792,19,1.055556,0.00445158,0.00445158,-0.00000012,0.00445158,0.00445158,0.00000000,1.190775,1.194357,-0.003009,0.024233,0.024196,0.001523,0.953116,0.953214,0.000098,0.00403089,0.93565659,1.000000
pkdd8,PKDD-8,489,491.000,496.000,2233,150,18,0.064286,3.600000,68.963783,8.936153,0.862047,0.284955,0.405531,1.666427,0.241434,31.860220,1290,0.405531,-4.00607442855835,11,0.611111,0.00433656,0.00433656,0.00000024,0.00433656,0.00433656,0.00000000,1.180027,1.183692,-0.003106,0.022672,0.022632,0.001754,0.956350,0.956460,0.000110,0.00404050,0.86018057,1.000000
pkdd8,PKDD-8,490,492.000,497.000,2183,150,17,0.060714,3.400000,68.825768,8.776366,0.860322,0.262384,0.359188,1.760926,0.150821,33.731323,1278,0.359188,-3.9187631607055664,12,0.705882,0.00416176,0.00416176,0.00000000,0.00416176,0.00416176,0.00000000,1.186102,1.189910,-0.003210,0.023388,0.023348,0.001718,0.955018,0.955131,0.000114,0.00409859,0.78441694,1.000000
pkdd8,PKDD-8,491,493.000,498.000,2101,150,17,0.060714,3.400000,68.685944,8.556651,0.858574,0.260413,0.362772,1.926620,0.150821,36.667789,1226,0.362772,-3.7314260005950928,15,0.882353,0.00402153,0.00402153,0.00000032,0.00402153,0.00402153,0.00000000,1.193501,1.196947,-0.002888,0.024120,0.024073,0.001952,0.953701,0.953835,0.000134,0.00408603,0.69222805,1.000000
pkdd8,PKDD-8,492,494.000,499.000,2031,150,18,0.064286,3.600000,68.500992,8.130979,0.856262,0.258002,0.360501,2.325076,0.150821,43.275806,1217,0.360501,-3.264224052429199,7,0.388889,0.00386063,0.00386063,0.00000053,0.00386063,0.00386063,0.00000000,1.189841,1.193433,-0.003019,0.023643,0.023600,0.001820,0.954972,0.955107,0.000135,0.00395612,0.59423342,1.000000
pkdd8,PKDD-8,493,495.000,500.000,1949,150,18,0.064286,3.600000,68.198082,7.713487,0.852476,0.253500,0.351364,2.754979,0.150821,50.649345,1195,0.351364,-2.777341365814209,4,0.222222,0.00362054,0.00362054,0.00000021,0.00362054,0.00362054,0.00000000,1.180921,1.184211,-0.002786,0.022759,0.022726,0.001477,0.956588,0.956710,0.000121,0.00392587,0.47599174,1.000000
pkdd8,PKDD-8,494,496.000,501.000,1824,150,17,0.060714,3.400000,68.167610,7.297203,0.852095,0.269281,0.364479,3.279757,0.150821,59.868790,1130,0.364479,-2.217571973800659,4,0.235294,0.00350154,0.00350154,0.00000000,0.00350154,0.00350154,0.00000000,1.193364,1.196224,-0.002397,0.024774,0.024742,0.001295,0.952323,0.952435,0.000112,0.00384259,0.36117655,1.000000
pkdd8,PKDD-8,495,497.000,502.000,1748,150,19,0.067857,3.800000,67.764114,7.386546,0.847051,0.280545,0.373165,3.581824,0.488394,65.534225,1097,0.373165,-1.8238193988800049,3,0.157895,0.00334090,0.00334090,0.00000046,0.00334090,0.00334090,0.00000000,1.188257,1.191283,-0.002547,0.024204,0.024174,0.001258,0.953415,0.953525,0.000111,0.00380061,0.24915965,1.000000
pkdd8,PKDD-8,496,498.000,503.000,1652,150,18,0.064286,3.600000,67.652420,7.588603,0.845655,0.287647,0.369287,3.615935,0.577676,66.274261,1031,0.369287,-1.8065626621246338,0,0.000000,0.00312748,0.00312748,0.00000016,0.00312748,0.00312748,0.00000000,1.192283,1.195553,-0.002743,0.025025,0.025004,0.000858,0.951551,0.951637,0.000086,0.00363272,0.10448037,1.000000
pkdd8,PKDD-8,497,499.000,504.000,1529,150,17,0.060714,3.400000,68.002403,7.891813,0.850030,0.289327,0.366986,3.361670,0.652538,62.729942,949,0.366986,-2.136028528213501,3,0.176471,0.00297177,0.00297177,0.00000035,0.00297177,0.00297177,0.00000000,1.179666,1.182451,-0.002361,0.023457,0.023436,0.000935,0.954241,0.954313,0.000072,0.00341898,0.08233058,1.000000
pkdd8,PKDD-8,498,500.000,505.000,1436,150,14,0.050000,2.800000,68.324272,8.445755,0.854053,0.300849,0.373858,3.069844,0.935232,58.466293,886,0.373858,-2.536860466003418,4,0.285714,0.00302721,0.00302721,-0.00000025,0.00302721,0.00302721,0.00000000,1.190311,1.193080,-0.002326,0.024858,0.024831,0.001089,0.951521,0.951610,0.000090,0.00342888,0.08273409,1.000000
pkdd8,PKDD-8,499,501.000,506.000,1445,150,14,0.050000,2.800000,68.481056,9.049892,0.856013,0.294827,0.369228,2.654529,0.956514,51.649948,925,0.369228,-3.002082109451294,4,0.285714,0.00316738,0.00316738,-0.00000016,0.00316738,0.00316738,0.00000000,1.190033,1.192691,-0.002233,0.024842,0.024817,0.001003,0.951541,0.951626,0.000085,0.00343849,0.40519226,1.000000
pkdd8,PKDD-8,500,502.000,507.000,1505,150,15,0.053571,3.000000,69.074547,9.185242,0.863432,0.304932,0.399286,2.450583,0.985718,48.066471,929,0.399286,-3.2322444915771484,4,0.266667,0.00353606,0.00353606,-0.00000044,0.00353606,0.00353606,0.00000000,1.206691,1.208483,-0.001485,0.026722,0.026694,0.001042,0.948086,0.948179,0.000093,0.00383758,0.68825900,1.000000
pkdd8,PKDD-8,501,503.000,508.000,1674,150,17,0.060714,3.400000,69.253609,9.426525,0.865670,0.314477,0.423267,2.378517,0.613828,46.433250,1009,0.423267,-3.2723312377929688,4,0.235294,0.00385245,0.00385245,-0.00000060,0.00385245,0.00385245,0.00000000,1.188430,1.190634,-0.001854,0.024416,0.024390,0.001062,0.952644,0.952727,0.000083,0.00391488,0.88895242,1.000000
pkdd8,PKDD-8,502,504.000,509.000,1815,150,16,0.057143,3.200000,69.235298,9.940104,0.865441,0.330012,0.447683,2.361892,0.613828,45.438450,1040,0.447683,-3.2974720001220703,1,0.062500,0.00417011,0.00417011,-0.00000074,0.00417011,0.00417011,0.00000000,1.194686,1.196730,-0.001711,0.025338,0.025308,0.001199,0.950939,0.951027,0.000088,0.00377915,1.05251757,1.000000
pkdd8,PKDD-8,503,505.000,510.000,1957,150,16,0.057143,3.200000,69.166420,10.577617,0.864580,0.326742,0.459399,2.346008,0.613828,43.962532,1062,0.459399,-3.3024399280548096,0,0.000000,0.00439360,0.00439361,-0.00000047,0.00439360,0.00439360,0.00000000,1.200580,1.202997,-0.002013,0.026084,0.026045,0.001500,0.949557,0.949664,0.000106,0.00350567,1.20855411,1.000000
pkdd8,PKDD-8,504,506.000,511.000,2069,150,17,0.060714,3.400000,69.045410,11.329193,0.863068,0.326581,0.484926,2.379396,0.613828,42.533089,1054,0.484926,-3.240304708480835,2,0.117647,0.00433511,0.00433511,-0.00000047,0.00433511,0.00433511,0.00000000,1.186523,1.188477,-0.001646,0.024068,0.024026,0.001725,0.953721,0.953832,0.000111,0.00317302,1.32673821,1.000000
pkdd8,PKDD-8,505,507.000,512.000,2048,150,17,0.060714,3.400000,68.824738,12.474540,0.860309,0.330189,0.493437,2.315468,0.613828,40.382370,999,0.493437,-3.3013038635253906,3,0.176471,0.00422738,0.00422738,-0.00000030,0.00422738,0.00422738,0.00000000,1.183042,1.185536,-0.002108,0.023783,0.023740,0.001808,0.954253,0.954363,0.000110,0.00281959,1.40848219,1.000000
pkdd8,PKDD-8,506,508.000,513.000,2005,150,17,0.060714,3.400000,68.517700,13.663343,0.856471,0.316664,0.491793,2.549718,0.659441,44.802952,955,0.491793,-3.0238592624664307,3,0.176471,0.00418277,0.00418277,-0.00000018,0.00418277,0.00418277,0.00000000,1.192868,1.194375,-0.001263,0.024843,0.024797,0.001828,0.952270,0.952388,0.000118,0.00260411,1.49716801,1.000000
pkdd8,PKDD-8,507,509.000,514.000,1991,150,19,0.067857,3.800000,67.940529,14.797057,0.849257,0.311552,0.509398,2.851530,0.657298,50.690414,941,0.509398,-2.6138670444488525,3,0.157895,0.00417252,0.00417252,-0.00000018,0.00417252,0.00417252,0.00000000,1.180814,1.182320,-0.001276,0.023174,0.023128,0.001979,0.955417,0.955542,0.000125,0.00245320,1.62784861,1.000000
pkdd8,PKDD-8,508,510.000,515.000,1991,150,18,0.064286,3.600000,67.085907,16.064156,0.838574,0.304989,0.510220,3.233453,0.623028,57.825226,949,0.510220,-2.1574363708496094,3,0.166667,0.00413899,0.00413899,0.00000012,0.00413899,0.00413899,0.00000000,1.174112,1.175635,-0.001297,0.022288,0.022253,0.001601,0.957149,0.957247,0.000098,0.00255514,1.80146268,0.998629
pkdd8,PKDD-8,509,511.000,516.000,1970,150,17,0.060714,3.400000,66.223511,17.413586,0.827794,0.276998,0.462534,3.556770,0.607172,64.884399,958,0.462534,-1.7630157470703125,1,0.058824,0.00417264,0.00417264,0.00000037,0.00417264,0.00417264,0.00000000,1.194937,1.196962,-0.001695,0.024974,0.024936,0.001500,0.951864,0.951971,0.000107,0.00252448,2.02420374,0.995899
pkdd8,PKDD-8,510,512.000,517.000,1975,150,16,0.057143,3.200000,65.360840,18.294720,0.817010,0.246034,0.419723,3.950406,0.584676,71.923309,993,0.419723,-1.2968640327453613,0,0.000000,0.00403753,0.00403752,0.00000013,0.00403753,0.00403753,0.00000000,1.169110,1.171204,-0.001791,0.021469,0.021435,0.001608,0.958678,0.958775,0.000097,0.00203119,2.42398882,0.992932
pkdd8,PKDD-8,511,513.000,518.000,1910,150,15,0.053571,3.000000,64.317070,19.200909,0.803963,0.235349,0.391074,4.123691,0.573194,73.706505,958,0.391074,-1.067238688468933,0,0.000000,0.00380654,0.00380654,0.00000000,0.00380654,0.00380654,0.00000000,1.172471,1.174682,-0.001886,0.021987,0.021952,0.001569,0.957692,0.957785,0.000093,0.00206352,2.50988453,0.985075
pkdd8,PKDD-8,512,514.000,519.000,1809,150,14,0.050000,2.800000,63.178551,20.038034,0.789732,0.209979,0.321216,4.289845,0.562521,75.082458,887,0.321216,-0.8389891386032104,0,0.000000,0.00359067,0.00359067,-0.00000029,0.00359067,0.00359067,0.00000000,1.180604,1.182927,-0.001967,0.023246,0.023218,0.001214,0.954988,0.955068,0.000080,0.00236934,2.25164073,0.977265
pkdd8,PKDD-8,513,515.000,520.000,1722,150,15,0.053571,3.000000,62.425571,20.608971,0.780320,0.193968,0.271810,4.441195,0.562521,76.454758,793,0.271810,-0.6133347749710083,0,0.000000,0.00334148,0.00334148,-0.00000054,0.00334148,0.00334148,0.00000000,1.171004,1.173482,-0.002116,0.022022,0.021993,0.001349,0.957368,0.957452,0.000084,0.00200204,2.24132296,0.972677
pkdd8,PKDD-8,514,516.000,521.000,1614,150,15,0.053571,3.000000,61.678650,21.094400,0.770983,0.186798,0.265661,4.666355,0.562521,79.322433,660,0.265661,-0.32486534118652344,0,0.000000,0.00311945,0.00311945,-0.00000049,0.00311945,0.00311945,0.00000000,1.150166,1.152159,-0.001733,0.019251,0.019205,0.002436,0.962802,0.962903,0.000101,0.00192620,2.34778115,0.969801
pkdd8,PKDD-8,515,517.000,522.000,1505,150,15,0.053571,3.000000,61.307579,21.830759,0.766345,0.187683,0.269342,4.867697,0.562521,84.229019,551,0.269342,-0.08452701568603516,0,0.000000,0.00294996,0.00294997,-0.00000052,0.00294996,0.00294996,0.00000000,1.179052,1.182590,-0.003001,0.023081,0.023033,0.002071,0.955422,0.955543,0.000121,0.00217625,1.96147888,0.963694
pkdd8,PKDD-8,516,518.000,523.000,1413,150,14,0.050000,2.800000,61.197147,22.666346,0.764964,0.191418,0.276178,5.335104,0.562521,95.379662,459,0.276178,0.4227471351623535,0,0.000000,0.00299457,0.00299457,0.00000034,0.00299457,0.00299457,0.00000000,1.167247,1.171429,-0.003582,0.021491,0.021450,0.001892,0.958587,0.958699,0.000112,0.00220194,1.69943369,0.964251
pkdd8,PKDD-8,517,519.000,524.000,1435,150,15,0.053571,3.000000,62.965805,23.632206,0.787073,0.187723,0.277197,5.764895,0.570852,113.741600,481,0.277197,0.8043935298919678,0,0.000000,0.00290686,0.00290686,0.00000053,0.00290686,0.00290686,0.00000000,1.170014,1.174319,-0.003679,0.021653,0.021598,0.002541,0.958409,0.958539,0.000131,0.00211857,1.58173191,0.962231
pkdd8,PKDD-8,518,520.000,525.000,1394,150,14,0.050000,2.800000,64.339851,24.871546,0.804248,0.175833,0.264602,5.787528,2.344726,121.536377,469,0.264602,0.721245527267456,0,0.000000,0.00285144,0.00285144,0.00000090,0.00285144,0.00285144,0.00000000,1.162201,1.166546,-0.003738,0.020434,0.020385,0.002399,0.960755,0.960872,0.000116,0.00200080,1.54921540,0.957639
pkdd8,PKDD-8,519,521.000,526.000,1381,150,13,0.046429,2.600000,66.015816,25.890169,0.825198,0.182862,0.271597,5.416723,2.231709,118.865875,481,0.271597,0.18518733978271484,0,0.000000,0.00286073,0.00286073,0.00000117,0.00286073,0.00286073,0.00000000,1.166314,1.171247,-0.004230,0.021182,0.021152,0.001407,0.959108,0.959196,0.000087,0.00187464,1.66611931,0.954017
pkdd8,PKDD-8,520,522.000,527.000,1419,150,13,0.046429,2.600000,67.607315,26.296492,0.845091,0.184052,0.269744,4.956295,1.215758,111.329224,490,0.269744,-0.42392468452453613,0,0.000000,0.00290606,0.00290605,0.00000097,0.00290606,0.00290606,0.00000000,1.160243,1.163624,-0.002914,0.020425,0.020397,0.001379,0.960547,0.960620,0.000074,0.00181778,1.78503315,0.954361
pkdd8,PKDD-8,521,523.000,528.000,1479,150,13,0.046429,2.600000,69.198441,26.344784,0.864981,0.208996,0.309954,4.325329,0.214328,99.479492,520,0.309954,-1.2241315841674805,0,0.000000,0.00289778,0.00289778,0.00000053,0.00289778,0.00289778,0.00000000,1.162252,1.164238,-0.001709,0.020733,0.020622,0.005347,0.960153,0.960327,0.000174,0.00179039,1.83840715,0.961258
pkdd8,PKDD-8,522,524.000,529.000,1510,150,15,0.053571,3.000000,69.846458,25.950594,0.873081,0.246779,0.397928,4.144413,0.001196,91.683762,510,0.397928,-1.4246740341186523,0,0.000000,0.00293947,0.00293947,0.00000088,0.00293947,0.00293947,0.00000000,1.160897,1.162820,-0.001656,0.020493,0.020396,0.004751,0.960695,0.960849,0.000154,0.00192432,1.93248268,0.971154
pkdd8,PKDD-8,523,525.000,530.000,1560,150,12,0.042857,2.400000,70.302162,24.977673,0.878777,0.298994,0.489263,4.231826,0.001196,85.356026,530,0.489263,-1.405112385749817,0,0.000000,0.00321730,0.00321729,0.00000032,0.00321730,0.00321730,0.00000000,1.185586,1.187387,-0.001520,0.023811,0.023695,0.004840,0.954174,0.954386,0.000211,0.00190895,2.24363624,0.981081
pkdd8,PKDD-8,524,526.000,531.000,1665,150,14,0.050000,2.800000,70.620865,23.239769,0.882761,0.354140,0.562006,4.745500,0.001196,89.293686,626,0.562006,-0.7996295690536499,4,0.285714,0.00366317,0.00366317,-0.00000014,0.00366317,0.00366317,0.00000000,1.195759,1.199021,-0.002729,0.025139,0.025037,0.004029,0.951518,0.951719,0.000201,0.00240116,2.71804557,0.990212
pkdd8,PKDD-8,525,527.000,532.000,1839,150,18,0.064286,3.600000,71.163628,21.002613,0.889545,0.388373,0.597364,5.174958,0.001196,95.446480,771,0.597364,-0.26776623725891113,7,0.388889,0.00396203,0.00396203,0.00000006,0.00396203,0.00396203,0.00000000,1.193416,1.196502,-0.002586,0.024679,0.024573,0.004309,0.952393,0.952592,0.000200,0.00204226,2.67321453,0.997685
pkdd8,PKDD-8,526,528.000,533.000,1944,150,18,0.064286,3.600000,71.625496,18.882189,0.895319,0.384706,0.591051,5.402000,0.001196,98.106125,846,0.591051,-0.0424346923828125,7,0.388889,0.00403309,0.00403309,-0.00000013,0.00403309,0.00403309,0.00000000,1.198330,1.201983,-0.003049,0.025350,0.025307,0.001691,0.950882,0.951002,0.000121,0.00199185,2.30080528,1.000000
pkdd8,PKDD-8,527,529.000,534.000,1916,150,18,0.064286,3.600000,72.135620,17.206097,0.901695,0.397391,0.581609,5.172098,0.739437,93.990273,799,0.581609,-0.31803417205810547,7,0.388889,0.00434153,0.00434153,-0.00000024,0.00434153,0.00434153,0.00000000,1.210105,1.213107,-0.002480,0.026742,0.026684,0.002156,0.948212,0.948357,0.000145,0.00216096,1.97396238,1.000000
pkdd8,PKDD-8,528,530.000,535.000,1999,150,20,0.071429,4.000000,72.957497,15.199164,0.911969,0.380004,0.544826,4.809066,0.739437,92.280556,852,0.544826,-0.7231978178024292,7,0.350000,0.00460596,0.00460596,-0.00000045,0.00460596,0.00460596,0.00000000,1.196998,1.199343,-0.001959,0.024937,0.024896,0.001639,0.952038,0.952136,0.000098,0.00281538,1.92172298,1.000000
pkdd8,PKDD-8,529,531.000,536.000,2132,150,23,0.082143,4.600000,73.468910,13.517341,0.918361,0.357814,0.511205,4.328864,0.739437,85.525665,934,0.511205,-1.2270182371139526,3,0.130435,0.00465665,0.00465665,-0.00000044,0.00465665,0.00465665,0.00000000,1.196404,1.196865,-0.000385,0.025019,0.024975,0.001760,0.951764,0.951853,0.000088,0.00221888,1.88142594,1.000000
pkdd8,PKDD-8,530,532.000,537.000,2169,150,22,0.078571,4.400000,73.935608,12.220218,0.924195,0.355294,0.503476,3.893345,0.646267,77.982620,969,0.503476,-1.7489080429077148,0,0.000000,0.00492932,0.00492932,-0.00000104,0.00492932,0.00492932,0.00000000,1.192007,1.192007,0.000000,0.024432,0.024388,0.001778,0.953049,0.953140,0.000090,0.00193924,1.88529081,1.000000
pkdd8,PKDD-8,531,533.000,538.000,2302,150,19,0.067857,3.800000,74.335617,11.139406,0.929195,0.328830,0.481005,3.638556,0.443005,73.599136,1102,0.481005,-2.102118968963623,3,0.157895,0.00529329,0.00529329,-0.00000068,0.00529329,0.00529329,0.00000000,1.197421,1.197824,-0.000336,0.025290,0.025243,0.001875,0.951271,0.951366,0.000095,0.00229917,1.92500209,1.000000
pkdd8,PKDD-8,532,534.000,539.000,2482,150,19,0.067857,3.800000,74.606483,10.450308,0.932581,0.309078,0.466982,3.537570,0.431194,71.131042,1282,0.466982,-2.222299575805664,9,0.473684,0.00553171,0.00553171,-0.00000037,0.00553171,0.00553171,0.00000000,1.186636,1.187404,-0.000647,0.023946,0.023914,0.001353,0.953730,0.953799,0.000069,0.00228335,2.03044473,1.000000
pkdd8,PKDD-8,533,535.000,540.000,2604,150,21,0.075000,4.200000,74.771370,10.081185,0.934642,0.295362,0.447705,3.425298,0.431194,68.404709,1424,0.447705,-2.3186333179473877,12,0.571429,0.00551047,0.00551047,0.00000000,0.00551047,0.00551047,0.00000000,1.194024,1.194800,-0.000650,0.025076,0.025041,0.001396,0.951351,0.951426,0.000076,0.00217569,2.03100568,1.000000
pkdd8,PKDD-8,534,536.000,541.000,2577,150,20,0.071429,4.000000,75.014816,9.667414,0.937685,0.278595,0.412183,3.245006,0.431194,65.691788,1427,0.412183,-2.558742046356201,12,0.600000,0.00537116,0.00537116,0.00000067,0.00537116,0.00537116,0.00000000,1.187374,1.188179,-0.000677,0.023887,0.023852,0.001495,0.954100,0.954179,0.000078,0.00213687,2.06089364,1.000000
pkdd8,PKDD-8,535,537.000,542.000,2487,150,20,0.071429,4.000000,75.031944,9.315944,0.937899,0.246016,0.349827,3.096686,0.431194,63.546349,1367,0.349827,-2.736088752746582,14,0.700000,0.00505402,0.00505401,0.00000132,0.00505402,0.00505402,0.00000000,1.193631,1.194480,-0.000711,0.024774,0.024743,0.001249,0.952116,0.952189,0.000073,0.00220734,2.05785527,1.000000
pkdd8,PKDD-8,536,538.000,543.000,2355,150,21,0.075000,4.200000,74.682526,9.147687,0.933532,0.236928,0.331052,3.189572,0.431194,65.664864,1265,0.331052,-2.6011483669281006,11,0.523810,0.00479227,0.00479226,0.00000150,0.00479227,0.00479227,0.00000000,1.190624,1.191508,-0.000743,0.024409,0.024381,0.001172,0.952810,0.952885,0.000076,0.00216251,2.09603974,1.000000
pkdd8,PKDD-8,537,539.000,544.000,2261,150,23,0.082143,4.600000,73.924911,8.898675,0.924061,0.278107,0.413877,3.384752,0.849270,68.752762,1201,0.413877,-2.309300661087036,5,0.217391,0.00447900,0.00447900,0.00000138,0.00447900,0.00447900,0.00000000,1.190009,1.190476,-0.000392,0.024442,0.024403,0.001576,0.952997,0.953087,0.000091,0.00230079,2.19617280,1.000000
pkdd8,PKDD-8,538,540.000,545.000,2142,150,21,0.075000,4.200000,72.700424,8.565032,0.908755,0.315130,0.476107,3.675156,0.924152,73.217232,1092,0.476107,-1.9537651538848877,2,0.095238,0.00436422,0.00436421,0.00000094,0.00436422,0.00436422,0.00000000,1.175746,1.176694,-0.000806,0.022394,0.022362,0.001440,0.957081,0.957159,0.000078,0.00263884,2.58353322,1.000000
pkdd8,PKDD-8,539,541.000,546.000,2111,150,21,0.075000,4.200000,71.694794,8.073253,0.896185,0.303901,0.470371,3.897254,0.943381,76.755836,1081,0.470371,-1.646780252456665,2,0.095238,0.00429349,0.00429349,0.00000024,0.00429349,0.00429349,0.00000000,1.186641,1.188063,-0.001198,0.024249,0.024212,0.001500,0.952921,0.953010,0.000089,0.00259320,2.54653690,1.000000
pkdd8,PKDD-8,540,542.000,547.000,2111,150,22,0.078571,4.400000,70.919991,7.793157,0.886500,0.298943,0.466069,3.994073,0.943381,78.345947,1130,0.466069,-1.4712227582931519,0,0.000000,0.00428638,0.00428638,0.00000048,0.00428638,0.00428638,0.00000000,1.188599,1.190024,-0.001199,0.024272,0.024236,0.001497,0.953281,0.953369,0.000088,0.00228122,2.24221226,1.000000
pkdd8,PKDD-8,541,543.000,548.000,2105,150,19,0.067857,3.800000,70.757156,7.819343,0.884464,0.307412,0.467523,3.795232,0.943381,75.308617,1184,0.467523,-1.7392656803131104,0,0.000000,0.00431901,0.00431901,0.00000000,0.00431901,0.00431901,0.00000000,1.188330,1.190228,-0.001597,0.023913,0.023878,0.001461,0.954071,0.954159,0.000088,0.00235689,2.11089436,1.000000
pkdd8,PKDD-8,542,544.000,549.000,2108,150,20,0.071429,4.000000,70.887321,7.956221,0.886092,0.247288,0.361146,3.629321,0.943381,73.001732,1247,0.361146,-1.9090160131454468,0,0.000000,0.00439331,0.00439331,0.00000000,0.00439331,0.00439331,0.00000000,1.183817,1.185688,-0.001580,0.023422,0.023390,0.001370,0.954817,0.954899,0.000081,0.00224665,2.10134409,1.000000
pkdd8,PKDD-8,543,545.000,550.000,2138,150,22,0.078571,4.400000,71.179146,8.118473,0.889739,0.194300,0.260492,3.452630,0.943381,70.393501,1308,0.260492,-2.079899549484253,0,0.000000,0.00450337,0.00450337,-0.00000011,0.00450337,0.00450337,0.00000000,1.195937,1.197743,-0.001510,0.025002,0.024965,0.001485,0.951777,0.951868,0.000091,0.00187843,2.20353304,1.000000
pkdd8,PKDD-8,544,546.000,551.000,2215,150,23,0.082143,4.600000,71.635384,8.375007,0.895442,0.195359,0.254398,3.351204,0.950446,69.157661,1395,0.254398,-2.1954445838928223,0,0.000000,0.00466438,0.00466438,-0.00000011,0.00466438,0.00466438,0.00000000,1.192191,1.194794,-0.002183,0.024481,0.024448,0.001369,0.952863,0.952944,0.000081,0.00194764,2.65475570,1.000000
pkdd8,PKDD-8,545,547.000,552.000,2305,150,21,0.075000,4.200000,72.201057,8.448556,0.902513,0.207940,0.271659,3.247326,0.950745,67.493492,1466,0.271659,-2.3801321983337402,0,0.000000,0.00481146,0.00481146,0.00000000,0.00481146,0.00481146,0.00000000,1.180829,1.184178,-0.002836,0.023510,0.023478,0.001369,0.954275,0.954354,0.000080,0.00181768,2.94110967,1.000000
pkdd8,PKDD-8,546,548.000,553.000,2389,150,20,0.071429,4.000000,72.619545,8.413048,0.907744,0.206885,0.274848,3.153210,0.108715,65.548523,1520,0.274848,-2.5236315727233887,1,0.050000,0.00499675,0.00499675,0.00000051,0.00499675,0.00499675,0.00000000,1.175789,1.178186,-0.002039,0.022997,0.022954,0.001859,0.955311,0.955394,0.000083,0.00187624,2.23829844,1.000000
pkdd8,PKDD-8,547,549.000,554.000,2503,150,23,0.082143,4.600000,72.759766,8.933411,0.909497,0.219754,0.326813,3.039852,0.108715,63.369076,1575,0.326813,-2.5957190990448,1,0.043478,0.00508931,0.00508931,0.00000030,0.00508931,0.00508931,0.00000000,1.184940,1.187671,-0.002305,0.024060,0.024019,0.001707,0.953398,0.953484,0.000085,0.00182013,2.06808334,1.000000
pkdd8,PKDD-8,548,550.000,555.000,2563,150,21,0.075000,4.200000,73.087418,9.280008,0.913593,0.226584,0.332343,2.867786,0.108715,60.278542,1604,0.332343,-2.8479812145233154,1,0.047619,0.00504959,0.00504959,0.00000082,0.00504959,0.00504959,0.00000000,1.183649,1.186809,-0.002669,0.024157,0.024118,0.001591,0.953050,0.953131,0.000081,0.00172014,1.93347775,1.000000
pkdd8,PKDD-8,549,551.000,556.000,2532,150,21,0.075000,4.200000,73.119492,9.632967,0.913994,0.217946,0.329490,2.808349,0.108715,59.197529,1543,0.329490,-2.91843581199646,2,0.095238,0.00498175,0.00498175,0.00000093,0.00498175,0.00498175,0.00000000,1.168873,1.170878,-0.001716,0.021987,0.021951,0.001613,0.957439,0.957514,0.000075,0.00188181,1.82742717,1.000000
pkdd8,PKDD-8,550,552.000,557.000,2493,150,23,0.082143,4.600000,73.299286,10.023909,0.916241,0.226563,0.344827,2.925562,0.108715,61.928707,1448,0.344827,-2.75894832611084,6,0.260870,0.00502163,0.00502162,0.00000041,0.00502163,0.00502163,0.00000000,1.187500,1.189490,-0.001676,0.024250,0.024212,0.001553,0.953334,0.953420,0.000086,0.00204609,1.80095394,1.000000
pkdd8,PKDD-8,551,553.000,558.000,2512,150,23,0.082143,4.600000,73.221748,10.236321,0.915272,0.241751,0.367100,3.302228,0.146002,69.545029,1407,0.367100,-2.3386244773864746,5,0.217391,0.00496091,0.00496091,-0.00000031,0.00496091,0.00496091,0.00000000,1.192918,1.195767,-0.002388,0.024985,0.024954,0.001218,0.951904,0.951989,0.000085,0.00207844,1.78240578,1.000000
pkdd8,PKDD-8,552,554.000,559.000,2457,150,23,0.082143,4.600000,73.326576,10.043365,0.916582,0.233956,0.326583,3.686590,0.210539,77.375870,1321,0.326583,-1.9191415309906006,5,0.217391,0.00495680,0.00495680,0.00000000,0.00495680,0.00495680,0.00000000,1.188328,1.190811,-0.002090,0.024584,0.024552,0.001281,0.952479,0.952567,0.000087,0.00203318,1.72811856,1.000000
pkdd8,PKDD-8,553,555.000,560.000,2416,150,24,0.085714,4.800000,73.303802,10.009678,0.916298,0.244395,0.337355,4.010706,0.296308,83.893471,1250,0.337355,-1.535892128944397,5,0.208333,0.00503011,0.00503012,-0.00000041,0.00503011,0.00503011,0.00000000,1.184330,1.186804,-0.002089,0.023838,0.023809,0.001208,0.954105,0.954189,0.000083,0.00216208,1.68211566,1.000000
pkdd8,PKDD-8,554,556.000,561.000,2425,150,24,0.085714,4.800000,73.419022,10.076389,0.917738,0.266176,0.359029,4.247977,0.920892,88.975395,1229,0.359029,-1.2712310552597046,4,0.166667,0.00526671,0.00526672,-0.00000059,0.00526671,0.00526671,0.00000000,1.197399,1.200946,-0.002962,0.025435,0.025406,0.001148,0.951175,0.951271,0.000096,0.00229238,1.71077987,1.000000
pkdd8,PKDD-8,555,557.000,562.000,2538,150,26,0.092857,5.200000,72.943680,10.466242,0.911796,0.298832,0.496153,4.365250,1.263340,89.106567,1338,0.496153,-1.0645451545715332,0,0.000000,0.00546474,0.00546474,-0.00000057,0.00546474,0.00546474,0.00000000,1.197022,1.201222,-0.003509,0.025561,0.025495,0.002548,0.950754,0.950920,0.000166,0.00262692,1.70879131,1.000000
pkdd8,PKDD-8,556,558.000,563.000,2619,150,27,0.096429,5.400000,71.844063,12.837985,0.898051,0.324676,0.539500,3.928641,0.359747,79.900871,1404,0.539500,-1.4485002756118774,3,0.111111,0.00576883,0.00576883,-0.00000054,0.00576883,0.00576883,0.00000000,1.191044,1.194294,-0.002729,0.024777,0.024709,0.002746,0.952192,0.952360,0.000168,0.00272735,1.77054288,1.000000
pkdd8,PKDD-8,557,559.000,564.000,2769,150,27,0.096429,5.400000,70.833336,14.881771,0.885417,0.346297,0.568461,3.512522,0.015858,71.277985,1543,0.568461,-1.8302298784255981,6,0.222222,0.00620130,0.00620130,-0.00000033,0.00620130,0.00620130,0.00000000,1.190827,1.194510,-0.003092,0.024706,0.024641,0.002612,0.952430,0.952589,0.000160,0.00300441,1.85531020,1.000000
pkdd8,PKDD-8,558,560.000,565.000,2987,150,28,0.100000,5.600000,70.168205,16.483814,0.877103,0.379677,0.634324,3.287226,0.015858,66.543205,1761,0.634324,-2.007976531982422,11,0.392857,0.00648490,0.00648489,0.00000032,0.00648490,0.00648490,0.00000000,1.187821,1.191667,-0.003238,0.024497,0.024435,0.002547,0.952543,0.952695,0.000152,0.00311352,1.99779848,1.000000
pkdd8,PKDD-8,559,561.000,566.000,3120,150,27,0.096429,5.400000,69.585945,17.703506,0.869824,0.419554,0.709970,3.056813,0.015858,61.319469,1894,0.709970,-2.236691474914551,11,0.407407,0.00674849,0.00674849,0.00000061,0.00674849,0.00674849,0.00000000,1.188063,1.192104,-0.003401,0.024806,0.024739,0.002682,0.951620,0.951774,0.000155,0.00334079,2.06673673,1.000000
pkdd8,PKDD-8,560,562.000,567.000,3217,150,27,0.096429,5.400000,69.184685,18.627184,0.864809,0.428814,0.719612,2.786849,0.015858,56.896423,1991,0.719612,-2.5052154064178467,16,0.592593,0.00689878,0.00689878,0.00000045,0.00689878,0.00689878,0.00000000,1.187977,1.190723,-0.002312,0.024785,0.024417,0.014852,0.951714,0.952489,0.000776,0.00301834,2.14907565,1.000000
pkdd8,PKDD-8,561,563.000,568.000,3277,150,26,0.092857,5.200000,69.326530,18.695202,0.866582,0.431632,0.733444,2.863174,0.015858,57.949303,2066,0.733444,-2.4459187984466553,13,0.500000,0.00698651,0.00698651,0.00000037,0.00698651,0.00698651,0.00000000,1.198609,1.196191,0.002018,0.025784,0.024620,0.045148,0.950422,0.952244,0.001822,0.00327808,2.26213597,1.000000
pkdd8,PKDD-8,562,564.000,569.000,3308,150,27,0.096429,5.400000,69.562706,18.508909,0.869534,0.433329,0.741908,2.990437,0.244620,59.769470,2108,0.741908,-2.302539825439453,10,0.370370,0.00691790,0.00691790,0.00000030,0.00691790,0.00691790,0.00000000,1.214808,1.211152,0.003010,0.027228,0.025924,0.047898,0.948205,0.950199,0.001995,0.00289982,2.25135867,0.998355
pkdd8,PKDD-8,563,565.000,570.000,3282,150,29,0.103571,5.800000,69.552032,18.242203,0.869400,0.418088,0.718116,3.048464,0.414298,60.043957,2082,0.718116,-2.1989996433258057,6,0.206897,0.00689586,0.00689587,-0.00000030,0.00689586,0.00689586,0.00000000,1.225250,1.221314,0.003212,0.027887,0.026586,0.046665,0.947565,0.949557,0.001992,0.00271952,2.12585432,0.994278
pkdd8,PKDD-8,564,566.000,571.000,3303,150,30,0.107143,6.000000,69.363754,17.953968,0.867047,0.387263,0.655394,3.189535,0.492304,62.073376,2103,0.655394,-2.015911817550659,6,0.200000,0.00676465,0.00676465,-0.00000061,0.00676465,0.00676465,0.00000000,1.222969,1.217776,0.004246,0.026833,0.025523,0.048816,0.950155,0.952154,0.001999,0.00264248,2.05855870,0.990104
pkdd8,PKDD-8,565,567.000,572.000,3274,150,28,0.100000,5.600000,69.180779,17.827562,0.864760,0.352579,0.568783,3.288610,0.492304,63.071396,2074,0.568783,-1.9391111135482788,1,0.035714,0.00662352,0.00662352,-0.00000039,0.00662352,0.00662352,0.00000000,1.230124,1.225155,0.004039,0.026964,0.025967,0.036983,0.950392,0.951736,0.001344,0.00265536,2.02748190,0.985745
pkdd8,PKDD-8,566,568.000,573.000,3220,150,27,0.096429,5.400000,68.928772,17.653433,0.861610,0.327268,0.515609,3.291256,0.492375,63.032265,2020,0.515609,-1.9488035440444946,1,0.037037,0.00638610,0.00638610,-0.00000016,0.00638610,0.00638610,0.00000000,1.231735,1.232378,-0.000523,0.026800,0.026624,0.006562,0.950727,0.950985,0.000258,0.00252000,1.96986705,0.980882
pkdd8,PKDD-8,567,569.000,574.000,3107,150,28,0.100000,5.600000,68.472038,17.644674,0.855900,0.303957,0.470385,3.323317,0.507741,63.557579,1907,0.470385,-1.8749377727508545,1,0.035714,0.00611389,0.00611390,-0.00000042,0.00611389,0.00611389,0.00000000,1.230223,1.231575,-0.001099,0.026422,0.026383,0.001492,0.951339,0.951432,0.000093,0.00251289,1.94677063,0.977181
pkdd8,PKDD-8,568,570.000,575.000,2958,150,25,0.089286,5.000000,67.908775,17.685471,0.848860,0.287305,0.434653,3.558224,0.546245,68.242317,1758,0.434653,-1.6448297500610352,0,0.000000,0.00592981,0.00592981,0.00000000,0.00592981,0.00592981,0.00000000,1.224806,1.225863,-0.000863,0.025479,0.025446,0.001291,0.953357,0.953438,0.000082,0.00273221,1.99647201,0.976216
pkdd8,PKDD-8,569,571.000,576.000,2838,150,27,0.096429,5.400000,67.296600,17.652290,0.841208,0.275237,0.424586,3.680185,0.590603,70.324509,1638,0.424586,-1.4376091957092285,0,0.000000,0.00577069,0.00577069,0.00000036,0.00577069,0.00577069,0.00000000,1.244089,1.245908,-0.001462,0.028221,0.028188,0.001170,0.948116,0.948204,0.000088,0.00269256,2.10517511,0.975446
pkdd8,PKDD-8,570,572.000,577.000,2749,150,28,0.100000,5.600000,66.598778,17.493752,0.832485,0.263995,0.414542,3.697498,0.632988,70.287895,1549,0.414542,-1.3578537702560425,1,0.035714,0.00568857,0.00568857,0.00000036,0.00568857,0.00568857,0.00000000,1.241799,1.244010,-0.001781,0.027807,0.027778,0.001058,0.949059,0.949137,0.000078,0.00248779,2.19559969,0.975120
pkdd8,PKDD-8,571,573.000,578.000,2713,150,26,0.092857,5.200000,66.089699,17.313648,0.826121,0.252784,0.388415,3.775071,0.672127,71.106071,1513,0.388415,-1.2767729759216309,1,0.038462,0.00575151,0.00575151,0.00000089,0.00575151,0.00575151,0.00000000,1.221056,1.223227,-0.001778,0.025283,0.025262,0.000845,0.953943,0.954006,0.000063,0.00276677,2.32040729,0.975579
pkdd8,PKDD-8,572,574.000,579.000,2764,150,27,0.096429,5.400000,65.845398,17.011553,0.823067,0.266736,0.407380,3.796912,0.762749,71.043251,1565,0.407380,-1.2142794132232666,2,0.074074,0.00583800,0.00583799,0.00000079,0.00583800,0.00583800,0.00000000,1.227225,1.229335,-0.001720,0.026155,0.026136,0.000717,0.952232,0.952292,0.000060,0.00288504,2.86763063,0.978948
pkdd8,PKDD-8,573,575.000,580.000,2843,150,25,0.089286,5.000000,65.991798,16.859369,0.824897,0.282226,0.434368,3.607959,0.688274,67.253571,1670,0.434368,-1.4715510606765747,8,0.320000,0.00586021,0.00586021,0.00000070,0.00586021,0.00586021,0.00000000,1.231142,1.232872,-0.001405,0.026973,0.026950,0.000855,0.950217,0.950282,0.000065,0.00314048,3.01518365,0.983962
pkdd8,PKDD-8,574,576.000,581.000,2890,150,26,0.092857,5.200000,66.252388,16.740479,0.828155,0.292230,0.448842,3.442888,0.590820,64.389595,1743,0.448842,-1.6547263860702515,9,0.346154,0.00576937,0.00576936,0.00000054,0.00576937,0.00576937,0.00000000,1.205872,1.206921,-0.000870,0.023980,0.023958,0.000907,0.955525,0.955580,0.000055,0.00315342,2.64759866,0.988518
pkdd8,PKDD-8,575,577.000,582.000,2861,150,24,0.085714,4.800000,66.559517,16.716219,0.831994,0.297172,0.450722,3.422953,0.590820,64.466423,1733,0.450722,-1.7395517826080322,8,0.333333,0.00566075,0.00566075,0.00000027,0.00566075,0.00566075,0.00000000,1.192144,1.192852,-0.000594,0.023055,0.023035,0.000861,0.956564,0.956615,0.000051,0.00316577,2.50953527,0.993153
pkdd8,PKDD-8,576,578.000,583.000,2826,150,24,0.085714,4.800000,66.841301,16.600378,0.835516,0.300756,0.460334,3.311393,0.590820,62.799950,1728,0.460334,-1.8895654678344727,8,0.333333,0.00543054,0.00543054,0.00000000,0.00543054,0.00543054,0.00000000,1.201761,1.202495,-0.000611,0.025003,0.024971,0.001272,0.952158,0.952230,0.000072,0.00291922,2.37896559,0.997854
pkdd8,PKDD-8,577,579.000,584.000,2726,150,22,0.078571,4.400000,67.125252,16.442850,0.839066,0.291677,0.459067,3.119537,0.568693,59.668152,1657,0.459067,-2.163703203201294,7,0.318182,0.00531875,0.00531875,0.00000039,0.00531875,0.00531875,0.00000000,1.175524,1.176647,-0.000955,0.022376,0.022345,0.001409,0.956759,0.956826,0.000066,0.00235278,2.44901310,1.000000
pkdd8,PKDD-8,578,580.000,585.000,2672,150,24,0.085714,4.800000,67.308731,15.922453,0.841359,0.277405,0.439749,3.125110,0.546093,59.659786,1607,0.439749,-2.1330690383911133,1,0.041667,0.00522901,0.00522901,0.00000059,0.00522901,0.00522901,0.00000000,1.167813,1.169725,-0.001637,0.021858,0.021830,0.001284,0.957501,0.957570,0.000069,0.00248454,2.34641790,1.000000
pkdd8,PKDD-8,579,581.000,586.000,2616,150,24,0.085714,4.800000,67.620621,15.342430,0.845258,0.269360,0.413972,3.212209,0.499024,61.526871,1555,0.413972,-2.054241895675659,3,0.125000,0.00527958,0.00527958,0.00000058,0.00527958,0.00527958,0.00000000,1.180365,1.183029,-0.002257,0.023661,0.023638,0.000952,0.953942,0.954021,0.000079,0.00278235,2.50970887,1.000000
pkdd8,PKDD-8,580,582.000,587.000,2628,150,24,0.085714,4.800000,67.715813,14.553032,0.846448,0.270356,0.429163,3.300327,0.472196,63.296814,1578,0.429163,-1.960006594657898,4,0.166667,0.00534716,0.00534716,0.00000019,0.00534716,0.00534716,0.00000000,1.187950,1.190224,-0.001914,0.024286,0.024263,0.000946,0.953021,0.953101,0.000080,0.00269539,3.08634523,1.000000
pkdd8,PKDD-8,581,583.000,588.000,2639,150,25,0.089286,5.000000,67.681427,13.542412,0.846018,0.270420,0.437116,3.524735,0.472196,67.008331,1589,0.437116,-1.6831684112548828,4,0.160000,0.00551241,0.00551241,0.00000019,0.00551241,0.00551241,0.00000000,1.183308,1.187034,-0.003149,0.023568,0.023556,0.000507,0.954485,0.954554,0.000068,0.00260626,2.41966635,1.000000
pkdd8,PKDD-8,582,584.000,589.000,2684,150,26,0.092857,5.200000,67.600594,12.472021,0.845007,0.269623,0.435398,3.796570,0.472196,71.778900,1634,0.435398,-1.3568609952926636,4,0.153846,0.00551503,0.00551503,-0.00000019,0.00551503,0.00551503,0.00000000,1.190369,1.194883,-0.003793,0.024587,0.024575,0.000495,0.952423,0.952501,0.000078,0.00216608,2.14618830,1.000000
pkdd8,PKDD-8,583,585.000,590.000,2658,150,24,0.085714,4.800000,67.391098,11.539432,0.842389,0.265649,0.426157,3.933700,0.472196,74.330101,1608,0.426157,-1.2217841148376465,4,0.166667,0.00576145,0.00576145,0.00000000,0.00576145,0.00576145,0.00000000,1.199854,1.204223,-0.003641,0.025785,0.025766,0.000746,0.950070,0.950162,0.000092,0.00219133,1.81669726,1.000000
pkdd8,PKDD-8,584,586.000,591.000,2747,150,28,0.100000,5.600000,67.014015,10.540169,0.837675,0.267761,0.434139,3.816868,0.263668,71.671677,1668,0.434139,-1.241123914718628,1,0.035714,0.00597100,0.00597100,-0.00000017,0.00597100,0.00597100,0.00000000,1.188920,1.192472,-0.002987,0.024301,0.024272,0.001223,0.952980,0.953071,0.000091,0.00242435,1.62142534,1.000000
pkdd8,PKDD-8,585,587.000,592.000,2816,150,26,0.092857,5.200000,66.567741,9.959640,0.832097,0.263042,0.403246,3.687860,0.229080,68.024376,1707,0.403246,-1.3876641988754272,0,0.000000,0.00617985,0.00617985,0.00000050,0.00617985,0.00617985,0.00000000,1.198130,1.201940,-0.003180,0.025653,0.025620,0.001285,0.950241,0.950337,0.000096,0.00256550,1.47500591,1.000000
pkdd8,PKDD-8,586,588.000,593.000,2887,150,26,0.092857,5.200000,66.445557,9.634811,0.830569,0.255355,0.377707,3.491482,0.170599,63.523346,1771,0.377707,-1.5936005115509033,0,0.000000,0.00629115,0.00629115,0.00000033,0.00629115,0.00629115,0.00000000,1.197881,1.199932,-0.001712,0.025649,0.025614,0.001362,0.950139,0.950232,0.000093,0.00252917,1.41613898,1.000000
pkdd8,PKDD-8,587,589.000,594.000,2926,150,26,0.092857,5.200000,66.355042,9.456735,0.829438,0.259648,0.351720,3.284302,0.112949,59.080334,1810,0.351720,-1.8101329803466797,0,0.000000,0.00649343,0.00649342,0.00000055,0.00649343,0.00649343,0.00000000,1.191221,1.192883,-0.001396,0.024676,0.024643,0.001314,0.952166,0.952252,0.000086,0.00250324,1.35170794,1.000000
pkdd8,PKDD-8,588,590.000,595.000,3007,150,25,0.089286,5.000000,66.289200,9.371067,0.828615,0.252420,0.328503,3.123461,0.074412,55.734596,1891,0.328503,-2.0062544345855713,1,0.040000,0.00643329,0.00643329,0.00000064,0.00643329,0.00643329,0.00000000,1.190955,1.192630,-0.001406,0.024909,0.024883,0.001043,0.951535,0.951606,0.000071,0.00230766,1.32829187,1.000000
pkdd8,PKDD-8,589,591.000,596.000,2985,150,26,0.092857,5.200000,65.991516,9.258277,0.824894,0.247116,0.310730,3.172008,0.051756,56.372158,1898,0.310730,-1.9170557260513306,1,0.038462,0.00635126,0.00635126,0.00000065,0.00635126,0.00635126,0.00000000,1.197373,1.199394,-0.001688,0.025636,0.025619,0.000657,0.950219,0.950280,0.000061,0.00233377,1.29664347,1.000000
pkdd8,PKDD-8,590,592.000,597.000,2969,150,26,0.092857,5.200000,65.645981,8.959817,0.820575,0.240876,0.313004,3.136344,0.051755,55.793427,1912,0.313004,-1.9331852197647095,4,0.153846,0.00639599,0.00639599,0.00000016,0.00639599,0.00639599,0.00000000,1.188698,1.190681,-0.001668,0.024477,0.024462,0.000583,0.952542,0.952603,0.000061,0.00246946,1.37256543,1.000000
pkdd8,PKDD-8,591,593.000,598.000,3026,150,28,0.100000,5.600000,65.940216,9.530645,0.824253,0.245590,0.326910,3.089696,0.051755,56.089317,1976,0.326910,-1.9523272514343262,8,0.285714,0.00671270,0.00671270,0.00000031,0.00671270,0.00671270,0.00000000,1.186633,1.188525,-0.001594,0.024187,0.024167,0.000816,0.953000,0.953080,0.000080,0.00302226,1.40351366,1.000000
pkdd8,PKDD-8,592,594.000,599.000,3172,150,29,0.103571,5.800000,66.150749,10.133671,0.826884,0.247715,0.345382,2.972744,0.051755,54.590656,2122,0.345382,-2.065690040588379,9,0.310345,0.00697940,0.00697940,0.00000029,0.00697940,0.00697940,0.00000000,1.202493,1.204317,-0.001517,0.026400,0.026376,0.000903,0.948599,0.948686,0.000086,0.00280431,1.43092123,1.000000
pkdd8,PKDD-8,593,595.000,600.000,3289,150,28,0.100000,5.600000,66.362350,10.645018,0.829529,0.268505,0.372604,2.815822,0.051755,51.872486,2239,0.372604,-2.258476734161377,9,0.321429,0.00736196,0.00736196,-0.00000035,0.00736196,0.00736196,0.00000000,1.198781,1.199942,-0.000968,0.025765,0.025732,0.001275,0.949965,0.950062,0.000097,0.00261262,1.49135288,1.000000
pkdd8,PKDD-8,594,596.000,601.000,3446,150,29,0.103571,5.800000,66.721313,11.117822,0.834016,0.259248,0.366018,2.664663,0.051755,49.062572,2396,0.366018,-2.421609401702881,9,0.310345,0.00756178,0.00756178,-0.00000014,0.00756178,0.00756178,0.00000000,1.200341,1.201762,-0.001184,0.026017,0.025979,0.001488,0.949640,0.949744,0.000104,0.00263525,1.57048691,1.000000
pkdd8,PKDD-8,595,597.000,602.000,3519,150,30,0.107143,6.000000,67.290092,11.626618,0.841126,0.264347,0.375567,2.644716,0.052666,48.635994,2469,0.375567,-2.457754611968994,6,0.200000,0.00761874,0.00761874,-0.00000014,0.00761874,0.00761874,0.00000000,1.193539,1.194673,-0.000950,0.025121,0.025079,0.001683,0.951446,0.951550,0.000104,0.00292788,1.64517072,1.000000
pkdd8,PKDD-8,596,598.000,603.000,3529,150,32,0.114286,6.400000,67.546120,11.745547,0.844326,0.268298,0.384448,2.576121,0.071460,46.951115,2479,0.384448,-2.518937110900879,2,0.062500,0.00739451,0.00739451,-0.00000014,0.00739451,0.00739451,0.00000000,1.203892,1.205344,-0.001206,0.026546,0.026505,0.001572,0.948738,0.948834,0.000096,0.00318030,1.76528544,1.000000
pkdd8,PKDD-8,597,599.000,604.000,3443,150,31,0.110714,6.200000,67.950150,11.959691,0.849377,0.271455,0.395770,2.587965,0.106222,46.853718,2393,0.395770,-2.559072494506836,5,0.161290,0.00717523,0.00717523,-0.00000029,0.00717523,0.00717523,0.00000000,1.193280,1.194469,-0.000997,0.024940,0.024896,0.001769,0.952085,0.952180,0.000096,0.00296081,1.92727691,1.000000
pkdd8,PKDD-8,598,600.000,605.000,3363,150,30,0.107143,6.000000,68.351021,12.239742,0.854388,0.266507,0.397084,2.674983,0.120393,48.421867,2313,0.397084,-2.521118402481079,4,0.133333,0.00680854,0.00680854,0.00000030,0.00680854,0.00680854,0.00000000,1.189382,1.190624,-0.001044,0.024416,0.024377,0.001586,0.953132,0.953218,0.000085,0.00285330,2.14956230,1.000000
pkdd8,PKDD-8,599,601.000,606.000,3221,150,28,0.100000,5.600000,68.661179,12.390399,0.858265,0.264488,0.397114,2.732949,0.120393,49.818108,2171,0.397114,-2.5287177562713623,4,0.142857,0.00645863,0.00645862,0.00000048,0.00645863,0.00645863,0.00000000,1.190274,1.190927,-0.000548,0.024554,0.024510,0.001798,0.952779,0.952876,0.000097,0.00280926,2.41977517,1.000000
pkdd8,PKDD-8,600,602.000,607.000,3064,150,24,0.085714,4.800000,68.675125,12.079825,0.858439,0.268125,0.406761,2.749133,0.453291,50.730408,2014,0.406761,-2.6027026176452637,4,0.166667,0.00612584,0.00612583,0.00000084,0.00612584,0.00612584,0.00000000,1.197999,1.199034,-0.000864,0.025676,0.025637,0.001501,0.950306,0.950398,0.000091,0.00307896,2.47032259,1.000000
pkdd8,PKDD-8,601,603.000,608.000,2899,150,24,0.085714,4.800000,68.370323,11.649080,0.854629,0.277063,0.419815,2.944312,0.404722,54.416779,1830,0.419815,-2.380741834640503,5,0.208333,0.00575804,0.00575804,0.00000045,0.00575804,0.00575804,0.00000000,1.198308,1.200147,-0.001535,0.025840,0.025798,0.001633,0.949922,0.950022,0.000100,0.00318828,2.44633559,1.000000
pkdd8,PKDD-8,602,604.000,609.000,2718,150,23,0.082143,4.600000,67.939537,10.914061,0.849244,0.259189,0.392861,3.155718,0.404722,58.158215,1639,0.392861,-2.155395269393921,1,0.043478,0.00531291,0.00531290,0.00000087,0.00531291,0.00531291,0.00000000,1.198410,1.200795,-0.001991,0.025768,0.025728,0.001533,0.949955,0.950056,0.000101,0.00298647,2.24756998,1.000000
pkdd8,PKDD-8,603,605.000,610.000,2515,150,24,0.085714,4.800000,67.390579,9.819425,0.842382,0.241762,0.369871,3.318859,0.303093,60.996418,1461,0.369871,-1.9388618469238281,4,0.166667,0.00481220,0.00481220,0.00000021,0.00481220,0.00481220,0.00000000,1.195538,1.199475,-0.003293,0.025497,0.025455,0.001650,0.950531,0.950642,0.000111,0.00311803,2.02703188,1.000000
pkdd8,PKDD-8,604,606.000,611.000,2286,150,21,0.075000,4.200000,66.982323,8.780300,0.837279,0.261639,0.390040,3.514771,0.303093,64.102440,1262,0.390040,-1.765946865081787,4,0.190476,0.00451535,0.00451535,-0.00000068,0.00451535,0.00451535,0.00000000,1.201950,1.207057,-0.004249,0.026280,0.026223,0.002170,0.948938,0.949088,0.000150,0.00282910,1.99253262,1.000000
pkdd8,PKDD-8,605,607.000,612.000,2154,150,21,0.075000,4.200000,67.274628,8.394346,0.840933,0.258352,0.378413,3.795781,0.303093,69.836960,1145,0.378413,-1.4860286712646484,5,0.238095,0.00415765,0.00415766,-0.00000080,0.00415765,0.00415765,0.00000000,1.192753,1.198289,-0.004641,0.024863,0.024794,0.002779,0.952128,0.952300,0.000172,0.00233175,1.88685822,1.000000
pkdd8,PKDD-8,606,608.000,613.000,1987,150,19,0.067857,3.800000,67.417656,8.126672,0.842721,0.251844,0.358308,3.971890,0.303093,73.970825,1021,0.358308,-1.3479686975479126,5,0.263158,0.00391863,0.00391863,-0.00000053,0.00391863,0.00391863,0.00000000,1.190323,1.195161,-0.004065,0.024170,0.024101,0.002874,0.953603,0.953781,0.000178,0.00188098,1.76773590,1.000000
pkdd8,PKDD-8,607,609.000,614.000,1860,150,19,0.067857,3.800000,67.211388,8.296031,0.840142,0.244743,0.345777,4.228621,0.303093,79.112305,939,0.345777,-1.059587001800537,10,0.526316,0.00366823,0.00366823,-0.00000084,0.00366823,0.00366823,0.00000000,1.195308,1.199414,-0.003435,0.024868,0.024785,0.003327,0.952381,0.952584,0.000202,0.00195808,1.76606446,1.000000
pkdd8,PKDD-8,608,610.000,615.000,1705,150,16,0.057143,3.200000,67.431458,8.829125,0.842893,0.242276,0.345266,4.723098,0.305264,88.722496,789,0.345266,-0.5905157327651978,7,0.437500,0.00349590,0.00349590,-0.00000044,0.00349590,0.00349590,0.00000000,1.206087,1.209258,-0.002629,0.026091,0.026001,0.003441,0.950019,0.950235,0.000216,0.00197509,1.71662404,1.000000
pkdd8,PKDD-8,609,611.000,616.000,1577,150,16,0.057143,3.200000,67.891678,9.329415,0.848646,0.212261,0.311063,5.595376,0.305264,105.142860,661,0.311063,0.33943843841552734,7,0.437500,0.00327077,0.00327077,0.00000008,0.00327077,0.00327077,0.00000000,1.196790,1.198883,-0.001749,0.024984,0.024918,0.002634,0.952102,0.952253,0.000151,0.00190941,1.62145029,1.000000
pkdd8,PKDD-8,610,612.000,617.000,1433,150,16,0.057143,3.200000,68.300987,10.034128,0.853762,0.200767,0.294194,6.100832,0.305264,112.003876,532,0.294194,0.8692328929901123,6,0.375000,0.00313750,0.00313750,-0.00000025,0.00313750,0.00313750,0.00000000,1.204936,1.206432,-0.001242,0.026191,0.026128,0.002423,0.949571,0.949712,0.000141,0.00182240,1.61844885,1.000000
pkdd8,PKDD-8,611,613.000,618.000,1337,150,15,0.053571,3.000000,69.022675,10.694777,0.862783,0.172175,0.244096,6.476852,0.305264,115.354073,442,0.244096,1.218005895614624,8,0.533333,0.00305428,0.00305428,0.00000008,0.00305428,0.00305428,0.00000000,1.193925,1.195483,-0.001305,0.024875,0.024816,0.002372,0.952148,0.952270,0.000122,0.00155147,1.58578727,1.000000
pkdd8,PKDD-8,612,614.000,619.000,1284,150,14,0.050000,2.800000,70.313927,10.881430,0.878924,0.198083,0.264830,6.632061,1.054699,114.050941,384,0.264830,1.2923541069030762,3,0.214286,0.00314057,0.00314057,0.00000000,0.00314057,0.00314057,0.00000000,1.196497,1.198781,-0.001910,0.025378,0.025318,0.002350,0.950967,0.951086,0.000119,0.00145623,1.50542735,1.000000
pkdd8,PKDD-8,613,615.000,620.000,1313,150,12,0.042857,2.400000,70.807190,10.952682,0.885090,0.216250,0.292457,6.508725,1.512644,107.126907,413,0.292457,1.0925164222717285,3,0.250000,0.00333792,0.00333792,-0.00000108,0.00333792,0.00333792,0.00000000,1.206112,1.208955,-0.002357,0.026817,0.026768,0.001832,0.947987,0.948103,0.000117,0.00148408,1.51197111,1.000000
pkdd8,PKDD-8,614,616.000,621.000,1407,150,12,0.042857,2.400000,70.748566,11.151165,0.884357,0.259012,0.376683,5.747406,1.393314,93.915466,517,0.376683,0.25856900215148926,7,0.583333,0.00351592,0.00351592,-0.00000073,0.00351592,0.00351592,0.00000000,1.204835,1.208193,-0.002787,0.026447,0.026402,0.001698,0.948825,0.948942,0.000117,0.00144510,1.51528543,1.000000
pkdd8,PKDD-8,615,617.000,622.000,1489,150,12,0.042857,2.400000,70.202225,11.228354,0.877528,0.256732,0.373318,5.618317,1.393314,94.978218,617,0.373318,0.15253043174743652,10,0.833333,0.00358889,0.00358889,-0.00000086,0.00358889,0.00358889,0.00000000,1.198689,1.202623,-0.003282,0.025793,0.025754,0.001507,0.949873,0.949985,0.000112,0.00145512,1.56186719,1.000000
pkdd8,PKDD-8,616,618.000,623.000,1525,150,13,0.046429,2.600000,69.969818,11.479646,0.874623,0.262820,0.376406,5.470746,1.393314,94.334221,624,0.376406,0.022193431854248047,7,0.538462,0.00356207,0.00356208,-0.00000116,0.00356207,0.00356207,0.00000000,1.202640,1.205941,-0.002744,0.026523,0.026486,0.001420,0.948347,0.948460,0.000113,0.00144135,1.66105557,1.000000
pkdd8,PKDD-8,617,619.000,624.000,1515,150,13,0.046429,2.600000,69.831039,11.692695,0.872888,0.274131,0.390123,5.364795,1.393314,94.772507,584,0.390123,-0.08536434173583984,7,0.538462,0.00359423,0.00359423,-0.00000122,0.00359423,0.00359423,0.00000000,1.206740,1.209332,-0.002148,0.027375,0.027353,0.000803,0.946384,0.946471,0.000087,0.00163460,1.94243287,1.000000
pkdd8,PKDD-8,618,620.000,625.000,1543,150,15,0.053571,3.000000,70.056366,11.688068,0.875705,0.281290,0.392470,5.272143,1.393314,97.773140,582,0.392470,-0.1614990234375,7,0.466667,0.00363365,0.00363364,0.00000014,0.00363365,0.00363365,0.00000000,1.195168,1.197076,-0.001596,0.025546,0.025519,0.001068,0.950143,0.950220,0.000077,0.00184727,2.16221976,1.000000
pkdd8,PKDD-8,619,621.000,626.000,1573,150,17,0.060714,3.400000,70.565765,11.684254,0.882072,0.265757,0.344646,5.060826,1.031255,97.468903,572,0.344646,-0.3864152431488037,3,0.176471,0.00369158,0.00369158,-0.00000042,0.00369158,0.00369158,0.00000000,1.200372,1.201613,-0.001034,0.026431,0.026406,0.000922,0.948355,0.948422,0.000066,0.00169488,2.25390468,1.000000
pkdd8,PKDD-8,620,622.000,627.000,1612,150,15,0.053571,3.000000,71.111763,11.624215,0.888897,0.264662,0.337736,4.833372,1.031255,93.764633,567,0.337736,-0.709026575088501,1,0.066667,0.00378152,0.00378153,-0.00000068,0.00378152,0.00378152,0.00000000,1.201439,1.202638,-0.000998,0.026488,0.026460,0.001088,0.948597,0.948672,0.000075,0.00157694,2.29033882,1.000000
pkdd8,PKDD-8,621,623.000,628.000,1668,150,14,0.050000,2.800000,71.386177,11.451601,0.892327,0.261454,0.332684,4.545031,1.031255,87.543488,652,0.332684,-1.057015061378479,1,0.071429,0.00401583,0.00401584,-0.00000090,0.00401583,0.00401583,0.00000000,1.203247,1.204367,-0.000931,0.026336,0.026305,0.001168,0.949237,0.949312,0.000075,0.00156264,2.32047937,1.000000
pkdd8,PKDD-8,622,624.000,629.000,1786,150,16,0.057143,3.200000,71.674194,11.172212,0.895927,0.233814,0.297594,4.215500,1.031255,81.061600,800,0.297594,-1.396036148071289,1,0.062500,0.00415577,0.00415577,-0.00000080,0.00415577,0.00415577,0.00000000,1.189525,1.190605,-0.000908,0.024294,0.024260,0.001390,0.953412,0.953494,0.000082,0.00178679,2.32272807,1.000000
pkdd8,PKDD-8,623,625.000,630.000,1852,150,16,0.057143,3.200000,71.797989,11.048007,0.897475,0.225094,0.290011,3.697998,1.031255,71.722145,867,0.290011,-1.9763257503509521,1,0.062500,0.00419308,0.00419309,-0.00000061,0.00419308,0.00419308,0.00000000,1.204399,1.205472,-0.000891,0.026431,0.026398,0.001227,0.949371,0.949456,0.000085,0.00148311,2.57775392,1.000000
pkdd8,PKDD-8,624,626.000,631.000,1864,150,15,0.053571,3.000000,71.833786,11.009884,0.897922,0.211143,0.279333,3.331289,1.023789,64.900177,879,0.279333,-2.4059488773345947,1,0.066667,0.00416512,0.00416513,-0.00000099,0.00416512,0.00416512,0.00000000,1.190708,1.192328,-0.001361,0.024445,0.024416,0.001189,0.953393,0.953474,0.000081,0.00173542,3.27795633,1.000000
pkdd8,PKDD-8,625,627.000,632.000,1851,150,15,0.053571,3.000000,71.953316,10.896676,0.899416,0.206949,0.277371,3.016434,0.999728,59.158764,876,0.277371,-2.7641215324401855,0,0.000000,0.00412502,0.00412503,-0.00000087,0.00412502,0.00412502,0.00000000,1.197605,1.198694,-0.000909,0.025258,0.025229,0.001178,0.951602,0.951682,0.000079,0.00159051,2.62981976,1.000000
pkdd8,PKDD-8,626,628.000,633.000,1837,150,14,0.050000,2.800000,72.102638,10.481245,0.901283,0.203952,0.277507,2.907989,0.969984,57.644524,862,0.277507,-2.918848991394043,0,0.000000,0.00397989,0.00397989,0.00000000,0.00397989,0.00397989,0.00000000,1.197413,1.198538,-0.000939,0.025354,0.025319,0.001382,0.951240,0.951329,0.000089,0.00191562,2.33383094,1.000000
pkdd8,PKDD-8,627,629.000,634.000,1778,150,15,0.053571,3.000000,72.163574,10.061024,0.902045,0.207938,0.281620,2.808617,0.466299,56.091167,803,0.281620,-3.0207018852233887,3,0.200000,0.00377856,0.00377856,0.00000095,0.00377856,0.00377856,0.00000000,1.208701,1.211052,-0.001945,0.026857,0.026819,0.001405,0.948400,0.948491,0.000091,0.00206945,2.22262821,1.000000
pkdd8,PKDD-8,628,630.000,635.000,1701,150,15,0.053571,3.000000,72.367340,9.659312,0.904592,0.192884,0.261521,2.811951,0.466299,55.876953,772,0.261521,-3.036526679992676,3,0.200000,0.00359857,0.00359857,0.00000029,0.00359857,0.00359857,0.00000000,1.190909,1.193333,-0.002036,0.024625,0.024586,0.001576,0.952315,0.952404,0.000089,0.00210511,2.38887263,1.000000
pkdd8,PKDD-8,629,631.000,636.000,1650,150,18,0.064286,3.600000,72.652710,8.637676,0.908159,0.192477,0.258674,3.246910,0.466299,63.560505,752,0.258674,-2.5135788917541504,3,0.166667,0.00358668,0.00358668,0.00000151,0.00358668,0.00358668,0.00000000,1.196643,1.198441,-0.001503,0.025634,0.025588,0.001800,0.949779,0.949882,0.000103,0.00222230,2.71808143,1.000000
pkdd8,PKDD-8,630,632.000,637.000,1668,150,18,0.064286,3.600000,72.891953,7.650580,0.911149,0.194406,0.263720,3.541974,0.466299,69.176956,786,0.263720,-2.2001662254333496,3,0.166667,0.00362074,0.00362073,0.00000199,0.00362074,0.00362074,0.00000000,1.185512,1.187868,-0.001987,0.024179,0.024135,0.001785,0.952672,0.952769,0.000097,0.00207191,2.67569639,1.000000
pkdd8,PKDD-8,631,633.000,638.000,1698,150,18,0.064286,3.600000,73.061470,7.119109,0.913268,0.196664,0.270504,3.849993,0.466299,75.138161,787,0.270504,-1.8703954219818115,3,0.166667,0.00359036,0.00359035,0.00000115,0.00359036,0.00359036,0.00000000,1.182460,1.185992,-0.002987,0.023882,0.023848,0.001408,0.953336,0.953419,0.000083,0.00198798,2.15610578,1.000000
pkdd8,PKDD-8,632,634.000,639.000,1699,150,18,0.064286,3.600000,73.194214,6.840065,0.914928,0.201151,0.283146,4.164872,0.537449,81.564934,758,0.283146,-1.5335217714309692,0,0.000000,0.00348421,0.00348421,0.00000022,0.00348421,0.00348421,0.00000000,1.183514,1.186522,-0.002542,0.023995,0.023963,0.001309,0.953095,0.953175,0.000080,0.00182217,1.92380950,1.000000
pkdd8,PKDD-8,633,635.000,640.000,1662,150,16,0.057143,3.200000,73.517433,6.503001,0.918968,0.212094,0.295102,4.237551,0.785416,83.079659,676,0.295102,-1.5206745862960815,0,0.000000,0.00326750,0.00326750,0.00000016,0.00326750,0.00326750,0.00000000,1.184901,1.187460,-0.002160,0.023841,0.023805,0.001515,0.953812,0.953901,0.000089,0.00170143,1.81275301,1.000000
pkdd8,PKDD-8,634,636.000,641.000,1563,150,14,0.050000,2.800000,74.034515,6.884470,0.925431,0.225253,0.307173,3.779296,0.873072,74.625359,568,0.307173,-2.1113409996032715,7,0.500000,0.00298265,0.00298265,-0.00000060,0.00298265,0.00298265,0.00000000,1.181502,1.184979,-0.002943,0.023328,0.023300,0.001223,0.955330,0.955406,0.000076,0.00159523,1.72749709,1.000000
pkdd8,PKDD-8,635,637.000,642.000,1438,150,12,0.042857,2.400000,74.687057,7.310913,0.933588,0.236210,0.315192,3.430315,0.939131,68.092262,413,0.315192,-2.587963104248047,7,0.583333,0.00273543,0.00273543,-0.00000094,0.00273543,0.00273543,0.00000000,1.191617,1.195359,-0.003141,0.024551,0.024514,0.001537,0.953132,0.953227,0.000095,0.00130644,1.71374864,1.000000
pkdd8,PKDD-8,636,638.000,643.000,1336,150,12,0.042857,2.400000,75.192879,7.877026,0.939911,0.248617,0.335728,3.234787,1.012298,62.509090,333,0.335728,-2.83772611618042,7,0.583333,0.00270632,0.00270632,0.00000019,0.00270632,0.00270632,0.00000000,1.200300,1.203301,-0.002500,0.025591,0.025550,0.001573,0.951003,0.951106,0.000103,0.00185283,1.97131539,1.000000
pkdd8,PKDD-8,637,639.000,644.000,1333,150,14,0.050000,2.800000,75.491951,8.160704,0.943649,0.268124,0.363511,2.854525,0.511808,52.021568,302,0.363511,-3.232177972793579,7,0.500000,0.00288719,0.00288719,0.00000036,0.00288719,0.00288719,0.00000000,1.174157,1.176264,-0.001794,0.022049,0.022011,0.001752,0.957809,0.957903,0.000094,0.00215600,2.41793987,1.000000
pkdd8,PKDD-8,638,640.000,645.000,1424,150,14,0.050000,2.800000,74.735001,9.113110,0.934188,0.284479,0.382751,3.565899,0.449165,61.289169,361,0.382751,-2.3877646923065186,7,0.500000,0.00309922,0.00309922,0.00000050,0.00309922,0.00309922,0.00000000,1.182237,1.186184,-0.003339,0.023258,0.023229,0.001254,0.955309,0.955391,0.000082,0.00232251,2.64524790,1.000000
pkdd8,PKDD-8,639,641.000,646.000,1520,150,14,0.050000,2.800000,73.413803,9.796499,0.917673,0.293147,0.394271,3.661289,0.407042,62.741421,418,0.394271,-2.190098762512207,0,0.000000,0.00333297,0.00333297,0.00000046,0.00333297,0.00333297,0.00000000,1.187424,1.191087,-0.003085,0.023975,0.023948,0.001142,0.953623,0.953701,0.000078,0.00189615,2.22498672,0.999176
pkdd8,PKDD-8,640,642.000,647.000,1638,150,16,0.057143,3.200000,70.498390,13.723592,0.881230,0.281950,0.381290,3.708626,0.364462,65.256714,507,0.381290,-1.9046235084533691,0,0.000000,0.00360356,0.00360356,0.00000100,0.00360356,0.00360356,0.00000000,1.191610,1.195011,-0.002854,0.024557,0.024524,0.001321,0.952568,0.952657,0.000089,0.00194179,1.83632250,0.996429
pkdd8,PKDD-8,641,643.000,648.000,1764,150,17,0.060714,3.400000,68.038666,16.059748,0.850483,0.272391,0.363685,3.595774,0.336563,65.305870,602,0.363685,-1.853475570678711,0,0.000000,0.00365034,0.00365034,0.00000070,0.00365034,0.00365034,0.00000000,1.171796,1.174594,-0.002388,0.021798,0.021763,0.001598,0.958168,0.958254,0.000085,0.00242319,1.64443056,0.993201
pkdd8,PKDD-8,642,644.000,649.000,1787,150,17,0.060714,3.400000,65.542458,18.048386,0.819281,0.247695,0.339731,3.547635,0.313686,65.881012,655,0.339731,-1.7531723976135254,0,0.000000,0.00355639,0.00355639,0.00000043,0.00355639,0.00355639,0.00000000,1.199427,1.202292,-0.002389,0.025245,0.025209,0.001418,0.951329,0.951423,0.000094,0.00273792,1.41096134,0.986848
pkdd8,PKDD-8,643,645.000,650.000,1745,150,17,0.060714,3.400000,63.249142,19.756514,0.790614,0.244740,0.351403,3.181015,0.257905,61.623165,673,0.351403,-2.0128087997436523,0,0.000000,0.00362404,0.00362404,0.00000085,0.00362404,0.00362404,0.00000000,1.183083,1.184752,-0.001411,0.023208,0.023169,0.001679,0.955374,0.955469,0.000095,0.00313487,1.31387049,0.984725
pkdd8,PKDD-8,644,646.000,651.000,1797,150,17,0.060714,3.400000,61.822525,20.926836,0.772782,0.245020,0.359606,3.320565,0.217318,65.866013,743,0.359606,-1.7593814134597778,1,0.058824,0.00386200,0.00386200,0.00000073,0.00386200,0.00386200,0.00000000,1.174843,1.177975,-0.002665,0.022283,0.022241,0.001893,0.957246,0.957352,0.000106,0.00340747,1.15140724,0.982855
pkdd8,PKDD-8,645,647.000,652.000,1916,150,20,0.071429,4.000000,62.319359,20.521385,0.778992,0.252382,0.359959,3.318145,0.217318,66.009079,891,0.359959,-1.7266292572021484,1,0.050000,0.00406920,0.00406920,0.00000038,0.00406920,0.00406920,0.00000000,1.167984,1.171443,-0.002961,0.021481,0.021453,0.001289,0.958502,0.958589,0.000086,0.00367843,1.08316533,0.983547
pkdd8,PKDD-8,646,648.000,653.000,2024,150,18,0.064286,3.600000,62.792633,20.044804,0.784908,0.235874,0.333062,3.229001,0.217318,64.162979,1007,0.333062,-1.8814669847488403,2,0.111111,0.00442320,0.00442320,0.00000000,0.00442320,0.00442320,0.00000000,1.182399,1.186046,-0.003085,0.023401,0.023373,0.001204,0.954692,0.954782,0.000090,0.00372982,1.09561914,0.985020
pkdd8,PKDD-8,647,649.000,654.000,2193,150,18,0.064286,3.600000,63.538326,19.314056,0.794229,0.244942,0.340959,3.116808,0.217318,61.929741,1174,0.340959,-2.0321600437164307,5,0.277778,0.00497936,0.00497936,0.00000000,0.00497936,0.00497936,0.00000000,1.162536,1.165786,-0.002796,0.021049,0.020996,0.002548,0.959297,0.959417,0.000120,0.00406377,1.15869452,0.986103
pkdd8,PKDD-8,648,650.000,655.000,2461,150,21,0.075000,4.200000,64.546303,18.338678,0.806829,0.241569,0.341166,2.996657,0.217318,59.572525,1412,0.341166,-2.151212692260742,5,0.238095,0.00548101,0.00548101,-0.00000019,0.00548101,0.00548101,0.00000000,1.175491,1.178452,-0.002520,0.022600,0.022544,0.002474,0.956314,0.956438,0.000124,0.00422854,1.15759750,0.986838
pkdd8,PKDD-8,649,651.000,656.000,2701,150,23,0.082143,4.600000,65.079597,17.478188,0.813495,0.235976,0.323719,2.753913,0.377731,54.408501,1651,0.323719,-2.4048264026641846,4,0.173913,0.00574496,0.00574496,0.00000000,0.00574496,0.00574496,0.00000000,1.183386,1.184794,-0.001190,0.023581,0.023525,0.002377,0.954404,0.954518,0.000115,0.00423402,1.20184051,0.985903
pkdd8,PKDD-8,650,652.000,657.000,2841,150,24,0.085714,4.800000,65.243073,16.946535,0.815538,0.272719,0.514219,2.684096,0.512254,52.672798,1791,0.514219,-2.4616661071777344,4,0.166667,0.00604640,0.00604640,-0.00000009,0.00604640,0.00604640,0.00000000,1.174925,1.176588,-0.001415,0.022519,0.022460,0.002610,0.956628,0.956743,0.000116,0.00419680,1.29634658,0.985334
pkdd8,PKDD-8,651,653.000,658.000,3007,150,26,0.092857,5.200000,65.583214,16.220400,0.819790,0.446415,1.649964,2.603383,0.276234,50.900330,1957,1.649964,-2.5261223316192627,3,0.115385,0.00623811,0.00623811,-0.00000016,0.00623811,0.00623811,0.00000000,1.179028,1.180946,-0.001627,0.022977,0.022920,0.002461,0.955752,0.955868,0.000116,0.00404208,1.40468649,0.987628
pkdd8,PKDD-8,652,654.000,659.000,3128,150,26,0.092857,5.200000,66.294205,14.588969,0.828678,0.477407,1.689301,2.524481,0.038471,49.279182,2055,1.689301,-2.660325050354004,3,0.115385,0.00618614,0.00618614,0.00000017,0.00618614,0.00618614,0.00000000,1.192209,1.194125,-0.001607,0.024639,0.024600,0.001556,0.952449,0.952543,0.000095,0.00373089,1.53297817,0.991523
pkdd8,PKDD-8,653,655.000,660.000,3132,150,26,0.092857,5.200000,66.825333,13.045929,0.835317,0.485993,1.691821,2.419400,0.038471,47.133366,2034,1.691821,-2.8164608478546143,3,0.115385,0.00602036,0.00602036,0.00000017,0.00602036,0.00602036,0.00000000,1.178082,1.179713,-0.001384,0.022652,0.022619,0.001467,0.956395,0.956482,0.000087,0.00348104,1.67981717,0.993248
pkdd8,PKDD-8,654,656.000,661.000,3066,150,24,0.085714,4.800000,67.500916,11.436173,0.843761,0.499285,1.715064,2.333609,0.038471,45.436516,1968,1.715064,-2.998460292816162,11,0.458333,0.00588628,0.00588628,-0.00000017,0.00588628,0.00588628,0.00000000,1.183701,1.185371,-0.001411,0.023287,0.023247,0.001747,0.955326,0.955427,0.000102,0.00331303,1.83331736,0.996844
pkdd8,PKDD-8,655,657.000,662.000,2994,150,25,0.089286,5.000000,68.274139,9.524559,0.853427,0.475843,1.693084,2.173324,0.038471,42.545658,1913,1.693084,-3.2123045921325684,14,0.560000,0.00569587,0.00569587,-0.00000045,0.00569587,0.00569587,0.00000000,1.193459,1.194850,-0.001166,0.024616,0.024576,0.001605,0.952511,0.952610,0.000099,0.00314974,1.90065643,1.000000
pkdd8,PKDD-8,656,658.000,663.000,2874,150,25,0.089286,5.000000,68.756004,7.464482,0.859450,0.317527,0.626838,2.168541,0.038471,42.743515,1823,0.626838,-3.2559187412261963,14,0.560000,0.00548151,0.00548151,-0.00000028,0.00548151,0.00548151,0.00000000,1.187205,1.189022,-0.001531,0.023888,0.023850,0.001602,0.953855,0.953952,0.000097,0.00301920,1.89127504,1.000000
pkdd8,PKDD-8,657,659.000,664.000,2751,150,25,0.089286,5.000000,68.826439,7.630776,0.860330,0.276760,0.372346,2.279374,0.247726,45.324318,1753,0.372346,-3.1428287029266357,11,0.440000,0.00533668,0.00533669,-0.00000106,0.00533668,0.00533668,0.00000000,1.179632,1.182638,-0.002549,0.022937,0.022900,0.001605,0.955831,0.955927,0.000096,0.00327276,1.85759816,1.000000
pkdd8,PKDD-8,658,660.000,665.000,2661,150,24,0.085714,4.800000,68.868584,7.735169,0.860857,0.255033,0.355130,2.467127,0.247726,49.233021,1718,0.355130,-2.9652259349823,11,0.458333,0.00511407,0.00511407,-0.00000121,0.00511407,0.00511407,0.00000000,1.190608,1.194554,-0.003315,0.024565,0.024526,0.001589,0.952271,0.952372,0.000101,0.00340806,1.79367220,1.000000
pkdd8,PKDD-8,659,661.000,666.000,2534,150,23,0.082143,4.600000,69.018021,7.831719,0.862725,0.249429,0.343451,2.706359,0.259510,54.286560,1621,0.343451,-2.73708176612854,3,0.130435,0.00489696,0.00489697,-0.00000105,0.00489696,0.00489696,0.00000000,1.190808,1.194912,-0.003446,0.024579,0.024541,0.001515,0.952093,0.952198,0.000105,0.00291280,1.81354786,1.000000
pkdd8,PKDD-8,660,662.000,667.000,2437,150,22,0.078571,4.400000,69.534843,7.824771,0.869186,0.242010,0.336345,3.066208,0.315595,62.324200,1532,0.336345,-2.3913135528564453,6,0.272727,0.00486839,0.00486839,-0.00000085,0.00486839,0.00486839,0.00000000,1.184666,1.188788,-0.003479,0.023676,0.023640,0.001517,0.953968,0.954076,0.000107,0.00261309,1.97877141,1.000000
pkdd8,PKDD-8,661,663.000,668.000,2426,150,26,0.092857,5.200000,70.639931,7.779493,0.882999,0.234218,0.326153,3.366704,0.422454,68.772446,1521,0.326153,-2.049666166305542,7,0.269231,0.00484995,0.00484995,-0.00000064,0.00484995,0.00484995,0.00000000,1.185216,1.188954,-0.003153,0.023798,0.023764,0.001456,0.953827,0.953933,0.000106,0.00259698,2.24591906,1.000000
pkdd8,PKDD-8,662,664.000,669.000,2408,150,26,0.092857,5.200000,71.638275,7.660578,0.895478,0.231971,0.332992,3.589658,0.523632,73.340141,1503,0.332992,-1.8630199432373047,7,0.269231,0.00491090,0.00491091,-0.00000042,0.00491090,0.00491090,0.00000000,1.192611,1.196347,-0.003133,0.024806,0.024770,0.001446,0.951849,0.951954,0.000104,0.00286144,2.54437948,1.000000
pkdd8,PKDD-8,663,665.000,670.000,2409,150,27,0.096429,5.400000,72.687057,7.535680,0.908588,0.231364,0.328543,3.655504,0.523686,75.277687,1504,0.328543,-1.8278512954711914,7,0.259259,0.00513999,0.00513999,-0.00000030,0.00513999,0.00513999,0.00000000,1.191430,1.195835,-0.003697,0.024703,0.024671,0.001294,0.952284,0.952387,0.000102,0.00317300,2.75455602,1.000000
pkdd8,PKDD-8,664,666.000,671.000,2497,150,26,0.092857,5.200000,73.476112,7.457746,0.918451,0.222430,0.311201,3.605671,0.550826,74.610428,1592,0.311201,-1.9431910514831543,7,0.269231,0.00538960,0.00538960,-0.00000019,0.00538960,0.00538960,0.00000000,1.179289,1.183926,-0.003932,0.023253,0.023233,0.000871,0.955045,0.955125,0.000080,0.00335139,2.40681778,1.000000
pkdd8,PKDD-8,665,667.000,672.000,2588,150,25,0.089286,5.000000,73.866272,7.427569,0.923328,0.223041,0.299421,3.350054,0.511701,69.003082,1688,0.299421,-2.270259380340576,2,0.080000,0.00540658,0.00540658,-0.00000019,0.00540658,0.00540658,0.00000000,1.183846,1.188846,-0.004224,0.023964,0.023945,0.000827,0.953561,0.953640,0.000079,0.00298765,2.12413732,1.000000
pkdd8,PKDD-8,666,668.000,673.000,2600,150,24,0.085714,4.800000,73.741074,7.557715,0.921763,0.237147,0.312914,2.967785,0.511701,60.924179,1700,0.312914,-2.7038910388946533,1,0.041667,0.00546232,0.00546232,-0.00000047,0.00546232,0.00546232,0.00000000,1.189642,1.194212,-0.003841,0.024666,0.024640,0.001061,0.952207,0.952296,0.000088,0.00290706,1.90257132,1.000000
pkdd8,PKDD-8,667,669.000,674.000,2626,150,22,0.078571,4.400000,73.563248,7.550768,0.919541,0.251399,0.322242,2.622824,0.138431,53.727802,1726,0.322242,-3.116854429244995,4,0.181818,0.00540115,0.00540115,-0.00000038,0.00540115,0.00540115,0.00000000,1.181018,1.184462,-0.002916,0.023484,0.023457,0.001171,0.954472,0.954560,0.000088,0.00289112,1.83586366,1.000000
pkdd8,PKDD-8,668,670.000,675.000,2613,150,21,0.075000,4.200000,73.231010,7.565412,0.915388,0.270250,0.350716,2.496842,0.120476,50.472790,1713,0.350716,-3.2564773559570312,5,0.238095,0.00536971,0.00536971,-0.00000096,0.00536971,0.00536971,0.00000000,1.186809,1.189096,-0.001927,0.024088,0.024055,0.001390,0.953357,0.953450,0.000093,0.00274697,1.86088211,1.000000
pkdd8,PKDD-8,669,671.000,676.000,2623,150,22,0.078571,4.400000,72.686966,7.469816,0.908587,0.268288,0.353674,2.514920,0.112245,49.930149,1694,0.353674,-3.1879689693450928,6,0.272727,0.00522266,0.00522267,-0.00000099,0.00522266,0.00522266,0.00000000,1.193208,1.195160,-0.001636,0.024976,0.024938,0.001524,0.951600,0.951698,0.000098,0.00274359,1.95420333,1.000000
pkdd8,PKDD-8,670,672.000,677.000,2562,150,22,0.078571,4.400000,72.087639,7.389453,0.901095,0.277184,0.369334,2.617865,0.112245,51.313129,1603,0.369334,-3.043025493621826,5,0.227273,0.00503553,0.00503554,-0.00000061,0.00503553,0.00503553,0.00000000,1.188717,1.189529,-0.000683,0.024309,0.024266,0.001784,0.953033,0.953130,0.000098,0.00286894,2.05897648,1.000000
pkdd8,PKDD-8,671,673.000,678.000,2464,150,20,0.071429,4.000000,71.544823,7.322263,0.894310,0.271090,0.379991,2.797811,0.112245,54.715561,1475,0.379991,-2.8600666522979736,5,0.250000,0.00472798,0.00472798,-0.00000044,0.00472798,0.00472798,0.00000000,1.184642,1.185073,-0.000364,0.023899,0.023855,0.001855,0.953637,0.953733,0.000096,0.00291124,2.19141527,1.000000
pkdd8,PKDD-8,672,674.000,679.000,2318,150,19,0.067857,3.800000,70.967995,7.332264,0.887100,0.261869,0.367182,3.012121,0.014937,58.605839,1301,0.367182,-2.6175522804260254,5,0.263158,0.00441088,0.00441088,0.00000000,0.00441088,0.00441088,0.00000000,1.186324,1.186783,-0.000387,0.024239,0.024196,0.001755,0.952898,0.952992,0.000094,0.00285773,2.36884454,1.000000
pkdd8,PKDD-8,673,675.000,680.000,2179,150,18,0.064286,3.600000,70.368027,7.338789,0.879600,0.261039,0.353745,3.231879,0.014937,62.565342,1132,0.353745,-2.3703041076660156,4,0.222222,0.00401916,0.00401916,0.00000013,0.00401916,0.00401916,0.00000000,1.185577,1.185577,0.000000,0.024405,0.024358,0.001937,0.952476,0.952579,0.000103,0.00279442,2.67349007,1.000000
pkdd8,PKDD-8,674,676.000,681.000,1983,150,18,0.064286,3.600000,69.608818,7.436292,0.870110,0.262640,0.349392,3.634259,0.014937,69.772232,935,0.349392,-1.887333869934082,3,0.166667,0.00372191,0.00372191,0.00000035,0.00372191,0.00372191,0.00000000,1.183651,1.184196,-0.000460,0.024046,0.023990,0.002301,0.953231,0.953347,0.000116,0.00258122,2.99253703,1.000000
pkdd8,PKDD-8,675,677.000,682.000,1835,150,19,0.067857,3.800000,68.691032,7.481630,0.858638,0.245567,0.340319,4.611541,0.014937,87.581375,759,0.340319,-0.7404662370681763,3,0.157895,0.00333626,0.00333627,-0.00000031,0.00333626,0.00333626,0.00000000,1.189106,1.190331,-0.001029,0.024769,0.024719,0.002054,0.951954,0.952074,0.000120,0.00215106,3.08855136,1.000000
pkdd8,PKDD-8,676,678.000,683.000,1634,150,17,0.060714,3.400000,68.220665,7.325285,0.852758,0.237807,0.320377,5.417417,0.014937,101.847191,558,0.320377,0.13230633735656738,3,0.176471,0.00303568,0.00303568,-0.00000025,0.00303568,0.00303568,0.00000000,1.187031,1.189078,-0.001725,0.024348,0.024300,0.001983,0.952923,0.953037,0.000114,0.00192404,2.98335653,1.000000
pkdd8,PKDD-8,677,679.000,684.000,1465,150,16,0.057143,3.200000,67.721199,6.970153,0.846515,0.223174,0.314806,6.325729,1.334720,118.178505,387,0.314806,1.1468267440795898,0,0.000000,0.00291398,0.00291399,-0.00000088,0.00291398,0.00291398,0.00000000,1.197531,1.201888,-0.003639,0.025674,0.025629,0.001749,0.950526,0.950645,0.000119,0.00186554,2.58509290,1.000000
pkdd8,PKDD-8,678,680.000,685.000,1377,150,19,0.067857,3.800000,67.501785,6.429954,0.843772,0.190309,0.274351,7.038323,1.334720,131.630447,299,0.274351,2.009347677230835,0,0.000000,0.00289971,0.00289971,-0.00000071,0.00289971,0.00289971,0.00000000,1.197368,1.202485,-0.004273,0.025593,0.025559,0.001346,0.950267,0.950365,0.000098,0.00194143,2.07594262,1.000000
pkdd8,PKDD-8,679,681.000,686.000,1368,150,17,0.060714,3.400000,67.842575,6.030785,0.848032,0.194228,0.275484,6.538423,1.767408,125.533630,290,0.275484,1.396299123764038,0,0.000000,0.00295651,0.00295651,-0.00000070,0.00295651,0.00295651,0.00000000,1.194544,1.198851,-0.003606,0.025189,0.025165,0.000970,0.951107,0.951186,0.000079,0.00218040,1.72530063,1.000000
pkdd8,PKDD-8,680,682.000,687.000,1393,150,15,0.053571,3.000000,68.666061,5.691351,0.858326,0.191882,0.263013,4.319096,1.492762,86.684753,347,0.263013,-1.147843360900879,0,0.000000,0.00317590,0.00317590,-0.00000032,0.00317590,0.00317590,0.00000000,1.196950,1.200265,-0.002770,0.025463,0.025436,0.001052,0.950403,0.950478,0.000075,0.00234050,1.57382841,1.000000
pkdd8,PKDD-8,681,683.000,688.000,1508,150,14,0.050000,2.800000,69.284645,5.514833,0.866058,0.185312,0.247305,3.563468,1.455877,72.682297,492,0.247305,-2.0340816974639893,0,0.000000,0.00345364,0.00345365,-0.00000089,0.00345364,0.00345364,0.00000000,1.202776,1.205190,-0.002007,0.026465,0.026436,0.001083,0.948247,0.948324,0.000077,0.00253276,1.44190025,1.000000
pkdd8,PKDD-8,682,684.000,689.000,1657,150,15,0.053571,3.000000,70.040604,5.486414,0.875508,0.185161,0.244062,3.237255,1.408755,65.881561,671,0.244062,-2.4139208793640137,0,0.000000,0.00371852,0.00371853,-0.00000111,0.00371852,0.00371852,0.00000000,1.194105,1.195217,-0.000932,0.024918,0.024891,0.001078,0.951567,0.951632,0.000065,0.00261165,1.33560759,1.000000
pkdd8,PKDD-8,683,685.000,690.000,1798,150,16,0.057143,3.200000,70.647255,5.470233,0.883091,0.190950,0.246725,2.943928,0.576640,59.924942,818,0.246725,-2.7477099895477295,0,0.000000,0.00398800,0.00398801,-0.00000090,0.00398800,0.00398800,0.00000000,1.186556,1.187077,-0.000439,0.024170,0.024148,0.000937,0.953035,0.953090,0.000055,0.00271753,1.26903629,1.000000
pkdd8,PKDD-8,684,686.000,691.000,1919,150,17,0.060714,3.400000,71.047478,5.510538,0.888093,0.194148,0.253092,2.594939,0.576640,52.457050,939,0.253092,-3.132439374923706,0,0.000000,0.00419802,0.00419802,-0.00000049,0.00419802,0.00419802,0.00000000,1.201092,1.201589,-0.000413,0.025833,0.025802,0.001203,0.949857,0.949928,0.000072,0.00291363,1.23044947,1.000000
pkdd8,PKDD-8,685,687.000,692.000,2014,150,16,0.057143,3.200000,71.352142,5.579211,0.891902,0.206099,0.268381,2.351590,0.576640,47.158600,1030,0.268381,-3.434420585632324,0,0.000000,0.00437917,0.00437918,-0.00000094,0.00437917,0.00437917,0.00000000,1.185980,1.186457,-0.000402,0.023792,0.023761,0.001306,0.953986,0.954055,0.000069,0.00310971,1.20416874,1.000000
pkdd8,PKDD-8,686,688.000,693.000,2097,150,15,0.053571,3.000000,71.486771,5.856670,0.893585,0.216636,0.284481,2.241751,0.576640,44.781971,1083,0.284481,-3.5811660289764404,0,0.000000,0.00446553,0.00446553,-0.00000035,0.00446553,0.00446553,0.00000000,1.184874,1.185341,-0.000394,0.023500,0.023459,0.001764,0.954724,0.954811,0.000087,0.00337566,1.16053302,1.000000
pkdd8,PKDD-8,687,689.000,694.000,2142,150,15,0.053571,3.000000,71.575600,6.092262,0.894695,0.238259,0.313126,2.209821,0.576640,44.059742,1114,0.313126,-3.6245598793029785,0,0.000000,0.00440114,0.00440114,-0.00000047,0.00440114,0.00440114,0.00000000,1.200283,1.200283,0.000000,0.025932,0.025884,0.001840,0.949621,0.949719,0.000098,0.00367088,1.08506450,1.000000
pkdd8,PKDD-8,688,690.000,695.000,2117,150,15,0.053571,3.000000,71.623024,6.371970,0.895288,0.252307,0.336604,2.184929,0.659562,43.435501,1113,0.336604,-3.666574716567993,4,0.266667,0.00409386,0.00409387,-0.00000057,0.00409386,0.00409386,0.00000000,1.197581,1.198085,-0.000421,0.025366,0.025312,0.002125,0.951083,0.951195,0.000111,0.00372602,1.01620332,1.000000
pkdd8,PKDD-8,689,691.000,696.000,1984,150,15,0.053571,3.000000,71.847038,6.423057,0.898088,0.241772,0.328469,2.060824,0.744664,41.268200,1037,0.328469,-3.8334922790527344,4,0.266667,0.00368534,0.00368534,-0.00000091,0.00368534,0.00368534,0.00000000,1.182934,1.183491,-0.000471,0.023496,0.023443,0.002276,0.954883,0.954992,0.000109,0.00333403,0.92141856,1.000000
pkdd8,PKDD-8,690,692.000,697.000,1793,150,16,0.057143,3.200000,72.288666,6.873960,0.903608,0.249774,0.332815,2.077634,0.762599,42.730030,936,0.332815,-3.835210084915161,4,0.250000,0.00335649,0.00335650,-0.00000038,0.00335649,0.00335649,0.00000000,1.206728,1.207951,-0.001014,0.026519,0.026458,0.002300,0.949051,0.949177,0.000127,0.00308564,0.84265268,1.000000
pkdd8,PKDD-8,691,693.000,698.000,1635,150,16,0.057143,3.200000,72.898918,7.492076,0.911236,0.263539,0.349731,2.374214,0.762599,50.900318,868,0.349731,-3.5530495643615723,4,0.250000,0.00313315,0.00313315,-0.00000041,0.00313315,0.00313315,0.00000000,1.211488,1.212794,-0.001078,0.027386,0.027339,0.001746,0.946966,0.947077,0.000111,0.00279875,0.90707332,1.000000
pkdd8,PKDD-8,692,694.000,699.000,1532,150,18,0.064286,3.600000,72.838303,9.453975,0.910479,0.273129,0.381010,3.238938,0.762599,65.345184,810,0.381010,-2.5597426891326904,4,0.222222,0.00289711,0.00289711,0.00000027,0.00289711,0.00289711,0.00000000,1.195329,1.198868,-0.002960,0.025127,0.025105,0.000904,0.951630,0.951727,0.000097,0.00251075,1.02462478,1.000000
pkdd8,PKDD-8,693,695.000,700.000,1413,150,17,0.060714,3.400000,72.872551,11.225941,0.910907,0.260070,0.371587,4.299156,0.846518,82.664238,721,0.371587,-1.407515287399292,0,0.000000,0.00285240,0.00285240,0.00000081,0.00285240,0.00285240,0.00000000,1.203193,1.206821,-0.003016,0.026201,0.026172,0.001101,0.949354,0.949467,0.000113,0.00220743,1.28572775,1.000000
pkdd8,PKDD-8,694,696.000,701.000,1378,150,16,0.057143,3.200000,73.207748,12.683292,0.915097,0.290436,0.400698,5.421077,0.966913,99.087616,660,0.400698,-0.2008509635925293,0,0.000000,0.00294107,0.00294107,0.00000052,0.00294107,0.00294107,0.00000000,1.198727,1.203678,-0.004130,0.026025,0.025993,0.001222,0.949426,0.949556,0.000130,0.00199397,1.57813060,1.000000
pkdd8,PKDD-8,695,697.000,702.000,1414,150,15,0.053571,3.000000,72.968384,13.712697,0.912105,0.282465,0.393732,6.053936,0.966913,105.568275,636,0.393732,0.4975287914276123,2,0.133333,0.00297275,0.00297275,0.00000035,0.00297275,0.00297275,0.00000000,1.186014,1.190210,-0.003538,0.024324,0.024299,0.001005,0.952779,0.952897,0.000118,0.00201331,2.01484967,1.000000
pkdd8,PKDD-8,696,698.000,703.000,1430,150,15,0.053571,3.000000,72.714897,14.534313,0.908936,0.279164,0.377438,6.012851,0.966913,98.667030,606,0.377438,0.4712057113647461,2,0.133333,0.00306081,0.00306081,0.00000067,0.00306081,0.00306081,0.00000000,1.194921,1.199039,-0.003446,0.025414,0.025373,0.001611,0.951038,0.951190,0.000151,0.00167273,2.80001890,1.000000
pkdd8,PKDD-8,697,699.000,704.000,1457,150,15,0.053571,3.000000,72.782463,14.469102,0.909781,0.268195,0.353590,5.064723,0.722500,81.199203,632,0.353590,-0.5759158134460449,2,0.133333,0.00329086,0.00329086,0.00000070,0.00329086,0.00329086,0.00000000,1.182935,1.184874,-0.001639,0.023493,0.023435,0.002484,0.955031,0.955183,0.000152,0.00157948,1.94740574,1.000000
pkdd8,PKDD-8,698,700.000,705.000,1547,150,15,0.053571,3.000000,72.477020,14.226725,0.905963,0.282855,0.375941,4.405199,0.722500,69.884270,693,0.375941,-1.275156021118164,5,0.333333,0.00363784,0.00363783,0.00000057,0.00363784,0.00363784,0.00000000,1.191452,1.193208,-0.001474,0.024604,0.024546,0.002334,0.952872,0.953016,0.000143,0.00187425,1.74865689,1.000000
pkdd8,PKDD-8,699,701.000,706.000,1708,150,17,0.060714,3.400000,72.080688,13.977338,0.901009,0.287410,0.404272,3.883493,0.544085,63.906963,853,0.404272,-1.7768840789794922,5,0.294118,0.00397449,0.00397448,0.00000091,0.00397449,0.00397449,0.00000000,1.200000,1.201078,-0.000898,0.025702,0.025651,0.001999,0.950621,0.950746,0.000125,0.00217897,1.58262874,1.000000
pkdd8,PKDD-8,700,702.000,707.000,1855,150,17,0.060714,3.400000,71.809097,13.495028,0.897614,0.317286,0.450001,3.478650,0.279102,59.086098,971,0.450001,-2.1929919719696045,3,0.176471,0.00439777,0.00439777,0.00000070,0.00439777,0.00439777,0.00000000,1.198242,1.200195,-0.001630,0.025407,0.025358,0.001916,0.951221,0.951342,0.000120,0.00223944,1.41351055,1.000000
pkdd8,PKDD-8,701,703.000,708.000,2048,150,18,0.064286,3.600000,70.829193,12.699650,0.885365,0.336619,0.474509,3.248529,0.040962,55.906391,1120,0.474509,-2.352175712585449,6,0.333333,0.00479128,0.00479128,0.00000000,0.00479128,0.00479128,0.00000000,1.184388,1.186182,-0.001515,0.023428,0.023396,0.001367,0.954842,0.954927,0.000085,0.00249477,1.31842986,1.000000
pkdd8,PKDD-8,702,704.000,709.000,2229,150,19,0.067857,3.800000,70.040314,11.812767,0.875504,0.344409,0.482782,3.050082,0.040962,53.249157,1241,0.482782,-2.490912437438965,6,0.315789,0.00511370,0.00511370,-0.00000010,0.00511370,0.00511370,0.00000000,1.202431,1.204946,-0.002091,0.026031,0.025995,0.001387,0.949543,0.949643,0.000100,0.00284170,1.29376953,1.000000
pkdd8,PKDD-8,703,705.000,710.000,2386,150,20,0.071429,4.000000,69.379280,10.919846,0.867241,0.357476,0.487665,2.854891,0.040962,50.639103,1367,0.487665,-2.6366682052612305,6,0.300000,0.00536657,0.00536658,-0.00000058,0.00536657,0.00536657,0.00000000,1.187726,1.189731,-0.001689,0.024059,0.024030,0.001230,0.953175,0.953263,0.000088,0.00268232,1.25941143,1.000000
pkdd8,PKDD-8,704,706.000,711.000,2493,150,21,0.075000,4.200000,68.561432,9.818003,0.857018,0.337337,0.464534,2.740287,0.040962,49.365738,1444,0.464534,-2.6837382316589355,13,0.619048,0.00560470,0.00560471,-0.00000101,0.00560470,0.00560470,0.00000000,1.193436,1.195753,-0.001941,0.024764,0.024733,0.001235,0.951810,0.951906,0.000095,0.00231880,1.27353944,1.000000
pkdd8,PKDD-8,705,707.000,712.000,2590,150,22,0.078571,4.400000,67.771729,8.819286,0.847147,0.303304,0.416497,2.702342,0.040962,48.769257,1540,0.416497,-2.6473135948181152,15,0.681818,0.00584976,0.00584977,-0.00000123,0.00584976,0.00584976,0.00000000,1.195076,1.196568,-0.001248,0.024992,0.024955,0.001484,0.951284,0.951391,0.000107,0.00248349,1.31988810,1.000000
pkdd8,PKDD-8,706,708.000,713.000,2681,150,23,0.082143,4.600000,67.482117,8.298493,0.843526,0.273117,0.357943,2.762605,0.112179,50.203011,1631,0.357943,-2.53385329246521,13,0.565217,0.00608426,0.00608426,-0.00000034,0.00608426,0.00608426,0.00000000,1.199567,1.201371,-0.001504,0.025753,0.025712,0.001593,0.949919,0.950039,0.000120,0.00266413,1.36456953,1.000000
pkdd8,PKDD-8,707,709.000,714.000,2771,150,24,0.085714,4.800000,67.287506,7.990943,0.841094,0.256783,0.328063,2.840470,0.267331,51.889099,1721,0.328063,-2.4042696952819824,14,0.583333,0.00638866,0.00638866,-0.00000056,0.00638866,0.00638866,0.00000000,1.192746,1.195164,-0.002027,0.024964,0.024929,0.001428,0.951381,0.951487,0.000106,0.00293991,1.39360913,1.000000
pkdd8,PKDD-8,708,710.000,715.000,2895,150,25,0.089286,5.000000,67.263222,7.841320,0.840790,0.232823,0.301077,2.900611,0.388151,53.331501,1843,0.301077,-2.3052902221679688,15,0.600000,0.00668674,0.00668674,0.00000015,0.00668674,0.00668674,0.00000000,1.201393,1.203716,-0.001933,0.025929,0.025888,0.001586,0.949725,0.949836,0.000111,0.00252191,1.40855386,1.000000
pkdd8,PKDD-8,709,711.000,716.000,3014,150,26,0.092857,5.200000,67.017593,7.802885,0.837720,0.234376,0.304640,2.861534,0.338816,52.263374,1943,0.304640,-2.304326057434082,20,0.769231,0.00693326,0.00693326,0.00000022,0.00693326,0.00693326,0.00000000,1.201404,1.203958,-0.002125,0.025876,0.025835,0.001601,0.950036,0.950150,0.000114,0.00261914,1.29526770,1.000000
pkdd8,PKDD-8,710,712.000,717.000,3133,150,28,0.100000,5.600000,66.540375,7.825092,0.831755,0.231800,0.306525,2.876450,0.338816,51.725620,2092,0.306525,-2.209632396697998,18,0.642857,0.00716896,0.00716896,0.00000014,0.00716896,0.00716896,0.00000000,1.201353,1.204427,-0.002559,0.025962,0.025921,0.001560,0.949800,0.949913,0.000113,0.00304503,1.25618467,1.000000
pkdd8,PKDD-8,711,713.000,718.000,3253,150,30,0.107143,6.000000,66.102936,7.942791,0.826287,0.239406,0.324863,2.942378,0.338816,52.122749,2213,0.324863,-2.057140588760376,21,0.700000,0.00750506,0.00750507,-0.00000027,0.00750506,0.00750506,0.00000000,1.191211,1.194121,-0.002443,0.024391,0.024348,0.001778,0.953135,0.953243,0.000107,0.00326941,1.23580740,1.000000
pkdd8,PKDD-8,712,714.000,719.000,3436,150,34,0.121429,6.800000,65.581535,8.110617,0.819769,0.235607,0.322153,2.992609,0.004588,52.231098,2367,0.322153,-1.879835844039917,32,0.941176,0.00777631,0.00777632,-0.00000053,0.00777631,0.00777631,0.00000000,1.195664,1.198166,-0.002092,0.024948,0.024897,0.002037,0.952134,0.952256,0.000122,0.00335322,1.19595998,1.000000
pkdd8,PKDD-8,713,715.000,720.000,3598,150,35,0.125000,7.000000,64.782555,8.652937,0.809782,0.237575,0.327954,2.947652,0.004538,50.526897,2521,0.327954,-1.8556103706359863,30,0.857143,0.00788667,0.00788667,-0.00000078,0.00788667,0.00788667,0.00000000,1.201626,1.205149,-0.002932,0.026010,0.025958,0.002021,0.949929,0.950061,0.000132,0.00371771,1.21167070,1.000000
pkdd8,PKDD-8,714,716.000,721.000,3690,150,32,0.114286,6.400000,64.304283,9.100987,0.803804,0.256642,0.360621,2.909119,0.004536,49.587925,2631,0.360621,-1.9231966733932495,18,0.562500,0.00799534,0.00799535,-0.00000064,0.00799534,0.00799534,0.00000000,1.189390,1.192308,-0.002453,0.024307,0.024261,0.001930,0.953150,0.953266,0.000117,0.00363015,1.30384178,1.000000
pkdd8,PKDD-8,715,717.000,722.000,3770,150,30,0.107143,6.000000,64.197197,9.621159,0.802465,0.283837,0.410157,2.878197,0.004536,48.982456,2681,0.410157,-1.9843324422836304,23,0.766667,0.00815004,0.00815005,-0.00000063,0.00815004,0.00815004,0.00000000,1.187080,1.189922,-0.002394,0.024103,0.024059,0.001819,0.953387,0.953497,0.000110,0.00325458,1.33023003,1.000000
pkdd8,PKDD-8,716,718.000,723.000,3870,150,33,0.117857,6.600000,64.132507,10.130008,0.801656,0.288553,0.430767,2.834846,0.000015,48.143494,2773,0.430767,-1.977204442024231,19,0.575758,0.00793800,0.00793800,-0.00000052,0.00793800,0.00793800,0.00000000,1.205400,1.208576,-0.002635,0.026620,0.026570,0.001899,0.948309,0.948439,0.000131,0.00282161,1.32766097,1.000000
pkdd8,PKDD-8,717,719.000,724.000,3778,150,31,0.110714,6.200000,64.131874,10.855688,0.801648,0.310603,0.470962,2.755364,0.000015,45.935753,2703,0.470962,-2.1083285808563232,8,0.258065,0.00783896,0.00783896,-0.00000013,0.00783896,0.00783896,0.00000000,1.191461,1.194952,-0.002930,0.024826,0.024779,0.001864,0.951694,0.951816,0.000121,0.00264849,1.34219101,1.000000
pkdd8,PKDD-8,718,720.000,725.000,3724,150,31,0.110714,6.200000,64.455429,11.506010,0.805693,0.330784,0.496932,2.718184,0.000015,45.166019,2642,0.496932,-2.1689372062683105,13,0.419355,0.00786580,0.00786580,-0.00000026,0.00786580,0.00786580,0.00000000,1.193410,1.195821,-0.002020,0.024886,0.024836,0.002000,0.951805,0.951927,0.000121,0.00278817,1.30505011,1.000000
pkdd8,PKDD-8,719,721.000,726.000,3733,150,31,0.110714,6.200000,64.596352,12.290874,0.807454,0.319586,0.485601,2.625204,0.000015,44.327660,2628,0.485601,-2.284210681915283,16,0.516129,0.00777722,0.00777722,-0.00000033,0.00777722,0.00777722,0.00000000,1.191547,1.193714,-0.001819,0.024750,0.024699,0.002036,0.951923,0.952043,0.000120,0.00287727,1.29411760,0.999634
pkdd8,PKDD-8,720,722.000,727.000,3691,150,31,0.110714,6.200000,64.679565,13.177725,0.808495,0.299161,0.456683,2.593110,0.000015,44.846661,2586,0.456683,-2.336353063583374,17,0.548387,0.00747306,0.00747306,-0.00000041,0.00747306,0.00747306,0.00000000,1.192145,1.194405,-0.001896,0.024775,0.024721,0.002170,0.952115,0.952240,0.000124,0.00322690,1.30516201,0.997457
pkdd8,PKDD-8,721,723.000,728.000,3539,150,28,0.100000,5.600000,64.648376,14.066824,0.808105,0.290783,0.431833,2.582302,0.004563,45.740852,2441,0.431833,-2.411879539489746,18,0.642857,0.00729833,0.00729833,-0.00000028,0.00729833,0.00729833,0.00000000,1.185689,1.187428,-0.001466,0.023967,0.023918,0.002033,0.953696,0.953806,0.000110,0.00331835,1.32455196,0.995177
pkdd8,PKDD-8,722,724.000,729.000,3452,150,28,0.100000,5.600000,64.539192,14.725160,0.806740,0.270310,0.395419,2.627977,0.004691,48.533039,2361,0.395419,-2.3690576553344727,18,0.642857,0.00690279,0.00690279,-0.00000022,0.00690279,0.00690279,0.00000000,1.185627,1.186239,-0.000516,0.023919,0.023872,0.001949,0.953813,0.953916,0.000103,0.00303132,1.30015098,0.991606
pkdd8,PKDD-8,723,725.000,730.000,3270,150,29,0.103571,5.800000,64.309204,15.340520,0.803865,0.258478,0.365012,2.681707,0.004691,51.042995,2196,0.365012,-2.2913331985473633,11,0.379310,0.00647217,0.00647216,0.00000048,0.00647217,0.00647217,0.00000000,1.174181,1.175478,-0.001105,0.022465,0.022433,0.001441,0.956534,0.956617,0.000083,0.00310258,1.30574196,0.990659
pkdd8,PKDD-8,724,726.000,731.000,3083,150,29,0.103571,5.800000,64.360542,15.975558,0.804507,0.245599,0.344201,2.861042,0.004784,54.340828,2004,0.344201,-2.1111810207366943,12,0.413793,0.00605564,0.00605564,0.00000051,0.00605564,0.00605564,0.00000000,1.181252,1.182636,-0.001171,0.023379,0.023342,0.001582,0.954828,0.954921,0.000093,0.00298795,1.26690139,0.989415
pkdd8,PKDD-8,725,727.000,732.000,2891,150,26,0.092857,5.200000,64.421387,16.544800,0.805267,0.252504,0.349743,2.989714,0.189548,56.570442,1782,0.349743,-2.0444045066833496,6,0.230769,0.00570394,0.00570393,0.00000072,0.00570394,0.00570394,0.00000000,1.189327,1.190058,-0.000615,0.024314,0.024272,0.001706,0.952947,0.953045,0.000099,0.00276312,1.19791065,0.990954
pkdd8,PKDD-8,726,728.000,733.000,2736,150,26,0.092857,5.200000,64.334671,17.083563,0.804183,0.268688,0.386610,3.046332,0.189548,57.096920,1597,0.386610,-1.9825600385665894,5,0.192308,0.00553174,0.00553174,0.00000074,0.00553174,0.00553174,0.00000000,1.167104,1.168228,-0.000963,0.021331,0.021286,0.002088,0.958719,0.958816,0.000097,0.00243991,1.22952007,0.993593
pkdd8,PKDD-8,727,729.000,734.000,2669,150,27,0.096429,5.400000,64.729973,17.317802,0.809125,0.292633,0.435945,3.333997,0.353689,62.131214,1471,0.435945,-1.6734570264816284,7,0.259259,0.00540589,0.00540589,0.00000057,0.00540589,0.00540589,0.00000000,1.180540,1.181680,-0.000966,0.023025,0.022967,0.002501,0.955581,0.955700,0.000120,0.00243883,1.34724641,0.997606
pkdd8,PKDD-8,728,730.000,735.000,2631,150,27,0.096429,5.400000,65.193901,17.300159,0.814924,0.310470,0.489699,3.699683,0.613837,67.637901,1377,0.489699,-1.3012681007385254,7,0.259259,0.00529499,0.00529500,-0.00000039,0.00529499,0.00529499,0.00000000,1.177718,1.178103,-0.000327,0.022981,0.022919,0.002698,0.955256,0.955379,0.000123,0.00235841,1.44598942,0.998092
pkdd8,PKDD-8,729,731.000,736.000,2594,150,25,0.089286,5.000000,65.368423,17.016861,0.817105,0.351341,0.544696,4.435621,0.808259,74.528603,1339,0.544696,-0.5298236608505249,3,0.120000,0.00544727,0.00544727,-0.00000038,0.00544727,0.00544727,0.00000000,1.172949,1.174427,-0.001260,0.022372,0.022312,0.002647,0.956675,0.956799,0.000124,0.00256338,1.54610705,0.999335
pkdd8,PKDD-8,730,732.000,737.000,2706,150,27,0.096429,5.400000,65.504616,16.243883,0.818808,0.366810,0.571292,4.844533,0.689159,77.141075,1451,0.571292,-0.02964341640472412,3,0.111111,0.00587652,0.00587652,-0.00000009,0.00587652,0.00587652,0.00000000,1.171886,1.173587,-0.001452,0.022174,0.022115,0.002670,0.957335,0.957460,0.000125,0.00239400,1.75336712,1.000000
pkdd8,PKDD-8,731,733.000,738.000,2938,150,30,0.107143,6.000000,66.481117,15.349078,0.831014,0.353678,0.546572,4.905246,0.653972,77.441399,1683,0.546572,0.050765037536621094,6,0.200000,0.00629503,0.00629503,-0.00000049,0.00629503,0.00629503,0.00000000,1.185315,1.187540,-0.001877,0.024045,0.023991,0.002265,0.953559,0.953696,0.000137,0.00278586,1.87273463,1.000000
pkdd8,PKDD-8,732,734.000,739.000,3146,150,31,0.110714,6.200000,67.012489,14.601078,0.837656,0.342243,0.513488,4.576984,0.460077,70.994965,1920,0.513488,-0.30134689807891846,3,0.096774,0.00698636,0.00698636,-0.00000044,0.00698636,0.00698636,0.00000000,1.185398,1.187698,-0.001940,0.023986,0.023939,0.001962,0.953688,0.953816,0.000128,0.00326029,1.89067036,1.000000
pkdd8,PKDD-8,733,735.000,740.000,3479,150,34,0.121429,6.800000,67.173622,13.887512,0.839670,0.321164,0.467906,4.178780,0.422498,64.179001,2279,0.467906,-0.6688987016677856,5,0.147059,0.00766319,0.00766319,-0.00000013,0.00766319,0.00766319,0.00000000,1.185594,1.187960,-0.001996,0.023777,0.023728,0.002069,0.954260,0.954389,0.000129,0.00399216,1.92567796,1.000000
pkdd8,PKDD-8,734,736.000,741.000,3804,150,35,0.125000,7.000000,67.240074,13.302717,0.840501,0.310515,0.441077,3.628819,0.383419,57.250469,2604,0.441077,-1.2407410144805908,7,0.200000,0.00826974,0.00826974,-0.00000012,0.00826974,0.00826974,0.00000000,1.188772,1.191223,-0.002062,0.024265,0.024215,0.002060,0.953034,0.953160,0.000127,0.00447167,1.99597489,1.000000
pkdd8,PKDD-8,735,737.000,742.000,4079,150,36,0.128571,7.200000,67.324188,12.789706,0.841552,0.298803,0.411693,3.093120,0.383419,50.979485,2879,0.411693,-1.802427887916565,8,0.222222,0.00875384,0.00875384,-0.00000024,0.00875384,0.00875384,0.00000000,1.190254,1.192586,-0.001959,0.024459,0.024403,0.002312,0.952506,0.952645,0.000139,0.00448497,2.06223645,1.000000
pkdd8,PKDD-8,736,738.000,743.000,4289,150,35,0.125000,7.000000,67.039635,12.222446,0.837995,0.294198,0.401124,2.687857,0.383419,45.664368,3089,0.401124,-2.2386903762817383,6,0.171429,0.00915462,0.00915461,0.00000034,0.00915462,0.00915462,0.00000000,1.190657,1.192892,-0.001877,0.024512,0.024458,0.002204,0.952541,0.952667,0.000126,0.00409578,2.08056423,1.000000
pkdd8,PKDD-8,737,739.000,744.000,4474,150,36,0.128571,7.200000,66.695137,11.693283,0.833689,0.294633,0.400362,2.375168,0.360029,41.312176,3274,0.400362,-2.5339443683624268,7,0.194444,0.00942736,0.00942735,0.00000044,0.00942736,0.00942736,0.00000000,1.187759,1.190155,-0.002017,0.024230,0.024172,0.002381,0.953062,0.953194,0.000132,0.00384365,2.21698369,1.000000
pkdd8,PKDD-8,738,740.000,745.000,4591,150,37,0.132143,7.400000,66.684219,11.239311,0.833553,0.298933,0.405431,2.103197,0.296558,37.847977,3391,0.405431,-2.8019070625305176,5,0.135135,0.00978453,0.00978453,0.00000021,0.00978453,0.00978453,0.00000000,1.191430,1.194415,-0.002505,0.024874,0.024819,0.002185,0.951679,0.951809,0.000130,0.00342269,2.33417266,1.000000
pkdd8,PKDD-8,739,741.000,746.000,4691,150,37,0.132143,7.400000,66.593201,10.827590,0.832415,0.290244,0.396650,1.987098,0.206797,36.727562,3491,0.396650,-2.9133493900299072,7,0.189189,0.01009579,0.01009578,0.00000061,0.01009579,0.01009579,0.00000000,1.196522,1.199036,-0.002101,0.025519,0.025462,0.002225,0.950562,0.950695,0.000134,0.00335649,2.31047869,1.000000
pkdd8,PKDD-8,740,742.000,747.000,4773,150,39,0.139286,7.800000,66.461708,10.471036,0.830771,0.301420,0.406469,2.000614,0.180605,36.928089,3573,0.406469,-2.839620590209961,7,0.179487,0.01039483,0.01039483,0.00000040,0.01039483,0.01039483,0.00000000,1.196795,1.199260,-0.002060,0.025691,0.025647,0.001737,0.950079,0.950191,0.000112,0.00336150,2.28728115,1.000000
pkdd8,PKDD-8,741,743.000,748.000,4868,150,40,0.142857,8.000000,66.505943,10.238153,0.831324,0.308405,0.412970,2.042403,0.180605,37.645508,3668,0.412970,-2.763624668121338,17,0.425000,0.01073837,0.01073837,0.00000019,0.01073837,0.01073837,0.00000000,1.197432,1.200241,-0.002346,0.025720,0.025678,0.001641,0.950123,0.950233,0.000110,0.00367554,2.24750102,1.000000
pkdd8,PKDD-8,742,744.000,749.000,4984,150,43,0.153571,8.600000,66.729286,9.991323,0.834116,0.302417,0.406144,2.133113,0.180605,39.416588,3784,0.406144,-2.6122851371765137,18,0.418605,0.01089445,0.01089445,0.00000000,0.01089445,0.01089445,0.00000000,1.195448,1.198043,-0.002171,0.025527,0.025492,0.001394,0.950446,0.950542,0.000096,0.00374687,2.20554034,1.000000
pkdd8,PKDD-8,743,745.000,750.000,5009,150,45,0.160714,9.000000,67.032280,9.687412,0.837903,0.296762,0.400393,2.214182,0.180605,41.181282,3809,0.400393,-2.503828287124634,19,0.422222,0.01084850,0.01084850,0.00000019,0.01084850,0.01084850,0.00000000,1.200642,1.202849,-0.001838,0.026221,0.026180,0.001575,0.949150,0.949254,0.000104,0.00381764,2.24104541,1.000000
pkdd8,PKDD-8,744,746.000,751.000,4984,150,42,0.150000,8.400000,67.469009,9.296864,0.843363,0.304486,0.411439,2.213469,0.113238,41.723660,3784,0.411439,-2.5939245223999023,17,0.404762,0.01077340,0.01077341,-0.00000019,0.01077340,0.01077340,0.00000000,1.195270,1.197493,-0.001860,0.025508,0.025468,0.001544,0.950534,0.950631,0.000097,0.00402046,2.43875215,1.000000
pkdd8,PKDD-8,745,747.000,752.000,4947,150,43,0.153571,8.600000,67.997284,8.839673,0.849966,0.360196,1.028646,2.201501,0.113238,41.739754,3767,1.028646,-2.6273465156555176,25,0.581395,0.01059707,0.01059707,0.00000000,0.01059707,0.01059707,0.00000000,1.198191,1.201069,-0.002402,0.025880,0.025862,0.000684,0.949874,0.949953,0.000078,0.00406222,2.47037073,1.000000
pkdd8,PKDD-8,746,748.000,753.000,4864,150,46,0.164286,9.200000,67.812599,9.536744,0.847657,0.390226,1.131398,2.287842,0.113238,42.672081,3714,1.131398,-2.4734575748443604,15,0.326087,0.01026072,0.01026073,-0.00000040,0.01026072,0.01026072,0.00000000,1.199022,1.202637,-0.003015,0.025959,0.025952,0.000253,0.949574,0.949661,0.000087,0.00441754,2.61706612,1.000000
pkdd8,PKDD-8,747,749.000,754.000,4703,150,42,0.150000,8.400000,67.594193,9.958396,0.844927,0.401804,1.158535,2.397764,0.004268,44.102417,3581,1.158535,-2.436563491821289,15,0.357143,0.00972082,0.00972082,-0.00000011,0.00972082,0.00972082,0.00000000,1.202603,1.206417,-0.003172,0.026358,0.026351,0.000273,0.948925,0.949018,0.000093,0.00432447,2.82555469,1.000000
pkdd8,PKDD-8,748,750.000,755.000,4457,150,37,0.132143,7.400000,67.313187,10.353480,0.841415,0.403187,1.190305,2.502727,0.004268,45.332954,3364,1.190305,-2.425842523574829,15,0.405405,0.00904790,0.00904790,-0.00000011,0.00904790,0.00904790,0.00000000,1.205116,1.209218,-0.003404,0.026651,0.026652,-0.000008,0.948266,0.948353,0.000087,0.00431598,3.04795043,1.000000
pkdd8,PKDD-8,749,751.000,756.000,4144,150,36,0.128571,7.200000,67.323486,10.627683,0.841544,0.403065,1.226150,2.582317,0.004268,46.114998,3081,1.226150,-2.376265048980713,13,0.361111,0.00855405,0.00855405,0.00000012,0.00855405,0.00855405,0.00000000,1.204285,1.208365,-0.003388,0.026484,0.026466,0.000685,0.948570,0.948703,0.000133,0.00435360,2.93461343,1.000000
pkdd8,PKDD-8,750,752.000,757.000,3921,150,35,0.125000,7.000000,67.232559,11.023828,0.840407,0.336682,0.677882,2.835763,0.004268,49.754353,2847,0.677882,-2.1256957054138184,5,0.142857,0.00810899,0.00810899,0.00000013,0.00810899,0.00810899,0.00000000,1.199303,1.203058,-0.003131,0.025802,0.025754,0.001889,0.949978,0.950142,0.000164,0.00455317,3.35225258,1.000000
pkdd8,PKDD-8,751,753.000,758.000,3728,150,36,0.128571,7.200000,67.651260,10.277568,0.845641,0.300329,0.461187,3.137323,0.004268,54.794361,2624,0.461187,-1.8180220127105713,11,0.305556,0.00756995,0.00756994,0.00000068,0.00756995,0.00756995,0.00000000,1.195081,1.197342,-0.001893,0.025467,0.025406,0.002397,0.950551,0.950702,0.000151,0.00417209,2.81454969,1.000000
pkdd8,PKDD-8,752,754.000,759.000,3537,150,35,0.125000,7.000000,68.029594,9.757084,0.850370,0.293278,0.428413,3.497796,0.332925,61.003075,2405,0.428413,-1.4772312641143799,10,0.285714,0.00715404,0.00715403,0.00000086,0.00715404,0.00715404,0.00000000,1.196147,1.199358,-0.002684,0.025603,0.025541,0.002404,0.950271,0.950428,0.000157,0.00349806,2.75573544,1.000000
pkdd8,PKDD-8,753,755.000,760.000,3426,150,31,0.110714,6.200000,67.999512,9.666060,0.849994,0.292573,0.408788,3.805107,0.332925,66.632477,2265,0.408788,-1.2250421047210693,9,0.290323,0.00683633,0.00683632,0.00000060,0.00683633,0.00683633,0.00000000,1.187221,1.189896,-0.002253,0.024311,0.024246,0.002682,0.952993,0.953151,0.000159,0.00337037,3.49742282,1.000000
pkdd8,PKDD-8,754,756.000,761.000,3365,150,31,0.110714,6.200000,67.348747,9.972849,0.841859,0.279497,0.390848,4.112323,0.332925,72.453629,2174,0.390848,-0.8646962642669678,10,0.322581,0.00626292,0.00626292,0.00000049,0.00626292,0.00626292,0.00000000,1.192356,1.195199,-0.002384,0.024993,0.024949,0.001745,0.951804,0.951915,0.000111,0.00327000,2.98135790,1.000000
pkdd8,PKDD-8,755,757.000,762.000,3166,150,33,0.117857,6.600000,66.674416,10.506537,0.833430,0.252097,0.359910,4.257524,0.332925,75.430458,1994,0.359910,-0.6437503099441528,9,0.272727,0.00567451,0.00567451,0.00000036,0.00567451,0.00567451,0.00000000,1.187033,1.189749,-0.002288,0.024324,0.024285,0.001604,0.953041,0.953148,0.000106,0.00268394,2.69889303,1.000000
pkdd8,PKDD-8,756,758.000,763.000,2946,150,31,0.110714,6.200000,66.133797,10.940723,0.826672,0.226340,0.316686,4.230916,0.550638,75.779800,1804,0.316686,-0.6898479461669922,2,0.064516,0.00537076,0.00537076,-0.00000019,0.00537076,0.00537076,0.00000000,1.189391,1.191527,-0.001796,0.024504,0.024459,0.001831,0.952725,0.952839,0.000114,0.00229603,2.36287755,1.000000
pkdd8,PKDD-8,757,759.000,764.000,2809,150,29,0.103571,5.800000,65.206581,11.593765,0.815082,0.213325,0.295617,4.081765,0.550638,73.100365,1697,0.295617,-0.838431715965271,1,0.034483,0.00531086,0.00531086,0.00000000,0.00531086,0.00531086,0.00000000,1.189786,1.190873,-0.000913,0.024422,0.024373,0.002015,0.952805,0.952922,0.000116,0.00203326,2.00875950,1.000000
pkdd8,PKDD-8,758,760.000,765.000,2761,150,28,0.100000,5.600000,64.516335,11.808763,0.806454,0.230108,0.317854,3.983594,1.305800,70.374985,1650,0.317854,-0.9171735048294067,1,0.035714,0.00548110,0.00548110,-0.00000009,0.00548110,0.00548110,0.00000000,1.192852,1.193914,-0.000890,0.024728,0.024678,0.002033,0.952176,0.952292,0.000117,0.00219987,1.95504494,1.000000
pkdd8,PKDD-8,759,761.000,766.000,2826,150,27,0.096429,5.400000,64.177643,11.937396,0.802221,0.249387,0.332104,3.903870,1.284488,67.582153,1715,0.332104,-0.9897537231445312,1,0.037037,0.00586233,0.00586233,-0.00000035,0.00586233,0.00586233,0.00000000,1.182667,1.184333,-0.001409,0.023412,0.023367,0.001911,0.954696,0.954803,0.000107,0.00229826,1.91873559,1.000000
pkdd8,PKDD-8,760,762.000,767.000,3000,150,26,0.092857,5.200000,64.028572,11.830989,0.800357,0.262976,0.348830,3.986280,1.280710,68.368126,1861,0.348830,-0.8980079889297485,4,0.153846,0.00614857,0.00614857,-0.00000008,0.00614857,0.00614857,0.00000000,1.196166,1.197444,-0.001068,0.025123,0.025072,0.002021,0.951331,0.951451,0.000120,0.00233555,1.85131267,1.000000
pkdd8,PKDD-8,761,763.000,768.000,3130,150,26,0.092857,5.200000,63.722183,11.822310,0.796527,0.278137,0.369593,4.019112,0.927372,68.025208,1961,0.369593,-0.8349531888961792,4,0.153846,0.00634634,0.00634634,0.00000032,0.00634634,0.00634634,0.00000000,1.187191,1.188738,-0.001303,0.023898,0.023849,0.002069,0.953910,0.954023,0.000113,0.00244391,1.79118392,1.000000
pkdd8,PKDD-8,762,764.000,769.000,3232,150,27,0.096429,5.400000,63.492931,11.793005,0.793662,0.286250,0.377574,4.053826,0.927372,67.743439,2033,0.377574,-0.7585326433181763,4,0.148148,0.00644907,0.00644907,-0.00000016,0.00644907,0.00644907,0.00000000,1.188662,1.190491,-0.001538,0.024142,0.024097,0.001852,0.953491,0.953596,0.000105,0.00247620,1.78681804,1.000000
pkdd8,PKDD-8,763,765.000,770.000,3281,150,27,0.096429,5.400000,63.172127,11.849374,0.789652,0.277383,0.370887,4.090234,0.927372,67.391327,2081,0.370887,-0.6999733448028564,4,0.148148,0.00639486,0.00639486,-0.00000016,0.00639486,0.00639486,0.00000000,1.179834,1.181986,-0.001824,0.023138,0.023090,0.002065,0.955477,0.955590,0.000113,0.00250304,1.75679529,1.000000
pkdd8,PKDD-8,764,766.000,771.000,3253,150,27,0.096429,5.400000,62.838924,11.951108,0.785487,0.264892,0.361635,4.179592,0.596709,67.877571,2053,0.361635,-0.5821332931518555,4,0.148148,0.00633477,0.00633477,0.00000016,0.00633477,0.00633477,0.00000000,1.200742,1.202908,-0.001803,0.025816,0.025761,0.002142,0.950269,0.950402,0.000133,0.00227999,1.64839230,1.000000
pkdd8,PKDD-8,765,767.000,772.000,3233,150,30,0.107143,6.000000,62.417786,11.852073,0.780222,0.250314,0.343252,4.043908,0.596709,65.336815,2033,0.343252,-0.6480081081390381,2,0.066667,0.00630946,0.00630946,-0.00000008,0.00630946,0.00630946,0.00000000,1.173523,1.176307,-0.002372,0.022297,0.022245,0.002307,0.957174,0.957300,0.000126,0.00239199,1.55125729,1.000000
pkdd8,PKDD-8,766,768.000,773.000,3233,150,27,0.096429,5.400000,62.038239,11.710049,0.775478,0.238076,0.322503,3.868016,0.596709,63.034019,2033,0.322503,-0.8794285655021667,7,0.259259,0.00627571,0.00627571,-0.00000033,0.00627571,0.00627571,0.00000000,1.187404,1.190800,-0.002860,0.024215,0.024155,0.002497,0.953051,0.953240,0.000189,0.00238493,1.51388753,1.000000
pkdd8,PKDD-8,767,769.000,774.000,3239,150,29,0.103571,5.800000,61.930099,11.632015,0.774126,0.229422,0.318471,3.708713,0.596709,61.501118,2039,0.318471,-1.0131146907806396,8,0.275862,0.00619030,0.00619030,0.00000017,0.00619030,0.00619030,0.00000000,1.186725,1.190447,-0.003136,0.024176,0.024098,0.003231,0.953045,0.953278,0.000232,0.00220444,1.49824357,1.000000
pkdd8,PKDD-8,768,770.000,775.000,3224,150,29,0.103571,5.800000,61.866508,11.698114,0.773331,0.242848,0.371093,3.444782,0.596709,58.216290,2024,0.371093,-1.298000693321228,8,0.275862,0.00629232,0.00629232,0.00000033,0.00629232,0.00629232,0.00000000,1.186441,1.190375,-0.003316,0.024111,0.024049,0.002587,0.953087,0.953294,0.000207,0.00257065,1.43107295,1.000000
pkdd8,PKDD-8,769,771.000,776.000,3304,150,29,0.103571,5.800000,61.707882,11.808056,0.771349,0.284128,0.476895,3.253948,0.554437,56.029133,2104,0.476895,-1.4996205568313599,7,0.241379,0.00629285,0.00629285,-0.00000016,0.00629285,0.00629285,0.00000000,1.170724,1.174331,-0.003081,0.022102,0.022050,0.002350,0.957081,0.957261,0.000179,0.00244123,1.44339217,1.000000
pkdd8,PKDD-8,770,772.000,777.000,3327,150,28,0.100000,5.600000,61.404400,12.379208,0.767555,0.325079,0.578979,3.293576,0.438945,56.599209,2127,0.578979,-1.456853985786438,6,0.214286,0.00627610,0.00627610,-0.00000008,0.00627610,0.00627610,0.00000000,1.192584,1.196770,-0.003511,0.025146,0.025082,0.002537,0.951096,0.951311,0.000215,0.00251590,1.49158038,1.000000
pkdd8,PKDD-8,771,773.000,778.000,3344,150,29,0.103571,5.800000,60.898773,13.424049,0.761235,0.360410,0.650637,3.363420,0.401038,57.205444,2144,0.650637,-1.3297802209854126,4,0.137931,0.00622543,0.00622543,-0.00000025,0.00622543,0.00622543,0.00000000,1.178453,1.182365,-0.003320,0.023190,0.023137,0.002312,0.955271,0.955429,0.000158,0.00228631,1.49562529,1.000000
pkdd8,PKDD-8,772,774.000,779.000,3323,150,29,0.103571,5.800000,60.217484,14.798041,0.752719,0.389281,0.693297,3.400904,0.401038,56.839348,2123,0.693297,-1.2456270456314087,6,0.206897,0.00621700,0.00621700,-0.00000083,0.00621700,0.00621700,0.00000000,1.172840,1.176152,-0.002824,0.022451,0.022413,0.001710,0.956716,0.956834,0.000118,0.00251012,1.50105602,1.000000
pkdd8,PKDD-8,773,775.000,780.000,3321,150,27,0.096429,5.400000,59.599331,16.244989,0.744992,0.383676,0.673968,3.551537,0.401038,58.745228,2121,0.673968,-1.079311728477478,6,0.222222,0.00620850,0.00620850,-0.00000041,0.00620850,0.00620850,0.00000000,1.167921,1.170930,-0.002577,0.021777,0.021728,0.002230,0.958136,0.958265,0.000129,0.00267375,1.57329742,0.998510
pkdd8,PKDD-8,774,776.000,781.000,3323,150,30,0.107143,6.000000,59.428753,17.855173,0.742859,0.353101,0.614655,3.564651,0.401038,58.919464,2123,0.614655,-0.9977080225944519,9,0.300000,0.00613605,0.00613605,-0.00000025,0.00613605,0.00613605,0.00000000,1.177223,1.179659,-0.002069,0.022865,0.022609,0.011224,0.956171,0.956636,0.000465,0.00244356,1.63661345,0.995341
pkdd8,PKDD-8,775,777.000,782.000,3284,150,28,0.100000,5.600000,59.404175,19.330532,0.742552,0.322491,0.526455,3.557788,0.401038,59.273792,2084,0.526455,-1.0447843074798584,10,0.357143,0.00609111,0.00609111,0.00000017,0.00609111,0.00609111,0.00000000,1.176923,1.178462,-0.001307,0.022945,0.022539,0.017680,0.955908,0.956896,0.000988,0.00248885,1.66854408,0.994600
pkdd8,PKDD-8,776,778.000,783.000,3250,150,26,0.092857,5.200000,59.698631,20.505907,0.746233,0.293897,0.437057,3.467796,0.450164,58.667675,2050,0.437057,-1.206458330154419,7,0.269231,0.00598368,0.00598367,0.00000052,0.00598368,0.00598368,0.00000000,1.189411,1.190986,-0.001325,0.025134,0.024710,0.016862,0.950206,0.951361,0.001155,0.00304871,1.73824465,0.990640
pkdd8,PKDD-8,777,779.000,784.000,3173,150,25,0.089286,5.000000,59.770840,21.355616,0.747135,0.263353,0.356577,3.388114,0.450164,58.676346,1973,0.356577,-1.3225975036621094,4,0.160000,0.00588780,0.00588779,0.00000114,0.00588780,0.00588780,0.00000000,1.198248,1.199870,-0.001354,0.026747,0.026258,0.018257,0.945980,0.947826,0.001846,0.00280524,1.76775777,0.987589
pkdd8,PKDD-8,778,780.000,785.000,3082,150,26,0.092857,5.200000,59.680199,22.031975,0.746002,0.243119,0.326271,3.409688,0.450164,60.575134,1902,0.326271,-1.2845507860183716,4,0.153846,0.00558512,0.00558511,0.00000092,0.00558512,0.00558512,0.00000000,1.215604,1.216998,-0.001146,0.029470,0.028865,0.020535,0.939583,0.942409,0.002826,0.00239882,1.81779085,0.986207
pkdd8,PKDD-8,779,781.000,786.000,2871,150,25,0.089286,5.000000,59.172153,22.844698,0.739652,0.233854,0.310321,3.328516,0.450164,60.365940,1721,0.310321,-1.3703093528747559,2,0.080000,0.00536822,0.00536821,0.00000077,0.00536822,0.00536822,0.00000000,1.220534,1.222016,-0.001215,0.030904,0.030338,0.018321,0.935211,0.938997,0.003786,0.00241743,1.84432646,0.987157
pkdd8,PKDD-8,780,782.000,787.000,2698,150,25,0.089286,5.000000,58.668209,23.521467,0.733353,0.232462,0.299925,3.191210,0.845388,58.795315,1578,0.299925,-1.4927932024002075,1,0.040000,0.00531576,0.00531576,0.00000077,0.00531576,0.00531576,0.00000000,1.219484,1.221024,-0.001263,0.030923,0.030231,0.022374,0.934987,0.939129,0.004143,0.00259300,1.85434371,0.984405
pkdd8,PKDD-8,781,783.000,788.000,2597,150,26,0.092857,5.200000,58.256775,23.802851,0.728210,0.226876,0.284875,3.326752,0.845388,61.402412,1507,0.284875,-1.2963773012161255,1,0.038462,0.00533007,0.00533007,0.00000039,0.00533007,0.00533007,0.00000000,1.223095,1.223488,-0.000321,0.030730,0.029372,0.044190,0.937496,0.942613,0.005117,0.00240945,1.81449185,0.985153
pkdd8,PKDD-8,782,784.000,789.000,2546,150,23,0.082143,4.600000,58.024353,23.933249,0.725304,0.222983,0.278076,3.500354,0.073905,64.443726,1486,0.278076,-1.1498074531555176,3,0.130435,0.00528774,0.00528774,0.00000000,0.00528774,0.00528774,0.00000000,1.227419,1.219355,0.006570,0.030033,0.027973,0.068579,0.940836,0.946084,0.005248,0.00235020,1.89591003,0.986028
pkdd8,PKDD-8,783,785.000,790.000,2480,150,20,0.071429,4.000000,58.027596,24.170149,0.725345,0.227133,0.284371,3.541583,0.039366,65.296051,1421,0.284371,-1.16239333152771,11,0.550000,0.00531221,0.00531221,0.00000000,0.00531221,0.00531221,0.00000000,1.226792,1.206433,0.016595,0.028624,0.025932,0.094061,0.945263,0.950291,0.005028,0.00223781,1.91029762,0.986441
pkdd8,PKDD-8,784,786.000,791.000,2456,150,20,0.071429,4.000000,58.065056,24.177361,0.725813,0.230054,0.289601,3.823055,0.039366,69.767410,1348,0.289601,-0.8551912903785706,12,0.600000,0.00524291,0.00524291,0.00000059,0.00524291,0.00524291,0.00000000,1.227425,1.193980,0.027248,0.027299,0.024026,0.119893,0.949644,0.954183,0.004539,0.00274997,1.91593730,0.987772
pkdd8,PKDD-8,785,787.000,792.000,2392,150,20,0.071429,4.000000,57.879990,24.240566,0.723500,0.221449,0.285988,3.977424,0.039366,72.996704,1229,0.285988,-0.6817536354064941,12,0.600000,0.00499008,0.00499008,0.00000041,0.00499008,0.00499008,0.00000000,1.234875,1.185498,0.039986,0.026861,0.022949,0.145650,0.951368,0.955937,0.004569,0.00271028,2.00139765,0.990391
pkdd8,PKDD-8,786,788.000,793.000,2248,150,20,0.071429,4.000000,57.634136,24.719137,0.720427,0.219953,0.285042,3.984979,0.039366,73.525284,1055,0.285042,-0.663619875907898,12,0.600000,0.00483610,0.00483610,0.00000000,0.00483610,0.00483610,0.00000000,1.241076,1.177561,0.051177,0.026552,0.022458,0.154176,0.952127,0.956432,0.004304,0.00248522,2.55254164,0.994367
pkdd8,PKDD-8,787,789.000,794.000,2157,150,19,0.067857,3.800000,58.103691,25.271336,0.726296,0.224560,0.291098,4.102428,0.039366,76.590836,930,0.291098,-0.5908421277999878,11,0.578947,0.00461479,0.00461479,0.00000000,0.00461479,0.00461479,0.00000000,1.249509,1.178291,0.056997,0.027253,0.022972,0.157106,0.950761,0.955166,0.004405,0.00253774,2.53388168,0.996464
pkdd8,PKDD-8,788,790.000,795.000,2036,150,18,0.064286,3.600000,58.427818,26.041052,0.730348,0.230241,0.293867,4.158820,0.808059,78.278664,804,0.293867,-0.5728892087936401,3,0.166667,0.00449367,0.00449367,0.00000023,0.00449367,0.00449367,0.00000000,1.251904,1.178263,0.058824,0.027287,0.022869,0.161913,0.950828,0.955368,0.004540,0.00284754,2.10464686,0.998400
pkdd8,PKDD-8,789,791.000,796.000,1969,150,18,0.064286,3.600000,58.854458,26.564682,0.735681,0.236954,0.307078,3.967025,0.808059,76.759430,757,0.307078,-0.8120403289794922,1,0.055556,0.00450451,0.00450451,0.00000000,0.00450451,0.00450451,0.00000000,1.242271,1.168779,0.059160,0.026016,0.021574,0.170757,0.953210,0.957781,0.004571,0.00289395,1.91917504,0.998632
pkdd8,PKDD-8,790,792.000,797.000,1973,150,18,0.064286,3.600000,59.739292,26.884342,0.746741,0.259434,0.346408,4.052709,0.808059,79.728333,786,0.346408,-0.7653847932815552,6,0.333333,0.00470225,0.00470225,-0.00000022,0.00470225,0.00470225,0.00000000,1.245292,1.175761,0.055836,0.026434,0.022207,0.159907,0.952617,0.956966,0.004348,0.00282480,1.69089583,0.993916
pkdd8,PKDD-8,791,793.000,798.000,2071,150,21,0.075000,4.200000,60.945866,26.710455,0.761823,0.276801,0.396610,3.997806,0.808059,79.638412,884,0.396610,-0.8403236865997314,7,0.333333,0.00478054,0.00478054,0.00000043,0.00478054,0.00478054,0.00000000,1.244235,1.175529,0.055219,0.026524,0.022388,0.155932,0.952367,0.956629,0.004262,0.00304533,1.65608005,0.993859
pkdd8,PKDD-8,792,794.000,799.000,2125,150,22,0.078571,4.400000,61.904514,26.646988,0.773806,0.284266,0.411259,3.991366,0.684219,80.062035,942,0.411259,-0.8791408538818359,6,0.272727,0.00502317,0.00502316,0.00000041,0.00502317,0.00502317,0.00000000,1.230972,1.167180,0.051823,0.025057,0.021173,0.154989,0.955172,0.959183,0.004011,0.00331449,1.70265428,0.992873
pkdd8,PKDD-8,793,795.000,800.000,2273,150,21,0.075000,4.200000,62.914555,26.043936,0.786432,0.265545,0.397015,3.993111,0.656496,80.030006,1068,0.397015,-0.9569522142410278,7,0.333333,0.00511798,0.00511798,0.00000050,0.00511798,0.00511798,0.00000000,1.229272,1.168359,0.049553,0.025266,0.021521,0.148209,0.954457,0.958328,0.003870,0.00343877,1.69675481,0.993338
pkdd8,PKDD-8,794,796.000,801.000,2364,150,22,0.078571,4.400000,63.836758,25.810625,0.797959,0.243432,0.374273,3.849679,0.621208,77.422791,1128,0.374273,-1.1549781560897827,7,0.318182,0.00510266,0.00510266,0.00000020,0.00510266,0.00510266,0.00000000,1.237380,1.178139,0.047876,0.026366,0.022679,0.139830,0.952445,0.956257,0.003812,0.00351740,1.61725472,0.992491
pkdd8,PKDD-8,795,797.000,802.000,2397,150,22,0.078571,4.400000,64.558418,25.829927,0.806980,0.217384,0.334446,3.598292,0.604656,72.061447,1159,0.334446,-1.478403091430664,2,0.090909,0.00512394,0.00512394,0.00000000,0.00512394,0.00512394,0.00000000,1.236043,1.178161,0.046828,0.026221,0.022592,0.138392,0.952671,0.956425,0.003754,0.00381509,1.74058689,0.996121
pkdd8,PKDD-8,796,798.000,803.000,2436,150,23,0.082143,4.600000,64.977501,25.758472,0.812219,0.201224,0.289113,3.463429,0.598442,69.137962,1198,0.289113,-1.6282626390457153,1,0.043478,0.00529644,0.00529644,-0.00000058,0.00529644,0.00529644,0.00000000,1.223674,1.167458,0.045940,0.024884,0.021399,0.140047,0.955040,0.958636,0.003596,0.00408296,1.86720091,0.996081
pkdd8,PKDD-8,797,799.000,804.000,2526,150,24,0.085714,4.800000,64.905151,25.305492,0.811314,0.189961,0.268321,3.178373,0.469959,62.926090,1288,0.268321,-1.9120211601257324,1,0.041667,0.00551497,0.00551497,0.00000000,0.00551497,0.00551497,0.00000000,1.225905,1.171048,0.044748,0.025411,0.022057,0.131987,0.953670,0.957135,0.003465,0.00362365,1.92809842,0.997086
pkdd8,PKDD-8,798,800.000,805.000,2625,150,22,0.078571,4.400000,64.874786,24.837189,0.810935,0.204712,0.280832,2.919082,0.374229,57.679821,1393,0.280832,-2.2244412899017334,3,0.136364,0.00585257,0.00585257,-0.00000018,0.00585257,0.00585257,0.00000000,1.223784,1.172613,0.041814,0.025080,0.021902,0.126729,0.954614,0.957909,0.003295,0.00355880,2.06851472,0.996108
pkdd8,PKDD-8,799,801.000,806.000,2775,150,23,0.082143,4.600000,64.905937,24.137754,0.811324,0.224387,0.311749,2.873047,0.374229,56.674164,1573,0.311749,-2.2451865673065186,3,0.130435,0.00619122,0.00619122,0.00000008,0.00619122,0.00619122,0.00000000,1.221085,1.172979,0.039396,0.025107,0.022068,0.121033,0.954194,0.957357,0.003163,0.00353526,2.34840726,0.996776
pkdd8,PKDD-8,800,802.000,807.000,2931,150,22,0.078571,4.400000,64.916504,23.427813,0.811456,0.232671,0.321433,2.850390,0.374229,56.113861,1731,0.321433,-2.2838613986968994,3,0.136364,0.00637384,0.00637384,0.00000065,0.00637384,0.00637384,0.00000000,1.211570,1.165620,0.037926,0.024009,0.021045,0.123476,0.956184,0.959278,0.003094,0.00323302,2.31750422,0.996281
pkdd8,PKDD-8,801,803.000,808.000,3025,150,23,0.082143,4.600000,64.822624,22.939505,0.810283,0.231841,0.324786,2.894003,0.374229,56.957832,1854,0.324786,-2.2094390392303467,4,0.173913,0.00638663,0.00638663,0.00000064,0.00638663,0.00638663,0.00000000,1.222149,1.176799,0.037107,0.025469,0.022506,0.116344,0.953169,0.956268,0.003099,0.00324542,2.30884671,0.996451
pkdd8,PKDD-8,802,804.000,809.000,3043,150,24,0.085714,4.800000,64.878105,22.829870,0.810976,0.233027,0.330625,2.945260,0.374229,58.218388,1902,0.330625,-2.1428582668304443,4,0.166667,0.00621348,0.00621348,0.00000017,0.00621348,0.00621348,0.00000000,1.219570,1.173504,0.037772,0.025057,0.022009,0.121643,0.954011,0.957203,0.003192,0.00353761,2.45398031,0.996369
pkdd8,PKDD-8,803,805.000,810.000,2974,150,24,0.085714,4.800000,64.747169,22.949076,0.809340,0.230672,0.331404,3.040016,0.478513,60.227009,1863,0.331404,-2.0413923263549805,5,0.208333,0.00589463,0.00589463,-0.00000017,0.00589463,0.00589463,0.00000000,1.220844,1.171570,0.040360,0.025140,0.021934,0.127536,0.953690,0.957043,0.003353,0.00332131,2.84609132,0.996331
pkdd8,PKDD-8,804,806.000,811.000,2821,150,24,0.085714,4.800000,64.261032,23.331041,0.803263,0.226357,0.328705,3.148896,0.185335,62.307766,1740,0.328705,-1.9026858806610107,8,0.333333,0.00555444,0.00555444,-0.00000046,0.00555444,0.00555444,0.00000000,1.225575,1.172011,0.043706,0.025302,0.021909,0.134092,0.953757,0.957291,0.003534,0.00306955,2.54643108,0.995587
pkdd8,PKDD-8,805,807.000,812.000,2651,150,24,0.085714,4.800000,63.592407,23.774519,0.794905,0.221224,0.324500,3.191243,0.185335,62.975540,1598,0.324500,-1.8286105394363403,9,0.375000,0.00515129,0.00515129,-0.00000100,0.00515129,0.00515129,0.00000000,1.229268,1.169919,0.048280,0.025604,0.021966,0.142058,0.953188,0.956966,0.003778,0.00297427,2.13931733,0.995244
pkdd8,PKDD-8,806,808.000,813.000,2460,150,23,0.082143,4.600000,62.960377,24.427601,0.787005,0.223993,0.325884,3.198844,0.185335,63.006634,1380,0.325884,-1.8141610622406006,8,0.347826,0.00477182,0.00477182,-0.00000065,0.00477182,0.00477182,0.00000000,1.220672,1.157436,0.051804,0.023968,0.020094,0.161669,0.956860,0.960877,0.004017,0.00266260,1.95248964,0.993720
pkdd8,PKDD-8,807,809.000,814.000,2293,150,21,0.075000,4.200000,62.533211,25.139187,0.781665,0.227100,0.326781,3.170830,0.185335,62.614941,1185,0.326781,-1.8650195598602295,14,0.666667,0.00457409,0.00457410,-0.00000090,0.00457409,0.00457409,0.00000000,1.230284,1.164038,0.053846,0.025159,0.021168,0.158602,0.954600,0.958728,0.004128,0.00280426,1.83151156,0.992699
pkdd8,PKDD-8,808,810.000,815.000,2219,150,22,0.078571,4.400000,62.123325,25.391653,0.776542,0.226351,0.328920,2.988698,0.185335,58.859585,1081,0.328920,-2.0252468585968018,10,0.454545,0.00447380,0.00447380,0.00000000,0.00447380,0.00447380,0.00000000,1.235241,1.168483,0.054044,0.025829,0.021796,0.156159,0.953328,0.957508,0.004180,0.00262159,1.80814485,0.992030
pkdd8,PKDD-8,809,811.000,816.000,2202,150,21,0.075000,4.200000,62.060654,25.422262,0.775758,0.209247,0.299724,3.145794,0.893079,61.960518,1034,0.299724,-1.8677335977554321,7,0.333333,0.00444749,0.00444748,0.00000046,0.00444749,0.00444749,0.00000000,1.221171,1.155405,0.053855,0.023913,0.019911,0.167351,0.956939,0.961090,0.004151,0.00247564,1.95802399,0.992297
pkdd8,PKDD-8,810,812.000,817.000,2220,150,22,0.078571,4.400000,62.159283,25.320818,0.776991,0.212853,0.302785,3.385219,0.893079,66.914726,1054,0.302785,-1.5823884010314941,11,0.500000,0.00461910,0.00461909,0.00000067,0.00461910,0.00461910,0.00000000,1.223276,1.162069,0.050035,0.024383,0.020549,0.157216,0.955987,0.959973,0.003987,0.00276211,2.10169820,0.993211
pkdd8,PKDD-8,811,813.000,818.000,2320,150,23,0.082143,4.600000,62.650890,24.912868,0.783136,0.208615,0.294655,3.352823,0.893079,66.265587,1141,0.294655,-1.6241981983184814,15,0.652174,0.00476427,0.00476427,0.00000043,0.00476427,0.00476427,0.00000000,1.232675,1.172197,0.049063,0.025604,0.021856,0.146378,0.953593,0.957497,0.003904,0.00287137,2.22440823,0.993763
pkdd8,PKDD-8,812,814.000,819.000,2381,150,23,0.082143,4.600000,62.806915,24.606665,0.785086,0.194144,0.274982,3.327900,0.902333,65.637138,1200,0.274982,-1.6539936065673828,9,0.391304,0.00497046,0.00497046,0.00000041,0.00497046,0.00497046,0.00000000,1.225182,1.167474,0.047101,0.024787,0.021185,0.145315,0.955090,0.958841,0.003751,0.00278287,2.26163823,0.995278
pkdd8,PKDD-8,813,815.000,820.000,2478,150,26,0.092857,5.200000,63.288380,24.256521,0.791105,0.192236,0.277207,3.402557,0.434686,66.904869,1327,0.277207,-1.5271878242492676,9,0.346154,0.00538272,0.00538272,-0.00000019,0.00538272,0.00538272,0.00000000,1.213084,1.159626,0.044068,0.023482,0.020148,0.141953,0.957277,0.960743,0.003466,0.00349587,2.34425167,0.996972
pkdd8,PKDD-8,814,816.000,821.000,2675,150,27,0.096429,5.400000,64.119576,23.612188,0.801495,0.204209,0.288222,3.166504,0.434686,62.309418,1525,0.288222,-1.8061202764511108,10,0.370370,0.00579970,0.00579970,-0.00000098,0.00579970,0.00579970,0.00000000,1.220910,1.170893,0.040967,0.025012,0.021903,0.124329,0.954037,0.957279,0.003242,0.00327343,2.31388904,0.997655
pkdd8,PKDD-8,815,817.000,822.000,2879,150,26,0.092857,5.200000,64.897438,23.008976,0.811218,0.203568,0.283883,3.006093,0.434686,59.128777,1699,0.283883,-2.038299560546875,5,0.192308,0.00618594,0.00618594,-0.00000067,0.00618594,0.00618594,0.00000000,1.214542,1.166286,0.039732,0.024290,0.021370,0.120201,0.955332,0.958372,0.003040,0.00312908,2.23482348,0.996919
pkdd8,PKDD-8,816,818.000,823.000,3067,150,26,0.092857,5.200000,65.605553,22.525156,0.820069,0.200714,0.281528,2.940185,0.434686,57.992222,1898,0.281528,-2.1427125930786133,4,0.153846,0.00654265,0.00654266,-0.00000016,0.00654265,0.00654265,0.00000000,1.209553,1.164253,0.037452,0.024026,0.021255,0.115310,0.955758,0.958649,0.002891,0.00303771,2.11052828,0.997226
pkdd8,PKDD-8,817,819.000,824.000,3245,150,25,0.089286,5.000000,66.165825,22.118462,0.827073,0.208622,0.294154,2.882715,0.434686,57.034630,2076,0.294154,-2.2542247772216797,4,0.160000,0.00673548,0.00673548,0.00000000,0.00673548,0.00673548,0.00000000,1.210463,1.166266,0.036513,0.024240,0.021534,0.111627,0.955276,0.958101,0.002825,0.00291296,2.17690659,0.995941
pkdd8,PKDD-8,818,820.000,825.000,3326,150,25,0.089286,5.000000,66.539078,21.994444,0.831738,0.216944,0.299618,2.826688,0.684450,56.264870,2127,0.299618,-2.341719150543213,5,0.200000,0.00668534,0.00668533,0.00000054,0.00668534,0.00668534,0.00000000,1.216941,1.172151,0.036805,0.025085,0.022340,0.109428,0.953860,0.956728,0.002868,0.00297995,2.19043449,0.995064
pkdd8,PKDD-8,819,821.000,826.000,3282,150,25,0.089286,5.000000,66.604149,22.197275,0.832552,0.218596,0.305041,2.818602,0.841359,56.284763,2082,0.305041,-2.3586628437042236,4,0.160000,0.00658108,0.00658107,0.00000149,0.00658108,0.00658108,0.00000000,1.217134,1.171651,0.037369,0.024962,0.022157,0.112379,0.954261,0.957191,0.002931,0.00345006,2.16176416,0.995093
pkdd8,PKDD-8,820,822.000,827.000,3210,150,26,0.092857,5.200000,66.738358,22.592587,0.834229,0.218822,0.313503,2.798515,0.841359,56.399200,2010,0.313503,-2.3744637966156006,5,0.192308,0.00645342,0.00645341,0.00000096,0.00645342,0.00645342,0.00000000,1.213552,1.166988,0.038370,0.024267,0.021395,0.118364,0.955828,0.958825,0.002997,0.00297106,2.20139163,0.995520
pkdd8,PKDD-8,821,823.000,828.000,3114,150,30,0.107143,6.000000,66.603210,23.051306,0.832540,0.222195,0.317687,2.982450,1.051761,60.158566,1914,0.317687,-2.0847201347351074,3,0.100000,0.00641521,0.00641521,0.00000080,0.00641521,0.00641521,0.00000000,1.219791,1.172763,0.038554,0.024897,0.021974,0.117392,0.954657,0.957711,0.003053,0.00341253,2.39703563,0.994121
pkdd8,PKDD-8,822,824.000,829.000,3062,150,28,0.100000,5.600000,66.507980,23.387497,0.831350,0.233583,0.328741,3.179622,1.051761,63.919685,1862,0.328741,-1.8978937864303589,3,0.107143,0.00645614,0.00645613,0.00000064,0.00645614,0.00645614,0.00000000,1.220339,1.173077,0.038729,0.024774,0.021853,0.117906,0.954967,0.958020,0.003052,0.00353944,2.46189803,0.993840
pkdd8,PKDD-8,823,825.000,830.000,3068,150,29,0.103571,5.800000,66.408142,23.468227,0.830102,0.228380,0.326726,3.274613,0.991783,65.871407,1868,0.326726,-1.7716031074523926,3,0.103448,0.00632156,0.00632156,0.00000000,0.00632156,0.00632156,0.00000000,1.221035,1.172287,0.039923,0.024853,0.021837,0.121343,0.954810,0.957970,0.003160,0.00319346,2.57470628,0.994741
pkdd8,PKDD-8,824,826.000,831.000,2995,150,28,0.100000,5.600000,66.118340,23.697981,0.826479,0.253776,0.377340,3.347401,0.991783,67.636505,1795,0.377340,-1.6843976974487305,3,0.107143,0.00653419,0.00653419,-0.00000071,0.00653419,0.00653419,0.00000000,1.217782,1.168831,0.040197,0.024281,0.021252,0.124767,0.955976,0.959156,0.003180,0.00321567,3.35615374,0.994156
pkdd8,PKDD-8,825,827.000,832.000,3003,150,29,0.103571,5.800000,65.658600,23.371302,0.820732,0.263728,0.402368,3.536871,0.991783,70.204071,1812,0.402368,-1.425750732421875,3,0.103448,0.00653197,0.00653198,-0.00000063,0.00653197,0.00653197,0.00000000,1.232240,1.181694,0.041020,0.026179,0.023013,0.120918,0.952294,0.955634,0.003340,0.00373169,2.90081125,0.995082
pkdd8,PKDD-8,826,828.000,833.000,2928,150,28,0.100000,5.600000,65.325264,23.188190,0.816566,0.280852,0.425695,3.318453,0.986858,65.779602,1738,0.425695,-1.6626088619232178,5,0.178571,0.00664054,0.00664054,-0.00000062,0.00664054,0.00664054,0.00000000,1.231561,1.180446,0.041504,0.026019,0.022832,0.122483,0.952507,0.955870,0.003363,0.00440074,3.14745037,0.996449
pkdd8,PKDD-8,827,829.000,834.000,2915,150,29,0.103571,5.800000,65.281876,22.662220,0.816023,0.274200,0.417515,3.241440,0.986858,64.273605,1725,0.417515,-1.7209882736206055,10,0.344828,0.00676481,0.00676481,-0.00000038,0.00676481,0.00676481,0.00000000,1.236960,1.185492,0.041608,0.026777,0.023568,0.119870,0.951085,0.954475,0.003390,0.00430618,2.60101900,0.997979
pkdd8,PKDD-8,828,830.000,835.000,2895,150,29,0.103571,5.800000,65.525322,22.162735,0.819067,0.293654,0.438698,3.135946,0.986858,62.020206,1705,0.438698,-1.8404704332351685,10,0.344828,0.00711014,0.00711014,-0.00000029,0.00711014,0.00711014,0.00000000,1.243025,1.193277,0.040022,0.027766,0.024650,0.112249,0.949001,0.952305,0.003303,0.00465814,2.43913261,0.998185
pkdd8,PKDD-8,829,831.000,836.000,2975,150,27,0.096429,5.400000,66.321640,21.444885,0.829021,0.277745,0.420748,2.982778,0.986858,58.635960,1785,0.420748,-2.098874568939209,10,0.370370,0.00713512,0.00713512,0.00000000,0.00713512,0.00713512,0.00000000,1.240940,1.191275,0.040022,0.027521,0.024426,0.112448,0.949368,0.952640,0.003272,0.00478283,2.44736580,0.998490
pkdd8,PKDD-8,830,832.000,837.000,2980,150,26,0.092857,5.200000,66.991104,21.061966,0.837389,0.275072,0.408330,2.718821,0.935799,54.195625,1781,0.408330,-2.445115327835083,10,0.384615,0.00735834,0.00735834,-0.00000035,0.00735834,0.00735834,0.00000000,1.244898,1.197279,0.038251,0.028266,0.025291,0.105259,0.947692,0.950840,0.003148,0.00459043,2.33799116,0.998251
pkdd8,PKDD-8,831,833.000,838.000,3087,150,27,0.096429,5.400000,67.895699,20.300722,0.848696,0.260184,0.386303,2.724146,0.861372,54.298882,1887,0.386303,-2.4767205715179443,8,0.296296,0.00735229,0.00735230,-0.00000056,0.00735229,0.00735229,0.00000000,1.245314,1.198449,0.037633,0.028295,0.025327,0.104911,0.947839,0.950980,0.003141,0.00420690,2.14212191,0.998691
pkdd8,PKDD-8,832,834.000,839.000,3094,150,26,0.092857,5.200000,68.684357,19.726419,0.858554,0.264978,0.387954,2.518057,0.476889,50.401989,1894,0.387954,-2.7781217098236084,4,0.153846,0.00725739,0.00725740,-0.00000099,0.00725739,0.00725739,0.00000000,1.239386,1.192685,0.037681,0.027653,0.024649,0.108608,0.948894,0.952074,0.003180,0.00399500,2.11948449,0.998236
pkdd8,PKDD-8,833,835.000,840.000,3062,150,25,0.089286,5.000000,69.217430,19.309040,0.865218,0.256533,0.370857,2.378598,0.372505,47.863033,1850,0.370857,-2.9822847843170166,11,0.440000,0.00735762,0.00735763,-0.00000098,0.00735762,0.00735762,0.00000000,1.240906,1.195597,0.036513,0.027762,0.024827,0.105701,0.948957,0.952054,0.003097,0.00395338,2.23552587,0.998133
pkdd8,PKDD-8,834,836.000,841.000,3134,150,29,0.103571,5.800000,69.682632,18.810904,0.871033,0.237545,0.335115,2.513111,0.372505,51.295158,1922,0.335115,-2.7881267070770264,12,0.413793,0.00723945,0.00723946,-0.00000100,0.00723945,0.00723945,0.00000000,1.250562,1.204947,0.036476,0.029241,0.026308,0.100309,0.946012,0.949104,0.003092,0.00378969,2.40088132,0.998121
pkdd8,PKDD-8,835,837.000,842.000,3113,150,28,0.100000,5.600000,70.002823,18.461535,0.875035,0.233915,0.321116,2.641029,0.372505,54.409512,1901,0.321116,-2.687649965286255,11,0.392857,0.00719779,0.00719779,-0.00000021,0.00719779,0.00719779,0.00000000,1.245132,1.199489,0.036657,0.028373,0.025495,0.101423,0.947809,0.950826,0.003017,0.00355989,3.06846870,0.998133
pkdd8,PKDD-8,836,838.000,843.000,3133,150,29,0.103571,5.800000,70.257355,18.314507,0.878217,0.236959,0.316765,2.757448,0.372505,57.689320,1921,0.316765,-2.5486338138580322,11,0.379310,0.00736659,0.00736659,-0.00000014,0.00736659,0.00736659,0.00000000,1.237948,1.193449,0.035946,0.027691,0.024905,0.100625,0.948772,0.951690,0.002918,0.00364518,2.49437710,0.998053
pkdd8,PKDD-8,837,839.000,844.000,3236,150,31,0.110714,6.200000,70.400871,18.195353,0.880011,0.225419,0.303204,2.961422,0.372505,62.142818,2024,0.303204,-2.2861666679382324,10,0.322581,0.00752711,0.00752710,0.00000041,0.00752711,0.00752711,0.00000000,1.237594,1.194887,0.034508,0.027609,0.024893,0.098375,0.949251,0.952098,0.002847,0.00367569,2.15211294,0.998511
pkdd8,PKDD-8,838,840.000,845.000,3325,150,31,0.110714,6.200000,70.666016,18.153034,0.883325,0.221810,0.296838,3.129122,0.742160,65.702621,2125,0.296838,-2.1203105449676514,2,0.064516,0.00743514,0.00743514,0.00000035,0.00743514,0.00743514,0.00000000,1.240122,1.196353,0.035294,0.027910,0.025162,0.098442,0.948464,0.951343,0.002879,0.00323971,1.98941814,0.998359
pkdd8,PKDD-8,839,841.000,846.000,3290,150,30,0.107143,6.000000,70.729111,18.243729,0.884114,0.228247,0.310355,3.172848,0.920930,66.480240,2090,0.310355,-2.0966155529022217,1,0.033333,0.00740416,0.00740415,0.00000021,0.00740416,0.00740416,0.00000000,1.236082,1.193808,0.034200,0.027401,0.024684,0.099139,0.949576,0.952434,0.002857,0.00340991,1.94678992,0.997856
pkdd8,PKDD-8,840,842.000,847.000,3359,150,30,0.107143,6.000000,71.297462,18.120155,0.891218,0.222704,0.312450,3.188218,0.920930,66.482864,2159,0.312450,-2.123152494430542,1,0.033333,0.00719448,0.00719448,-0.00000014,0.00719448,0.00719448,0.00000000,1.231506,1.188979,0.034533,0.026946,0.024183,0.102539,0.950404,0.953319,0.002915,0.00318030,1.89080082,0.994744
pkdd8,PKDD-8,841,843.000,848.000,3339,150,31,0.110714,6.200000,71.703484,18.103067,0.896294,0.219312,0.312034,3.244947,0.855065,66.898148,2139,0.312034,-2.078477382659912,0,0.000000,0.00686278,0.00686278,-0.00000007,0.00686278,0.00686278,0.00000000,1.230557,1.187079,0.035332,0.026638,0.023817,0.105910,0.951117,0.954093,0.002977,0.00274641,1.84215093,0.994489
pkdd8,PKDD-8,842,844.000,849.000,3266,150,29,0.103571,5.800000,72.077156,18.197723,0.900964,0.230784,0.329198,3.297814,0.697066,67.466675,2066,0.329198,-2.0927484035491943,0,0.000000,0.00659298,0.00659298,-0.00000070,0.00659298,0.00659298,0.00000000,1.225016,1.180012,0.036737,0.025766,0.022964,0.108730,0.952568,0.955501,0.002933,0.00290532,1.82168052,0.993994
pkdd8,PKDD-8,843,845.000,850.000,3222,150,29,0.103571,5.800000,72.343185,18.158897,0.904290,0.230489,0.328545,3.311152,0.525776,67.273827,2022,0.328545,-2.1053457260131836,3,0.103448,0.00630694,0.00630695,-0.00000049,0.00630694,0.00630694,0.00000000,1.222749,1.177567,0.036951,0.025487,0.022653,0.111194,0.953045,0.956006,0.002961,0.00272511,1.89430237,0.994171
pkdd8,PKDD-8,844,846.000,851.000,3165,150,28,0.100000,5.600000,72.562294,18.142159,0.907029,0.228651,0.321306,3.250372,0.327125,65.598755,1965,0.321306,-2.213876485824585,3,0.107143,0.00610080,0.00610080,-0.00000034,0.00610080,0.00610080,0.00000000,1.220189,1.173146,0.038554,0.024775,0.021870,0.117228,0.954498,0.957519,0.003021,0.00272355,1.99908695,0.994855
pkdd8,PKDD-8,845,847.000,852.000,3061,150,26,0.092857,5.200000,72.423042,18.298540,0.905288,0.220064,0.309530,3.165403,0.164300,64.036903,1861,0.309530,-2.3441059589385986,4,0.153846,0.00595467,0.00595467,-0.00000009,0.00595467,0.00595467,0.00000000,1.220430,1.172379,0.039372,0.024747,0.021792,0.119425,0.954554,0.957616,0.003062,0.00251370,2.15665452,0.998488
pkdd8,PKDD-8,846,848.000,853.000,2976,150,27,0.096429,5.400000,72.110886,18.391211,0.901386,0.223523,0.312885,3.014288,0.164300,61.425526,1776,0.312885,-2.4743237495422363,4,0.148148,0.00590169,0.00590169,0.00000000,0.00590169,0.00590169,0.00000000,1.227814,1.178851,0.039878,0.025680,0.022696,0.116176,0.952834,0.955922,0.003087,0.00281693,2.32610171,0.998776
pkdd8,PKDD-8,847,849.000,854.000,2941,150,28,0.100000,5.600000,71.712860,18.340212,0.896411,0.217745,0.299387,2.986642,0.164300,60.934418,1741,0.299387,-2.4597933292388916,4,0.142857,0.00591404,0.00591403,0.00000035,0.00591404,0.00591404,0.00000000,1.231712,1.182715,0.039779,0.026295,0.023261,0.115387,0.951774,0.954932,0.003158,0.00311224,3.08881086,0.999388
pkdd8,PKDD-8,848,850.000,855.000,2939,150,29,0.103571,5.800000,70.975899,18.133780,0.887199,0.212275,0.295368,3.003930,0.164300,61.481300,1739,0.295368,-2.3715436458587646,1,0.034483,0.00599486,0.00599486,0.00000017,0.00599486,0.00599486,0.00000000,1.232449,1.183742,0.039520,0.026448,0.023488,0.111936,0.951533,0.954602,0.003070,0.00350513,2.45766654,0.999395
pkdd8,PKDD-8,849,851.000,856.000,2977,150,29,0.103571,5.800000,70.330170,17.872036,0.879127,0.212360,0.291513,3.115258,0.164300,63.562363,1777,0.291513,-2.2047007083892822,2,0.068966,0.00606815,0.00606815,0.00000017,0.00606815,0.00606815,0.00000000,1.229367,1.181306,0.039094,0.026080,0.023218,0.109720,0.952171,0.955117,0.002946,0.00371508,2.14023910,0.999552
pkdd8,PKDD-8,850,852.000,857.000,3017,150,27,0.096429,5.400000,69.706413,17.600798,0.871330,0.219816,0.291881,3.280236,0.316556,66.024712,1835,0.291881,-2.0232975482940674,1,0.037037,0.00602811,0.00602811,-0.00000034,0.00602811,0.00602811,0.00000000,1.228695,1.181092,0.038743,0.025626,0.022901,0.106348,0.953241,0.956008,0.002767,0.00379506,1.86052128,0.999551
pkdd8,PKDD-8,851,853.000,858.000,3004,150,27,0.096429,5.400000,69.221848,17.473907,0.865273,0.218494,0.285994,3.352892,0.601432,66.816345,1852,0.285994,-1.9165253639221191,1,0.037037,0.00591215,0.00591215,-0.00000035,0.00591215,0.00591215,0.00000000,1.231186,1.183051,0.039097,0.025760,0.023134,0.101917,0.952845,0.955466,0.002621,0.00397826,1.63002113,0.999695
pkdd8,PKDD-8,852,854.000,859.000,2950,150,27,0.096429,5.400000,68.776505,17.444010,0.859706,0.217563,0.289040,3.269628,0.710977,65.026947,1837,0.289040,-1.9871587753295898,17,0.629630,0.00574156,0.00574157,-0.00000081,0.00574156,0.00574156,0.00000000,1.234822,1.195045,0.032212,0.026414,0.024303,0.079912,0.951066,0.953157,0.002091,0.00390404,1.47077524,0.999843
pkdd8,PKDD-8,853,855.000,860.000,2866,150,27,0.096429,5.400000,68.573776,17.540915,0.857172,0.220141,0.287742,3.115253,0.702458,61.770382,1813,0.287742,-2.1515724658966064,17,0.629630,0.00558055,0.00558055,0.00000000,0.00558055,0.00558055,0.00000000,1.215308,1.185622,0.024426,0.024393,0.022833,0.063940,0.954578,0.956110,0.001532,0.00388128,1.43068982,0.999839
pkdd8,PKDD-8,854,856.000,861.000,2796,150,27,0.096429,5.400000,68.480186,17.458887,0.856002,0.226382,0.297963,2.869171,0.687320,56.906254,1774,0.297963,-2.4171459674835205,16,0.592593,0.00561883,0.00561883,0.00000037,0.00561883,0.00561883,0.00000000,1.194975,1.175867,0.015991,0.022874,0.021892,0.042921,0.956843,0.957805,0.000962,0.00366636,1.42193083,1.000000
pkdd8,PKDD-8,855,857.000,862.000,2826,150,27,0.096429,5.400000,68.258888,17.121220,0.853236,0.237241,0.311019,2.741845,0.534562,53.414227,1816,0.311019,-2.533818244934082,16,0.592593,0.00590371,0.00590371,0.00000026,0.00590371,0.00590371,0.00000000,1.204599,1.195468,0.007580,0.025300,0.024793,0.020034,0.951463,0.951995,0.000531,0.00373442,1.50772698,1.000000
pkdd8,PKDD-8,856,858.000,863.000,2957,150,29,0.103571,5.800000,67.927246,16.473923,0.849091,0.243586,0.319645,2.723172,0.435708,52.033043,1947,0.319645,-2.482866048812866,19,0.655172,0.00621150,0.00621150,0.00000058,0.00621150,0.00621150,0.00000000,1.188308,1.188630,-0.000272,0.023980,0.023918,0.002606,0.953683,0.953803,0.000119,0.00390258,1.61141643,1.000000
pkdd8,PKDD-8,857,859.000,864.000,3096,150,28,0.100000,5.600000,67.552200,15.771579,0.844403,0.247223,0.326735,2.730736,0.435708,51.483757,2077,0.326735,-2.461770534515381,3,0.107143,0.00644713,0.00644712,0.00000088,0.00644713,0.00644713,0.00000000,1.173047,1.173981,-0.000796,0.022403,0.022366,0.001645,0.956758,0.956850,0.000092,0.00366482,1.72948949,1.000000
pkdd8,PKDD-8,858,860.000,865.000,3213,150,27,0.096429,5.400000,67.267624,15.153525,0.840845,0.252134,0.331951,2.817436,0.435708,52.658291,2164,0.331951,-2.3543941974639893,8,0.296296,0.00679615,0.00679615,0.00000061,0.00679615,0.00679615,0.00000000,1.181063,1.181359,-0.000251,0.023385,0.023344,0.001795,0.954830,0.954930,0.000100,0.00360100,1.77302012,1.000000
pkdd8,PKDD-8,859,861.000,866.000,3369,150,29,0.103571,5.800000,66.876923,14.409918,0.835962,0.249175,0.329292,2.944778,0.329601,54.730381,2319,0.329292,-2.1383066177368164,9,0.310345,0.00709039,0.00709038,0.00000029,0.00709039,0.00709039,0.00000000,1.193714,1.194000,-0.000239,0.025052,0.025010,0.001670,0.951462,0.951563,0.000102,0.00348354,1.87909990,1.000000
pkdd8,PKDD-8,860,862.000,867.000,3500,150,30,0.107143,6.000000,66.814262,13.715702,0.835178,0.249658,0.332373,2.901138,0.329601,54.401558,2450,0.332373,-2.1561872959136963,9,0.300000,0.00727573,0.00727573,0.00000042,0.00727573,0.00727573,0.00000000,1.174958,1.175517,-0.000476,0.022682,0.022640,0.001882,0.955840,0.955936,0.000097,0.00356952,1.98598323,1.000000
pkdd8,PKDD-8,861,863.000,868.000,3578,150,32,0.114286,6.400000,67.014191,13.314535,0.837677,0.247196,0.330260,2.896606,0.329601,55.017319,2528,0.330260,-2.131420135498047,6,0.187500,0.00735750,0.00735750,0.00000049,0.00735750,0.00735750,0.00000000,1.182903,1.183458,-0.000469,0.023712,0.023667,0.001916,0.953883,0.953991,0.000107,0.00330288,2.03995204,1.000000
pkdd8,PKDD-8,862,864.000,869.000,3603,150,31,0.110714,6.200000,67.463875,13.117708,0.843298,0.249289,0.330568,2.862568,0.329601,54.995178,2553,0.330568,-2.2116858959198,7,0.225806,0.00750462,0.00750462,0.00000027,0.00750462,0.00750462,0.00000000,1.196331,1.196605,-0.000229,0.025502,0.025430,0.002802,0.950370,0.950528,0.000157,0.00313810,2.16468700,1.000000
pkdd8,PKDD-8,863,865.000,870.000,3652,150,32,0.114286,6.400000,67.699020,12.979911,0.846238,0.260495,0.350796,2.894698,0.329601,55.275295,2592,0.350796,-2.166963815689087,3,0.093750,0.00761836,0.00761836,-0.00000007,0.00761836,0.00761836,0.00000000,1.192276,1.192820,-0.000456,0.024995,0.024926,0.002768,0.951360,0.951511,0.000151,0.00335981,2.41479746,1.000000
pkdd8,PKDD-8,864,866.000,871.000,3677,150,32,0.114286,6.400000,67.842468,12.942846,0.848031,0.267513,0.363124,2.953231,0.337528,55.641285,2587,0.363124,-2.110175371170044,2,0.062500,0.00764285,0.00764285,-0.00000027,0.00764285,0.00764285,0.00000000,1.189717,1.190542,-0.000693,0.024631,0.024562,0.002814,0.952014,0.952165,0.000151,0.00336346,2.82488413,1.000000
pkdd8,PKDD-8,865,867.000,872.000,3637,150,32,0.114286,6.400000,67.713753,12.957986,0.846422,0.273235,0.370181,2.998503,0.418956,55.655121,2517,0.370181,-2.0563015937805176,2,0.062500,0.00752356,0.00752356,-0.00000027,0.00752356,0.00752356,0.00000000,1.195253,1.196383,-0.000946,0.025106,0.025042,0.002572,0.951576,0.951723,0.000147,0.00307650,3.21942782,1.000000
pkdd8,PKDD-8,866,868.000,873.000,3539,150,31,0.110714,6.200000,67.564354,13.008449,0.844554,0.283036,0.382255,3.060392,0.298242,56.007286,2389,0.382255,-1.9988832473754883,5,0.161290,0.00749802,0.00749802,-0.00000055,0.00749802,0.00749802,0.00000000,1.200804,1.202241,-0.001196,0.026015,0.025950,0.002504,0.949632,0.949786,0.000154,0.00309518,2.76201569,1.000000
pkdd8,PKDD-8,867,869.000,874.000,3481,150,30,0.107143,6.000000,67.352150,13.057529,0.841902,0.289732,0.393407,3.176234,0.259051,57.504089,2301,0.393407,-1.8804610967636108,8,0.266667,0.00739766,0.00739767,-0.00000028,0.00739766,0.00739766,0.00000000,1.196292,1.197763,-0.001230,0.025248,0.025204,0.001731,0.951264,0.951379,0.000115,0.00305760,2.52318142,1.000000
pkdd8,PKDD-8,868,870.000,875.000,3398,150,29,0.103571,5.800000,67.235229,13.108104,0.840440,0.274756,0.372895,3.213475,0.259051,58.173843,2204,0.372895,-1.8596251010894775,10,0.344828,0.00717835,0.00717836,-0.00000014,0.00717835,0.00717835,0.00000000,1.192778,1.194614,-0.001539,0.024945,0.024903,0.001672,0.951607,0.951721,0.000114,0.00268470,2.47095296,1.000000
pkdd8,PKDD-8,869,871.000,876.000,3268,150,31,0.110714,6.200000,67.800499,12.967555,0.847506,0.282544,0.377655,3.327737,0.259051,61.262001,2104,0.377655,-1.7317559719085693,10,0.322581,0.00710875,0.00710875,-0.00000007,0.00710875,0.00710875,0.00000065,1.204158,1.206329,-0.001804,0.026360,0.026313,0.001806,0.949056,0.949185,0.000130,0.00272756,2.25037579,1.000000
pkdd8,PKDD-8,870,872.000,877.000,3223,150,32,0.114286,6.400000,67.996346,13.519369,0.849954,0.297434,0.434140,3.517800,0.259051,65.807701,2070,0.434140,-1.517880916595459,10,0.312500,0.00699483,0.00699483,-0.00000007,0.00699483,0.00699483,0.00000066,1.207714,1.210243,-0.002094,0.026916,0.026846,0.002603,0.947886,0.948067,0.000181,0.00260100,1.99330284,1.000000
pkdd8,PKDD-8,871,873.000,878.000,3163,150,31,0.110714,6.200000,67.575287,14.383691,0.844691,0.302819,0.460146,3.561948,0.259051,67.393272,2040,0.460146,-1.4673142433166504,7,0.225806,0.00685417,0.00685417,0.00000015,0.00685417,0.00685416,0.00000068,1.206585,1.209167,-0.002140,0.027188,0.027116,0.002646,0.946595,0.946821,0.000226,0.00275874,1.77971986,1.000000
pkdd8,PKDD-8,872,874.000,879.000,3098,150,32,0.114286,6.400000,66.844460,15.497406,0.835556,0.297310,0.455748,3.517956,0.345065,66.505753,2005,0.455748,-1.4551810026168823,3,0.093750,0.00672579,0.00672579,0.00000008,0.00672579,0.00672578,0.00000069,1.217649,1.220283,-0.002163,0.029112,0.029030,0.002802,0.942719,0.942961,0.000243,0.00256064,1.58820050,1.000000
pkdd8,PKDD-8,873,875.000,880.000,3037,150,31,0.110714,6.200000,66.080299,16.623991,0.826004,0.307108,0.466968,3.414938,0.575697,64.312622,1968,0.466968,-1.54031240940094,0,0.000000,0.00674369,0.00674369,-0.00000038,0.00674369,0.00674368,0.00000084,1.234657,1.237283,-0.002126,0.031474,0.031201,0.008662,0.938650,0.939242,0.000592,0.00261049,1.47496749,1.000000
pkdd8,PKDD-8,874,876.000,881.000,3047,150,30,0.107143,6.000000,65.226654,17.795485,0.815333,0.308203,0.479924,3.157897,0.561400,59.177608,1978,0.479924,-1.7882063388824463,3,0.100000,0.00682605,0.00682605,-0.00000053,0.00682605,0.00682605,0.00000015,1.221076,1.223332,-0.001847,0.029258,0.028933,0.011120,0.943311,0.943978,0.000667,0.00259659,1.46771314,1.000000
pkdd8,PKDD-8,875,877.000,882.000,3103,150,29,0.103571,5.800000,65.122910,18.207823,0.814036,0.296830,0.423999,2.949355,0.561400,54.725353,2053,0.423999,-2.0244765281677246,3,0.103448,0.00704475,0.00704475,-0.00000022,0.00704475,0.00704475,0.00000015,1.219709,1.220948,-0.001016,0.029016,0.028718,0.010290,0.943661,0.944260,0.000599,0.00268055,1.47561984,1.000000
pkdd8,PKDD-8,876,878.000,883.000,3227,150,29,0.103571,5.800000,65.469551,18.065315,0.818369,0.284129,0.380160,2.880827,0.537886,52.605286,2177,0.380160,-2.1111485958099365,4,0.137931,0.00734462,0.00734462,0.00000000,0.00734462,0.00734462,0.00000014,1.210790,1.211969,-0.000974,0.027464,0.027189,0.010009,0.947254,0.947761,0.000507,0.00261825,1.47877922,1.000000
pkdd8,PKDD-8,877,879.000,884.000,3392,150,27,0.096429,5.400000,65.706093,17.547054,0.821326,0.297698,0.400184,2.845152,0.511603,51.838825,2342,0.400184,-2.196475028991699,5,0.185185,0.00757237,0.00757237,-0.00000014,0.00757237,0.00757237,0.00000014,1.195640,1.196772,-0.000947,0.025046,0.024790,0.010234,0.951957,0.952425,0.000468,0.00279458,1.49558392,1.000000
pkdd8,PKDD-8,878,880.000,885.000,3532,150,28,0.100000,5.600000,65.855812,17.177149,0.823198,0.295412,0.401584,2.853214,0.511603,52.188248,2482,0.401584,-2.1696560382843018,6,0.214286,0.00777789,0.00777789,0.00000000,0.00777789,0.00777789,0.00000000,1.187125,1.187943,-0.000689,0.023816,0.023720,0.004011,0.953865,0.954039,0.000173,0.00283137,1.47785509,1.000000
pkdd8,PKDD-8,879,881.000,886.000,3666,150,32,0.114286,6.400000,65.548813,16.910959,0.819360,0.275653,0.374823,2.850104,0.511603,51.565125,2607,0.374823,-2.0755422115325928,4,0.125000,0.00776567,0.00776567,0.00000013,0.00776567,0.00776567,0.00000020,1.185024,1.186652,-0.001374,0.023923,0.023879,0.001840,0.953365,0.953462,0.000097,0.00301338,1.44105978,1.000000
pkdd8,PKDD-8,880,882.000,887.000,3686,150,33,0.117857,6.600000,65.139458,16.925562,0.814243,0.284139,0.397137,2.863133,0.511603,51.497231,2597,0.397137,-2.0179617404937744,4,0.121212,0.00770383,0.00770382,0.00000007,0.00770383,0.00770347,0.00004596,1.179048,1.180952,-0.001616,0.023108,0.023066,0.001816,0.954951,0.955046,0.000095,0.00283934,1.42763031,1.000000
pkdd8,PKDD-8,881,883.000,888.000,3675,150,31,0.110714,6.200000,64.812653,16.996149,0.810158,0.303439,0.460812,2.859187,0.511603,51.319565,2556,0.460812,-2.0405828952789307,5,0.161290,0.00771856,0.00771856,-0.00000007,0.00771856,0.00771741,0.00014954,1.189744,1.191363,-0.001361,0.024186,0.024099,0.003576,0.953208,0.953360,0.000152,0.00271211,1.42768514,1.000000
pkdd8,PKDD-8,882,884.000,889.000,3705,150,33,0.117857,6.600000,64.546104,17.098526,0.806826,0.299376,0.454408,2.910576,0.574237,51.954720,2556,0.454408,-1.9238981008529663,8,0.242424,0.00781461,0.00781461,0.00000040,0.00781461,0.00781346,0.00014771,1.194275,1.195865,-0.001332,0.024820,0.024738,0.003306,0.952265,0.952415,0.000149,0.00280831,1.42974426,1.000000
pkdd8,PKDD-8,883,885.000,890.000,3773,150,32,0.114286,6.400000,64.208481,17.009481,0.802606,0.290164,0.444538,2.935526,0.574237,51.981560,2598,0.444538,-1.8955891132354736,9,0.281250,0.00779272,0.00779271,0.00000066,0.00779272,0.00778793,0.00061361,1.196395,1.197721,-0.001108,0.025315,0.025114,0.007939,0.951148,0.951744,0.000596,0.00305651,1.42029712,0.998927
pkdd8,PKDD-8,884,886.000,891.000,3773,150,34,0.121429,6.800000,63.686127,16.941113,0.796077,0.283158,0.438064,2.923343,0.391784,51.829788,2577,0.438064,-1.836860179901123,14,0.411765,0.00779293,0.00779292,0.00000066,0.00779293,0.00778815,0.00061340,1.209916,1.210971,-0.000872,0.027383,0.027184,0.007282,0.946513,0.947106,0.000593,0.00298709,1.41223900,0.995372
pkdd8,PKDD-8,885,887.000,892.000,3792,150,34,0.121429,6.800000,63.254887,16.846783,0.790686,0.261914,0.404848,2.815629,0.391784,49.974648,2596,0.404848,-1.9228447675704956,14,0.411765,0.00796222,0.00796221,0.00000065,0.00796222,0.00795779,0.00055609,1.216133,1.216901,-0.000632,0.028527,0.028333,0.006820,0.943829,0.944407,0.000577,0.00317157,1.40466053,0.992049
pkdd8,PKDD-8,886,888.000,893.000,3905,150,37,0.132143,7.400000,62.781769,16.807178,0.784772,0.251668,0.357037,2.697694,0.391784,47.706707,2709,0.357037,-1.9609216451644897,12,0.324324,0.00807932,0.00807932,0.00000032,0.00807932,0.00806282,0.00204236,1.205963,1.207216,-0.001039,0.027713,0.027404,0.011156,0.944655,0.946060,0.001405,0.00339039,1.46755660,0.990754
pkdd8,PKDD-8,887,889.000,894.000,3991,150,37,0.132143,7.400000,62.674793,16.856506,0.783435,0.256574,0.366738,2.566669,0.391784,45.404499,2795,0.366738,-2.0964107513427734,8,0.216216,0.00817745,0.00817745,-0.00000013,0.00817745,0.00814553,0.00390285,1.216030,1.217263,-0.001014,0.029382,0.028865,0.017607,0.940622,0.943140,0.002518,0.00304679,1.55946996,0.989679
pkdd8,PKDD-8,888,890.000,895.000,4055,150,35,0.125000,7.000000,62.783154,16.988062,0.784789,0.263459,0.371453,2.436502,0.391784,43.305653,2855,0.371453,-2.2825398445129395,7,0.200000,0.00830714,0.00830714,0.00000000,0.00830714,0.00826336,0.00527037,1.210577,1.211790,-0.001002,0.028764,0.028198,0.019689,0.941634,0.944683,0.003049,0.00284472,1.66266672,0.988428
pkdd8,PKDD-8,889,891.000,896.000,4122,150,33,0.117857,6.600000,63.067825,17.078821,0.788348,0.274765,0.381614,2.408274,0.456114,42.910271,2922,0.381614,-2.363577365875244,6,0.181818,0.00852485,0.00852485,-0.00000036,0.00852485,0.00846605,0.00689790,1.213084,1.214032,-0.000782,0.029187,0.028427,0.026023,0.940766,0.944846,0.004080,0.00276532,1.77656747,0.991467
pkdd8,PKDD-8,890,892.000,897.000,4219,150,34,0.121429,6.800000,63.293362,17.079090,0.791167,0.270290,0.374960,2.467022,0.422785,44.003052,3019,0.374960,-2.298189640045166,8,0.235294,0.00839965,0.00839965,-0.00000061,0.00839965,0.00832529,0.00885295,1.209954,1.211404,-0.001198,0.028942,0.027964,0.033785,0.941056,0.946326,0.005269,0.00274240,1.87322757,0.991955
pkdd8,PKDD-8,891,893.000,898.000,4139,150,33,0.117857,6.600000,63.449444,17.195431,0.793118,0.256153,0.352467,2.514372,0.422785,45.187347,2939,0.352467,-2.2812604904174805,12,0.363636,0.00823886,0.00823886,-0.00000037,0.00823886,0.00816181,0.00935152,1.220907,1.222633,-0.001414,0.030389,0.029339,0.034548,0.938101,0.943736,0.005635,0.00269662,1.91309658,0.989904
pkdd8,PKDD-8,892,894.000,899.000,4056,150,35,0.125000,7.000000,63.392143,17.148727,0.792402,0.248069,0.333767,2.559531,0.422785,46.368134,2856,0.333767,-2.1953847408294678,13,0.371429,0.00804629,0.00804629,0.00000000,0.00804629,0.00796946,0.00954879,1.209584,1.211349,-0.001459,0.028881,0.027816,0.036880,0.940918,0.946664,0.005745,0.00276900,1.92541172,0.989105
pkdd8,PKDD-8,893,895.000,900.000,3965,150,34,0.121429,6.800000,63.154209,16.923447,0.789428,0.256944,0.343116,2.642115,0.422785,48.059212,2765,0.343116,-2.11773681640625,15,0.441176,0.00779751,0.00779751,0.00000013,0.00779751,0.00772075,0.00984492,1.221273,1.223861,-0.002119,0.030427,0.029338,0.035785,0.937861,0.943727,0.005865,0.00280453,1.90778243,0.988820
pkdd8,PKDD-8,894,896.000,901.000,3864,150,32,0.114286,6.400000,62.821796,16.752407,0.785272,0.271611,0.372655,2.688462,0.323975,49.111740,2664,0.372655,-2.0977349281311035,11,0.343750,0.00744842,0.00744842,0.00000055,0.00744842,0.00737139,0.01034116,1.209773,1.212203,-0.002009,0.028881,0.027747,0.039244,0.940971,0.947077,0.006106,0.00282786,1.88549648,0.988215
pkdd8,PKDD-8,895,897.000,902.000,3704,150,30,0.107143,6.000000,62.546074,16.647358,0.781826,0.284595,0.383876,2.692958,0.286086,49.668606,2504,0.383876,-2.1238811016082764,9,0.300000,0.00720217,0.00720216,0.00000043,0.00720217,0.00712528,0.01067580,1.222006,1.224234,-0.001824,0.030557,0.029405,0.037698,0.937656,0.943884,0.006228,0.00290449,1.89107207,0.989471
pkdd8,PKDD-8,896,898.000,903.000,3590,150,29,0.103571,5.800000,62.470013,16.595795,0.780875,0.285967,0.384623,2.737451,0.224233,50.812099,2390,0.384623,-2.1002423763275146,5,0.172414,0.00691228,0.00691228,0.00000022,0.00691228,0.00683429,0.01128247,1.219619,1.221083,-0.001200,0.030421,0.029179,0.040839,0.938017,0.944660,0.006643,0.00277736,1.79513221,0.991303
pkdd8,PKDD-8,897,899.000,904.000,3415,150,29,0.103571,5.800000,61.786366,17.201838,0.772330,0.276754,0.374973,2.853236,0.224233,53.062443,2187,0.374973,-1.941983938217163,4,0.137931,0.00655795,0.00655795,-0.00000055,0.00655795,0.00647963,0.01194308,1.221184,1.223053,-0.001531,0.030733,0.029363,0.044579,0.937494,0.944695,0.007201,0.00273236,1.69631572,0.992710
pkdd8,PKDD-8,898,900.000,905.000,3210,150,30,0.107143,6.000000,61.443535,18.140150,0.768044,0.250208,0.352637,2.928649,0.224233,55.042461,1954,0.352637,-1.8282321691513062,1,0.033333,0.00625828,0.00625829,-0.00000132,0.00625828,0.00617997,0.01251216,1.234113,1.235100,-0.000800,0.032863,0.031300,0.047574,0.932809,0.940831,0.008022,0.00238085,1.71619199,0.992740
pkdd8,PKDD-8,899,901.000,906.000,3037,150,32,0.114286,6.400000,61.758251,19.279415,0.771978,0.239789,0.330023,3.092078,0.224233,59.803234,1781,0.330023,-1.639001488685608,0,0.000000,0.00594840,0.00594841,-0.00000138,0.00594840,0.00586993,0.01319157,1.238360,1.240097,-0.001403,0.033332,0.031712,0.048616,0.931711,0.940082,0.008371,0.00242196,1.71178985,0.990775
pkdd8,PKDD-8,900,902.000,907.000,2878,150,29,0.103571,5.800000,62.034756,20.461924,0.775434,0.260221,0.365385,3.239835,0.224233,64.388191,1622,0.365385,-1.5547316074371338,0,0.000000,0.00586323,0.00586324,-0.00000105,0.00586323,0.00578495,0.01335142,1.228491,1.230254,-0.001435,0.031878,0.030219,0.052019,0.934430,0.942950,0.008520,0.00245989,1.78341326,0.991273
pkdd8,PKDD-8,901,903.000,908.000,2836,150,29,0.103571,5.800000,62.583817,21.316990,0.782298,0.271491,0.384813,3.275286,0.860320,66.898735,1580,0.384813,-1.5542360544204712,0,0.000000,0.00574772,0.00574772,-0.00000098,0.00574772,0.00567089,0.01336735,1.221745,1.224249,-0.002049,0.030936,0.029273,0.053751,0.936353,0.944925,0.008573,0.00273702,1.94639783,0.991631
pkdd8,PKDD-8,902,904.000,909.000,2796,150,27,0.096429,5.400000,64.061661,21.605808,0.800771,0.279261,0.392799,3.287064,0.760451,68.639511,1568,0.392799,-1.6742503643035889,3,0.111111,0.00572919,0.00572919,-0.00000090,0.00572919,0.00565253,0.01338032,1.231183,1.233692,-0.002038,0.032259,0.030638,0.050246,0.933803,0.942265,0.008462,0.00306091,2.09402796,0.990645
pkdd8,PKDD-8,903,905.000,910.000,2790,150,24,0.085714,4.800000,65.431511,21.638203,0.817894,0.285917,0.398508,3.456490,0.760451,72.582489,1590,0.398508,-1.6353673934936523,3,0.125000,0.00562857,0.00562857,-0.00000037,0.00562857,0.00555223,0.01356256,1.221164,1.223728,-0.002099,0.030751,0.029155,0.051927,0.936800,0.945261,0.008462,0.00295561,2.05475045,0.993574
pkdd8,PKDD-8,904,906.000,911.000,2731,150,23,0.082143,4.600000,66.286156,21.632147,0.828577,0.273985,0.390148,3.491246,0.760451,72.876839,1531,0.390148,-1.6727213859558105,3,0.130435,0.00556337,0.00556337,-0.00000018,0.00556337,0.00548732,0.01366979,1.217489,1.219357,-0.001535,0.030377,0.028698,0.055269,0.937615,0.946436,0.008821,0.00300604,2.03254439,0.994955
pkdd8,PKDD-8,905,907.000,912.000,2676,150,23,0.082143,4.600000,67.236053,21.578602,0.840451,0.246192,0.349643,3.558691,0.556742,73.581635,1481,0.349643,-1.6650480031967163,4,0.173913,0.00536670,0.00536671,-0.00000038,0.00536670,0.00529085,0.01413391,1.224050,1.225617,-0.001280,0.031469,0.029722,0.055520,0.935264,0.944502,0.009238,0.00320960,1.96826056,0.994536
pkdd8,PKDD-8,906,908.000,913.000,2553,150,24,0.085714,4.800000,67.783768,21.696541,0.847297,0.233781,0.328334,3.735744,0.556742,75.902481,1388,0.328334,-1.4934990406036377,4,0.166667,0.00509807,0.00509807,0.00000020,0.00509807,0.00502258,0.01480782,1.241150,1.241982,-0.000671,0.033990,0.032141,0.054390,0.929677,0.939465,0.009788,0.00262138,1.93865702,0.995314
pkdd8,PKDD-8,907,909.000,914.000,2401,150,20,0.071429,4.000000,67.891609,21.944281,0.848645,0.232880,0.323725,3.798804,0.552301,75.971382,1266,0.323725,-1.514664888381958,1,0.050000,0.00494637,0.00494637,0.00000083,0.00494637,0.00487120,0.01519724,1.245538,1.245973,-0.000350,0.034726,0.032602,0.061159,0.927761,0.938622,0.010860,0.00195364,2.06105352,0.993339
pkdd8,PKDD-8,908,910.000,915.000,2297,150,22,0.078571,4.400000,67.468071,21.893810,0.843351,0.248339,0.344171,3.680184,0.535913,72.375961,1163,0.344171,-1.5820801258087158,1,0.045455,0.00489589,0.00489589,0.00000063,0.00489589,0.00482072,0.01535445,1.225634,1.226969,-0.001089,0.031864,0.029686,0.068348,0.933807,0.944928,0.011121,0.00205499,2.37931348,0.992790
pkdd8,PKDD-8,909,911.000,916.000,2247,150,21,0.075000,4.200000,66.854866,21.586664,0.835686,0.258844,0.358962,3.552193,0.516659,69.516647,1084,0.358962,-1.7072718143463135,1,0.047619,0.00483694,0.00483693,0.00000064,0.00483694,0.00476151,0.01559459,1.251021,1.252383,-0.001088,0.035570,0.033175,0.067324,0.926054,0.937918,0.011864,0.00247715,2.68273552,0.989991
pkdd8,PKDD-8,910,912.000,917.000,2203,150,22,0.078571,4.400000,65.700447,21.182892,0.821256,0.263328,0.365554,3.774499,0.516659,71.549644,1005,0.365554,-1.3727391958236694,0,0.000000,0.00472008,0.00472008,0.00000087,0.00472008,0.00464449,0.01601434,1.258337,1.260216,-0.001493,0.036842,0.034158,0.072861,0.923340,0.936326,0.012985,0.00288346,2.51766171,0.987529
pkdd8,PKDD-8,911,913.000,918.000,2129,150,19,0.067857,3.800000,64.482002,20.790991,0.806025,0.262623,0.362809,4.028103,0.516659,74.251022,871,0.362809,-1.0725523233413696,0,0.000000,0.00475368,0.00475368,0.00000011,0.00475368,0.00467783,0.01595679,1.246556,1.248931,-0.001906,0.035028,0.032113,0.083201,0.927310,0.941182,0.013872,0.00284533,2.47078059,0.981615
pkdd8,PKDD-8,912,914.000,919.000,2105,150,19,0.067857,3.800000,63.366470,20.221008,0.792081,0.251235,0.349736,4.148057,0.516659,76.223595,787,0.349736,-0.8688216209411621,2,0.105263,0.00476633,0.00476633,0.00000022,0.00476633,0.00469037,0.01593766,1.243179,1.245572,-0.001925,0.034671,0.031684,0.086156,0.928071,0.942183,0.014112,0.00233591,2.50131786,0.979320
pkdd8,PKDD-8,913,915.000,920.000,2089,150,19,0.067857,3.800000,62.723400,19.903992,0.784043,0.233715,0.334139,4.176481,0.516659,77.567039,740,0.334139,-0.794910192489624,4,0.210526,0.00481753,0.00481753,0.00000011,0.00481753,0.00474148,0.01578750,1.268106,1.270504,-0.001891,0.038119,0.035145,0.078030,0.921131,0.935211,0.014080,0.00212974,2.46533418,0.979712
pkdd8,PKDD-8,914,916.000,921.000,2085,150,19,0.067857,3.800000,61.744598,19.558277,0.771807,0.229393,0.321444,4.560610,0.655829,81.749718,763,0.321444,-0.30535757541656494,4,0.210526,0.00486893,0.00486893,0.00000021,0.00486893,0.00479361,0.01546929,1.256828,1.259703,-0.002287,0.036728,0.034127,0.070810,0.923879,0.936680,0.012801,0.00214268,2.43300290,0.981241
pkdd8,PKDD-8,915,917.000,922.000,2087,150,19,0.067857,3.800000,61.142242,19.257271,0.764278,0.218666,0.300272,4.436515,1.198234,78.695473,795,0.300272,-0.4031200408935547,4,0.210526,0.00492073,0.00492073,0.00000000,0.00492073,0.00484537,0.01531521,1.253340,1.256679,-0.002665,0.035999,0.033574,0.067351,0.925615,0.937747,0.012132,0.00254840,2.58264746,0.983254
pkdd8,PKDD-8,916,918.000,923.000,2096,150,17,0.060714,3.400000,60.833462,19.134737,0.760418,0.228297,0.312573,4.181454,1.198234,74.060349,834,0.312573,-0.7046672105789185,4,0.235294,0.00495320,0.00495320,-0.00000010,0.00495320,0.00487756,0.01527031,1.248354,1.251646,-0.002638,0.035274,0.032891,0.067559,0.927226,0.939085,0.011859,0.00264143,2.35419662,0.983490
pkdd8,PKDD-8,917,919.000,924.000,2126,150,18,0.064286,3.600000,60.828362,18.995029,0.760355,0.222679,0.301603,3.968095,1.485690,70.456711,894,0.301603,-0.9216020107269287,2,0.111111,0.00494440,0.00494440,-0.00000042,0.00494440,0.00486887,0.01527459,1.262441,1.266197,-0.002975,0.037308,0.035196,0.056606,0.922951,0.933925,0.010974,0.00255694,2.07935835,0.987113
pkdd8,PKDD-8,918,920.000,925.000,2130,150,19,0.067857,3.800000,60.780994,18.948400,0.759762,0.221263,0.299375,4.155054,1.547413,74.161133,928,0.299375,-0.6925989389419556,0,0.000000,0.00491819,0.00491819,0.00000000,0.00491819,0.00484255,0.01537818,1.239344,1.242155,-0.002268,0.034300,0.032202,0.061159,0.928702,0.939632,0.010930,0.00230660,1.87897226,0.985035
pkdd8,PKDD-8,919,921.000,926.000,2135,150,18,0.064286,3.600000,61.196590,18.958580,0.764957,0.204339,0.291820,4.015618,1.489523,74.143143,935,0.291820,-0.8977382183074951,0,0.000000,0.00479309,0.00479309,-0.00000021,0.00479309,0.00471680,0.01591537,1.251314,1.253225,-0.001527,0.035774,0.033426,0.065633,0.925675,0.937614,0.011939,0.00219535,1.73093680,0.984520
pkdd8,PKDD-8,920,922.000,927.000,2093,150,17,0.060714,3.400000,61.226738,19.085379,0.765334,0.197612,0.287209,3.632953,1.410975,69.463394,893,0.287209,-1.3487350940704346,0,0.000000,0.00465656,0.00465656,-0.00000011,0.00465656,0.00458038,0.01635792,1.246595,1.248055,-0.001170,0.035312,0.033005,0.065310,0.926250,0.938118,0.011868,0.00232503,1.60795210,0.985117
pkdd8,PKDD-8,921,923.000,928.000,2056,150,16,0.057143,3.200000,61.307491,19.138334,0.766344,0.186712,0.270926,3.322295,1.333274,65.381432,874,0.270926,-1.7256414890289307,0,0.000000,0.00445034,0.00445034,0.00000023,0.00445034,0.00437463,0.01701274,1.251762,1.254280,-0.002011,0.036497,0.034300,0.060193,0.923310,0.935022,0.011711,0.00236546,1.53185945,0.990483
pkdd8,PKDD-8,922,924.000,929.000,1986,150,16,0.057143,3.200000,61.362614,19.335238,0.767033,0.187041,0.272014,3.198239,1.241526,63.325905,834,0.272014,-1.8779205083847046,0,0.000000,0.00414857,0.00414857,0.00000062,0.00414857,0.00407235,0.01837190,1.247456,1.249598,-0.001717,0.035970,0.033589,0.066192,0.923968,0.936658,0.012690,0.00233110,1.48501562,0.987467
pkdd8,PKDD-8,923,925.000,930.000,1867,150,15,0.053571,3.000000,61.310200,19.747339,0.766377,0.184965,0.268351,2.824575,1.146543,56.088329,771,0.268351,-2.3212890625,0,0.000000,0.00380881,0.00380881,0.00000027,0.00380881,0.00373268,0.01998876,1.262609,1.264928,-0.001837,0.038276,0.035684,0.067728,0.919134,0.932937,0.013803,0.00223417,1.53227040,0.988261
pkdd8,PKDD-8,924,926.000,931.000,1725,150,15,0.053571,3.000000,60.870838,20.256851,0.760885,0.194387,0.269755,2.402470,1.026093,47.889656,660,0.269755,-2.7708113193511963,0,0.000000,0.00356393,0.00356392,0.00000043,0.00356393,0.00348794,0.02131965,1.257090,1.260173,-0.002452,0.037860,0.035123,0.072294,0.919705,0.934313,0.014608,0.00229478,1.61624766,0.988625
pkdd8,PKDD-8,925,927.000,932.000,1622,150,14,0.050000,2.800000,60.794441,20.741270,0.759931,0.204161,0.280419,2.291793,0.889382,45.632259,587,0.280419,-2.915060520172119,0,0.000000,0.00338454,0.00338454,0.00000030,0.00338454,0.00330900,0.02231857,1.267442,1.271318,-0.003058,0.039204,0.036294,0.074236,0.916732,0.932248,0.015516,0.00254597,1.75837799,0.988954
pkdd8,PKDD-8,926,928.000,933.000,1548,150,15,0.053571,3.000000,60.866676,21.141712,0.760833,0.223505,0.306118,2.955137,0.730491,57.552296,525,0.306118,-2.1643455028533936,0,0.000000,0.00338377,0.00338377,0.00000023,0.00338377,0.00330851,0.02224348,1.269107,1.271034,-0.001518,0.039166,0.036164,0.076633,0.917243,0.932965,0.015723,0.00244515,1.85310245,0.989884
pkdd8,PKDD-8,927,929.000,934.000,1557,150,17,0.060714,3.400000,61.235424,21.184355,0.765443,0.252053,0.336752,4.032418,0.597063,78.427414,534,0.336752,-0.9493491649627686,3,0.176471,0.00349751,0.00349751,-0.00000015,0.00349751,0.00342249,0.02144978,1.259214,1.261671,-0.001951,0.037908,0.035202,0.071385,0.919551,0.934045,0.014494,0.00232276,1.92161512,0.995577
pkdd8,PKDD-8,928,930.000,935.000,1628,150,17,0.060714,3.400000,61.645271,20.833565,0.770566,0.261718,0.348376,5.475958,0.597063,105.942139,579,0.348376,0.6306822299957275,3,0.176471,0.00363283,0.00363284,-0.00000021,0.00363283,0.00355800,0.02060036,1.261330,1.264273,-0.002333,0.037796,0.035305,0.065899,0.920030,0.933470,0.013440,0.00226996,1.91861166,0.994968
pkdd8,PKDD-8,929,931.000,936.000,1699,150,18,0.064286,3.600000,62.424099,20.638298,0.780301,0.239828,0.330764,5.930455,0.597063,114.190277,649,0.330764,1.1057636737823486,3,0.166667,0.00364479,0.00364479,-0.00000049,0.00364479,0.00356976,0.02058573,1.255096,1.257426,-0.001856,0.036891,0.034625,0.061426,0.921874,0.934511,0.012637,0.00243402,1.93833653,0.992662
pkdd8,PKDD-8,930,932.000,937.000,1717,150,16,0.057143,3.200000,63.070763,20.670301,0.788385,0.226756,0.314980,5.902791,0.597063,113.790268,667,0.314980,0.9989511966705322,3,0.187500,0.00375119,0.00375120,-0.00000062,0.00375119,0.00367546,0.02018886,1.269492,1.270621,-0.000890,0.038702,0.036463,0.057840,0.918670,0.931054,0.012384,0.00276422,2.06033760,0.990593
pkdd8,PKDD-8,931,933.000,938.000,1770,150,18,0.064286,3.600000,63.641216,20.503433,0.795515,0.217424,0.298544,5.136988,0.597063,99.557686,720,0.298544,0.1535661220550537,3,0.166667,0.00376233,0.00376234,-0.00000062,0.00376233,0.00368677,0.02008511,1.255643,1.257336,-0.001348,0.037122,0.035070,0.055282,0.921088,0.932937,0.011849,0.00283525,2.42007671,0.990858
pkdd8,PKDD-8,932,934.000,939.000,1772,150,17,0.060714,3.400000,64.078682,20.553280,0.800984,0.197068,0.257396,4.323862,0.784534,83.705032,722,0.257396,-0.7921406030654907,0,0.000000,0.00384771,0.00384771,-0.00000027,0.00384771,0.00377352,0.01928126,1.258953,1.261157,-0.001751,0.037253,0.035155,0.056321,0.921581,0.933428,0.011847,0.00272039,2.69373700,0.987355
pkdd8,PKDD-8,933,935.000,940.000,1815,150,18,0.064286,3.600000,64.907318,20.492443,0.811341,0.196578,0.242539,3.168592,0.793822,62.026100,736,0.242539,-2.1036245822906494,0,0.000000,0.00390509,0.00390510,-0.00000046,0.00390509,0.00383111,0.01894655,1.262507,1.264120,-0.001278,0.037956,0.035905,0.054039,0.920004,0.931743,0.011738,0.00239156,2.87717735,0.989107
pkdd8,PKDD-8,934,936.000,941.000,1859,150,15,0.053571,3.000000,65.595970,20.396210,0.819950,0.212444,0.263203,2.602930,0.809107,52.029163,750,0.263203,-2.8254685401916504,0,0.000000,0.00411567,0.00411567,-0.00000081,0.00411567,0.00404156,0.01800717,1.249365,1.251397,-0.001626,0.035908,0.033916,0.055496,0.924468,0.935788,0.011320,0.00205652,2.83446296,0.989030
pkdd8,PKDD-8,935,937.000,942.000,1969,150,14,0.050000,2.800000,66.310532,20.047268,0.828882,0.214600,0.270263,2.656332,0.824440,53.300232,830,0.270263,-2.82609486579895,0,0.000000,0.00424510,0.00424510,-0.00000067,0.00424510,0.00417112,0.01742579,1.237488,1.239450,-0.001586,0.034402,0.032518,0.054756,0.927233,0.938138,0.010905,0.00199362,2.52718623,0.989401
pkdd8,PKDD-8,936,938.000,943.000,2038,150,14,0.050000,2.800000,66.880341,19.927904,0.836004,0.209339,0.269424,2.756622,0.840847,55.631962,869,0.269424,-2.7388644218444824,0,0.000000,0.00456496,0.00456497,-0.00000045,0.00456496,0.00449098,0.01620646,1.247557,1.249884,-0.001865,0.035490,0.033715,0.050003,0.925533,0.935785,0.010253,0.00218881,2.18757298,0.989949
pkdd8,PKDD-8,937,939.000,944.000,2149,150,16,0.057143,3.200000,67.415390,19.620552,0.842692,0.210255,0.275485,2.996380,0.856058,60.296967,950,0.275485,-2.463860034942627,0,0.000000,0.00465573,0.00465573,-0.00000022,0.00465573,0.00458448,0.01530326,1.245098,1.246965,-0.001500,0.035284,0.033710,0.044610,0.925688,0.934983,0.009295,0.00223649,2.13839508,0.992857
pkdd8,PKDD-8,938,940.000,945.000,2142,150,16,0.057143,3.200000,67.408890,19.706297,0.842611,0.214988,0.286417,3.247466,0.879750,64.871300,942,0.286417,-2.1860413551330566,0,0.000000,0.00462766,0.00462766,0.00000011,0.00462766,0.00455680,0.01531199,1.244573,1.246503,-0.001550,0.035198,0.033461,0.049336,0.925745,0.935706,0.009961,0.00225073,2.03198642,0.992402
pkdd8,PKDD-8,939,941.000,946.000,2073,150,17,0.060714,3.400000,67.450989,20.020752,0.843137,0.221900,0.297884,3.393605,0.748031,67.678886,906,0.297884,-2.0133070945739746,1,0.058824,0.00445581,0.00445581,0.00000023,0.00445581,0.00438618,0.01562699,1.257231,1.258781,-0.001233,0.037195,0.035280,0.051471,0.921268,0.932134,0.010865,0.00252691,1.96826602,0.996746
pkdd8,PKDD-8,940,942.000,947.000,1936,150,17,0.060714,3.400000,67.356773,20.631775,0.841960,0.235471,0.321085,3.413130,0.578321,68.128021,829,0.321085,-1.9933806657791138,1,0.058824,0.00424936,0.00424936,0.00000012,0.00424936,0.00418028,0.01625591,1.265546,1.267787,-0.001771,0.038649,0.036541,0.054535,0.918184,0.930009,0.011826,0.00252843,1.77354143,0.999244
pkdd8,PKDD-8,941,943.000,948.000,1785,150,18,0.064286,3.600000,66.595108,21.945107,0.832439,0.254778,0.351064,3.449688,0.396326,69.096947,709,0.351064,-1.8989202976226807,1,0.055556,0.00388080,0.00388080,0.00000000,0.00388080,0.00381137,0.01789127,1.288903,1.291383,-0.001924,0.041802,0.039405,0.057356,0.911633,0.924838,0.013206,0.00251299,1.61798942,0.998605
pkdd8,PKDD-8,942,944.000,949.000,1613,150,18,0.064286,3.600000,65.646904,23.404213,0.820586,0.272618,0.373219,3.754329,0.349576,75.769958,567,0.373219,-1.5074775218963623,2,0.111111,0.00372067,0.00372067,-0.00000083,0.00372067,0.00364743,0.01968335,1.289032,1.291613,-0.002002,0.041655,0.039080,0.061821,0.911994,0.926389,0.014395,0.00275401,1.36954454,0.998258
pkdd8,PKDD-8,943,945.000,950.000,1550,150,18,0.064286,3.600000,63.881371,24.864523,0.798517,0.307366,0.431093,4.095359,0.349576,79.285988,544,0.431093,-1.0229175090789795,2,0.111111,0.00358027,0.00358027,-0.00000101,0.00358027,0.00351848,0.01725852,1.288859,1.291528,-0.002070,0.041879,0.039809,0.049416,0.911318,0.923106,0.011787,0.00300114,1.14521135,0.990994
pkdd8,PKDD-8,944,946.000,951.000,1499,150,14,0.050000,2.800000,61.754707,25.912477,0.771934,0.332856,0.473950,4.345305,0.349576,81.049095,527,0.473950,-0.6932092905044556,1,0.071429,0.00350544,0.00350544,-0.00000029,0.00350544,0.00344600,0.01695597,1.308525,1.311231,-0.002068,0.044298,0.042463,0.041428,0.906606,0.917214,0.010608,0.00309527,0.92191068,0.988735
pkdd8,PKDD-8,945,947.000,952.000,1478,150,13,0.046429,2.600000,59.398289,26.231972,0.742479,0.356481,0.487411,4.806037,0.349576,86.313972,536,0.487411,-0.0539628267288208,2,0.153846,0.00349515,0.00349516,-0.00000029,0.00349515,0.00343556,0.01705135,1.307172,1.309878,-0.002070,0.043978,0.042129,0.042039,0.907451,0.918058,0.010607,0.00312223,0.78296677,0.988430
pkdd8,PKDD-8,946,948.000,953.000,1478,150,14,0.050000,2.800000,57.665161,25.720623,0.720815,0.402707,0.538578,5.297039,0.349576,91.428719,595,0.538578,0.6254669427871704,2,0.142857,0.00366019,0.00366019,-0.00000042,0.00366019,0.00360066,0.01626431,1.278594,1.281150,-0.001999,0.039994,0.038053,0.048522,0.915964,0.926654,0.010689,0.00365332,0.75729098,0.988786
pkdd8,PKDD-8,947,949.000,954.000,1565,150,18,0.064286,3.600000,56.933491,24.641813,0.711669,0.435903,0.559197,5.030430,0.473091,83.983696,684,0.559197,0.4575103521347046,4,0.222222,0.00373810,0.00373810,0.00000028,0.00373810,0.00367979,0.01559900,1.294704,1.297819,-0.002406,0.042100,0.040218,0.044699,0.912035,0.922301,0.010266,0.00373197,0.76890691,0.988224
pkdd8,PKDD-8,948,950.000,955.000,1605,150,17,0.060714,3.400000,57.190941,23.649492,0.714887,0.433932,0.537211,4.756353,0.404488,79.072914,714,0.537211,0.12036764621734619,21,1.235294,0.00382246,0.00382245,0.00000054,0.00382246,0.00375177,0.01849360,1.287309,1.290247,-0.002282,0.040928,0.038855,0.050663,0.914866,0.926351,0.011485,0.00354144,0.88691477,0.989689
pkdd8,PKDD-8,949,951.000,956.000,1702,150,17,0.060714,3.400000,57.974689,22.529802,0.724684,0.412390,0.513376,4.316232,0.404488,71.997215,750,0.513376,-0.41177117824554443,28,1.647059,0.00396688,0.00396688,0.00000000,0.00396688,0.00389381,0.01841900,1.256284,1.259016,-0.002175,0.036839,0.034583,0.061242,0.923029,0.935133,0.012104,0.00361653,1.01397069,0.989672
pkdd8,PKDD-8,950,952.000,957.000,1830,150,15,0.053571,3.000000,59.092712,21.664299,0.738659,0.402752,0.507569,3.773445,0.404488,63.850491,788,0.507569,-1.114880084991455,27,1.800000,0.00419620,0.00419620,0.00000000,0.00419620,0.00412379,0.01725726,1.253858,1.256346,-0.001985,0.036409,0.034289,0.058225,0.924292,0.935568,0.011276,0.00367086,1.15226254,0.990592
pkdd8,PKDD-8,951,953.000,958.000,2009,150,17,0.060714,3.400000,60.891838,21.078640,0.761148,0.353930,0.449541,3.119573,0.404488,55.713127,877,0.449541,-1.9109758138656616,27,1.588235,0.00427564,0.00427564,0.00000048,0.00427564,0.00420327,0.01692544,1.256898,1.258325,-0.001136,0.036773,0.034732,0.055500,0.923652,0.934473,0.010820,0.00368824,1.21313813,0.989082
pkdd8,PKDD-8,952,954.000,959.000,2102,150,18,0.064286,3.600000,61.961422,20.937929,0.774518,0.298106,0.388218,2.718682,0.404488,51.264935,938,0.388218,-2.3958911895751953,24,1.333333,0.00447369,0.00447369,0.00000023,0.00447369,0.00440034,0.01639655,1.235790,1.236234,-0.000359,0.033819,0.031755,0.061038,0.929700,0.940414,0.010715,0.00364444,1.24361856,0.989210
pkdd8,PKDD-8,953,955.000,960.000,2252,150,19,0.067857,3.800000,63.309280,20.813400,0.791366,0.258457,0.335286,2.324034,0.606769,46.374588,1058,0.335286,-2.887495279312134,7,0.368421,0.00477521,0.00477521,0.00000000,0.00477521,0.00470267,0.01519107,1.233750,1.234167,-0.000338,0.033146,0.031068,0.062675,0.931450,0.942039,0.010589,0.00366534,1.28638584,0.993625
pkdd8,PKDD-8,954,956.000,961.000,2400,150,19,0.067857,3.800000,64.465973,20.755533,0.805825,0.235667,0.307012,2.390654,0.606769,48.630550,1200,0.307012,-2.869471788406372,0,0.000000,0.00523271,0.00523270,0.00000079,0.00523271,0.00515947,0.01399636,1.243482,1.244249,-0.000617,0.034254,0.032401,0.054096,0.929816,0.939327,0.009511,0.00364905,1.36911301,0.995859
pkdd8,PKDD-8,955,957.000,962.000,2608,150,21,0.075000,4.200000,65.587097,20.438032,0.819839,0.222973,0.297787,2.541337,0.610167,51.732899,1408,0.297787,-2.71879243850708,0,0.000000,0.00563160,0.00563160,0.00000027,0.00563160,0.00555849,0.01298140,1.235568,1.236285,-0.000580,0.032939,0.031148,0.054383,0.932522,0.941561,0.009039,0.00382833,1.45772203,0.993707
pkdd8,PKDD-8,956,958.000,963.000,2789,150,22,0.078571,4.400000,66.200577,20.012362,0.827507,0.223293,0.307076,2.626662,0.643429,53.313663,1560,0.307076,-2.633892297744751,3,0.136364,0.00587970,0.00587970,0.00000000,0.00587970,0.00580700,0.01236362,1.232014,1.233046,-0.000838,0.032341,0.030669,0.051714,0.933776,0.942319,0.008542,0.00370277,1.57626433,0.995198
pkdd8,PKDD-8,957,959.000,964.000,2905,150,22,0.078571,4.400000,66.670578,19.723402,0.833382,0.242598,0.338136,2.675144,0.712916,54.301144,1646,0.338136,-2.608583927154541,3,0.136364,0.00590948,0.00590948,0.00000017,0.00590948,0.00583766,0.01215389,1.231615,1.232990,-0.001116,0.032218,0.030532,0.052335,0.933937,0.942574,0.008636,0.00358793,1.72144479,0.994433
pkdd8,PKDD-8,958,960.000,965.000,2910,150,22,0.078571,4.400000,66.777931,19.607323,0.834724,0.259223,0.366712,2.723215,0.768165,55.204128,1621,0.366712,-2.5607290267944336,3,0.136364,0.00594438,0.00594438,0.00000000,0.00594438,0.00587282,0.01203803,1.236102,1.237817,-0.001388,0.032937,0.031248,0.051269,0.932367,0.941038,0.008671,0.00351533,1.88323228,0.994749
pkdd8,PKDD-8,959,961.000,966.000,2914,150,23,0.082143,4.600000,66.987923,19.487747,0.837349,0.266898,0.378446,2.733788,0.351128,55.625538,1595,0.378446,-2.549583911895752,7,0.304348,0.00575489,0.00575489,0.00000000,0.00575489,0.00568373,0.01236501,1.229086,1.230498,-0.001149,0.031962,0.030234,0.054076,0.934100,0.943018,0.008917,0.00303110,2.13141785,0.994599
pkdd8,PKDD-8,960,962.000,967.000,2833,150,24,0.085714,4.800000,67.450806,19.729521,0.843135,0.271149,0.382849,2.841461,0.351128,57.480801,1484,0.382849,-2.445420026779175,10,0.416667,0.00560018,0.00560018,0.00000092,0.00560018,0.00552879,0.01274758,1.237602,1.240192,-0.002093,0.033060,0.031368,0.051162,0.931848,0.940755,0.008907,0.00248487,2.51564257,0.997002
pkdd8,PKDD-8,961,963.000,968.000,2702,150,26,0.092857,5.200000,67.176689,20.868965,0.839709,0.276723,0.387875,2.971909,0.351128,60.609539,1345,0.387875,-2.2493302822113037,7,0.269231,0.00546143,0.00546142,0.00000132,0.00546143,0.00538975,0.01312413,1.252140,1.254864,-0.002175,0.035481,0.033788,0.047716,0.926201,0.935388,0.009187,0.00245935,3.22105588,0.997374
pkdd8,PKDD-8,962,964.000,969.000,2570,150,25,0.089286,5.000000,66.737473,22.102655,0.834218,0.267212,0.369509,3.092892,0.351128,63.109653,1184,0.369509,-2.107471227645874,7,0.280000,0.00545408,0.00545407,0.00000104,0.00545408,0.00538178,0.01325636,1.268908,1.271709,-0.002208,0.037418,0.035572,0.049326,0.922868,0.932385,0.009517,0.00318747,2.44060917,0.999460
pkdd8,PKDD-8,963,965.000,970.000,2499,150,25,0.089286,5.000000,66.555016,23.212797,0.831938,0.259245,0.346107,3.240630,0.351128,66.248795,1089,0.346107,-1.9342563152313232,7,0.280000,0.00539837,0.00539836,0.00000095,0.00539837,0.00532521,0.01355178,1.261826,1.264730,-0.002302,0.036490,0.034504,0.054420,0.924425,0.934515,0.010091,0.00327058,2.17598767,0.998320
pkdd8,PKDD-8,964,966.000,971.000,2410,150,24,0.085714,4.800000,66.198685,24.412659,0.827484,0.264025,0.341723,3.240869,0.367928,66.519112,971,0.341723,-1.9281961917877197,3,0.125000,0.00547945,0.00547944,0.00000085,0.00547945,0.00540675,0.01326842,1.269814,1.272766,-0.002324,0.037679,0.035686,0.052885,0.922041,0.932193,0.010151,0.00293523,2.19429257,0.998103
pkdd8,PKDD-8,965,967.000,972.000,2372,150,23,0.082143,4.600000,65.841156,25.452705,0.823014,0.267839,0.349014,2.940359,0.461794,62.333885,903,0.349014,-2.253680467605591,0,0.000000,0.00561207,0.00561207,-0.00000009,0.00561207,0.00553893,0.01303263,1.267413,1.269486,-0.001636,0.037398,0.035472,0.051507,0.922515,0.932507,0.009992,0.00273492,2.13898774,0.998134
pkdd8,PKDD-8,966,968.000,973.000,2412,150,22,0.078571,4.400000,66.589180,25.575199,0.832365,0.257377,0.345287,2.902082,0.003451,61.964294,912,0.345287,-2.353522539138794,1,0.045455,0.00586486,0.00586486,-0.00000035,0.00586486,0.00579133,0.01253714,1.250795,1.252782,-0.001589,0.034821,0.033024,0.051617,0.928299,0.937656,0.009357,0.00308607,2.15798622,0.997854
pkdd8,PKDD-8,967,969.000,974.000,2516,150,23,0.082143,4.600000,67.555252,25.314604,0.844441,0.257547,0.355430,2.990379,0.003451,64.135948,1028,0.355430,-2.291797637939453,1,0.043478,0.00599861,0.00599861,-0.00000034,0.00599861,0.00592494,0.01228204,1.245232,1.246789,-0.001250,0.034430,0.032828,0.046516,0.928676,0.937495,0.008819,0.00348195,2.19669486,0.998073
pkdd8,PKDD-8,968,970.000,975.000,2569,150,23,0.082143,4.600000,68.172783,25.060961,0.852160,0.250338,0.357318,3.102711,0.003451,66.392731,1111,0.357318,-2.1950011253356934,5,0.217391,0.00629728,0.00629728,-0.00000016,0.00629728,0.00622381,0.01166716,1.247488,1.248604,-0.000895,0.034647,0.033338,0.037788,0.928512,0.936188,0.007676,0.00383301,2.45674260,0.998828
pkdd8,PKDD-8,969,971.000,976.000,2687,150,26,0.092857,5.200000,68.696259,24.434509,0.858703,0.252517,0.363261,3.014118,0.003451,64.260620,1259,0.363261,-2.254483938217163,5,0.192308,0.00663938,0.00663938,-0.00000047,0.00663938,0.00656575,0.01108911,1.243300,1.245063,-0.001418,0.033811,0.032526,0.038006,0.930478,0.937882,0.007404,0.00413841,2.60586770,0.998731
pkdd8,PKDD-8,970,972.000,977.000,2836,150,28,0.100000,5.600000,69.044685,23.614838,0.863059,0.246272,0.352078,2.905968,0.003451,61.569855,1438,0.352078,-2.3505427837371826,5,0.178571,0.00681369,0.00681369,0.00000015,0.00681369,0.00673990,0.01083004,1.250000,1.251030,-0.000824,0.034624,0.033417,0.034869,0.929028,0.936109,0.007081,0.00400995,3.27021791,0.998455
pkdd8,PKDD-8,971,973.000,978.000,2912,150,28,0.100000,5.600000,69.327431,23.129158,0.866593,0.248068,0.340724,2.660959,0.017150,56.240028,1552,0.340724,-2.638927698135376,4,0.142857,0.00684280,0.00684280,-0.00000015,0.00684280,0.00676997,0.01064326,1.257954,1.258638,-0.000544,0.035566,0.034316,0.035135,0.927230,0.934332,0.007102,0.00359338,2.87779655,0.998768
pkdd8,PKDD-8,972,974.000,979.000,2923,150,24,0.085714,4.800000,69.437569,22.893686,0.867970,0.248975,0.330873,2.435899,0.203487,51.406940,1580,0.330873,-2.9687304496765137,5,0.208333,0.00698744,0.00698744,-0.00000015,0.00698744,0.00691508,0.01035534,1.251411,1.252076,-0.000531,0.034607,0.033419,0.034334,0.929112,0.935951,0.006839,0.00319752,3.42914833,0.998954
pkdd8,PKDD-8,973,975.000,980.000,3011,150,25,0.089286,5.000000,69.681892,22.530367,0.871024,0.244919,0.317354,2.334524,0.396618,49.245010,1692,0.317354,-3.081170082092285,1,0.040000,0.00687060,0.00687060,0.00000022,0.00687060,0.00679916,0.01039767,1.249164,1.250836,-0.001339,0.034448,0.033231,0.035346,0.929413,0.936347,0.006934,0.00278914,2.41765322,0.998194
pkdd8,PKDD-8,974,976.000,981.000,2990,150,24,0.085714,4.800000,69.675827,22.453943,0.870948,0.230973,0.307470,2.379792,0.585704,50.287014,1700,0.307470,-3.058354377746582,1,0.041667,0.00665348,0.00665347,0.00000085,0.00665348,0.00658147,0.01082198,1.251199,1.252913,-0.001369,0.034901,0.033775,0.032245,0.928223,0.934923,0.006701,0.00271362,2.18462591,0.998458
pkdd8,PKDD-8,975,977.000,982.000,2918,150,25,0.089286,5.000000,69.547569,22.541187,0.869345,0.226363,0.315598,2.455541,0.602641,51.942287,1658,0.315598,-2.946420669555664,1,0.040000,0.00665721,0.00665721,0.00000070,0.00665721,0.00658642,0.01063486,1.238725,1.240760,-0.001643,0.033122,0.031942,0.035632,0.931973,0.938767,0.006795,0.00250860,2.09465309,0.998779
pkdd8,PKDD-8,976,978.000,983.000,2949,150,28,0.100000,5.600000,69.510551,22.255447,0.868882,0.214338,0.312484,2.615715,0.602641,55.226139,1690,0.312484,-2.7071456909179688,1,0.035714,0.00666642,0.00666641,0.00000077,0.00666642,0.00659475,0.01075079,1.221067,1.224086,-0.002473,0.030949,0.029843,0.035730,0.936160,0.942757,0.006597,0.00297251,2.01476298,0.998792
pkdd8,PKDD-8,977,979.000,984.000,2981,150,26,0.092857,5.200000,69.499252,22.007454,0.868741,0.212656,0.306107,2.775377,0.658488,58.409542,1722,0.306107,-2.571105718612671,5,0.192308,0.00660177,0.00660176,0.00000062,0.00660177,0.00653061,0.01077812,1.220907,1.224628,-0.003048,0.031072,0.030087,0.031723,0.935805,0.941908,0.006103,0.00311524,1.98390377,0.996651
pkdd8,PKDD-8,978,980.000,985.000,2956,150,26,0.092857,5.200000,69.231064,21.929522,0.865388,0.218219,0.307487,2.934874,0.658488,61.906044,1667,0.307487,-2.3745391368865967,6,0.230769,0.00667738,0.00667738,0.00000046,0.00667738,0.00660601,0.01068829,1.229223,1.231903,-0.002181,0.031848,0.030849,0.031385,0.934371,0.940557,0.006186,0.00262695,2.00494208,0.997587
pkdd8,PKDD-8,979,981.000,986.000,2984,150,26,0.092857,5.200000,69.028534,21.782438,0.862857,0.216233,0.303940,3.169372,0.658488,66.218216,1665,0.303940,-2.102897882461548,6,0.230769,0.00664572,0.00664571,0.00000039,0.00664572,0.00657500,0.01064103,1.234838,1.237197,-0.001910,0.032388,0.031255,0.034983,0.933710,0.940238,0.006528,0.00265092,1.95796866,0.996513
pkdd8,PKDD-8,980,982.000,987.000,2968,150,27,0.096429,5.400000,68.349228,21.746042,0.854365,0.217715,0.298218,3.351863,0.604111,69.268372,1619,0.298218,-1.8476146459579468,6,0.222222,0.00638969,0.00638969,0.00000016,0.00638969,0.00631840,0.01115671,1.245435,1.247542,-0.001692,0.034338,0.033160,0.034311,0.929243,0.936162,0.006920,0.00281249,1.83520277,0.995260
pkdd8,PKDD-8,981,983.000,988.000,2848,150,26,0.092857,5.200000,67.282364,21.978456,0.841030,0.209527,0.285870,3.495828,0.604111,71.372475,1498,0.285870,-1.6431461572647095,6,0.230769,0.00631783,0.00631782,0.00000008,0.00631783,0.00624628,0.01132508,1.267298,1.269483,-0.001724,0.037028,0.035824,0.032522,0.923747,0.930857,0.007109,0.00260057,1.87153019,0.994920
pkdd8,PKDD-8,982,984.000,989.000,2746,150,26,0.092857,5.200000,65.687103,22.308191,0.821089,0.213698,0.323251,3.691183,0.604111,71.701851,1426,0.323251,-1.321568250656128,1,0.038462,0.00643974,0.00643973,0.00000056,0.00643974,0.00636702,0.01129256,1.268892,1.271093,-0.001735,0.037046,0.035611,0.038717,0.924093,0.932209,0.008116,0.00285404,1.97225057,0.995543
pkdd8,PKDD-8,983,985.000,990.000,2726,150,26,0.092857,5.200000,64.042648,22.273819,0.800533,0.215926,0.333262,3.707067,0.604111,68.108482,1436,0.333262,-1.1986050605773926,0,0.000000,0.00648861,0.00648860,0.00000119,0.00648861,0.00641540,0.01128317,1.267585,1.270190,-0.002055,0.037331,0.035950,0.037004,0.923039,0.930954,0.007915,0.00297997,2.13535766,0.995143
pkdd8,PKDD-8,984,986.000,991.000,2687,150,23,0.082143,4.600000,62.456898,22.283699,0.780711,0.228753,0.349260,3.717357,0.604111,64.526443,1427,0.349260,-1.1460908651351929,0,0.000000,0.00649630,0.00649629,0.00000063,0.00649630,0.00642240,0.01137501,1.269625,1.273038,-0.002688,0.037710,0.036375,0.035426,0.922012,0.929985,0.007972,0.00310056,2.39229176,0.995904
pkdd8,PKDD-8,985,987.000,992.000,2637,150,23,0.082143,4.600000,61.139332,22.432562,0.764242,0.216747,0.339668,3.872485,0.906868,63.803936,1407,0.339668,-0.884673535823822,0,0.000000,0.00666987,0.00666986,0.00000085,0.00666987,0.00659529,0.01118115,1.255455,1.259594,-0.003296,0.035291,0.033963,0.037634,0.927216,0.935023,0.007807,0.00336097,2.83770891,0.996275
pkdd8,PKDD-8,986,988.000,993.000,2658,150,24,0.085714,4.800000,59.786869,22.201895,0.747336,0.247549,0.394292,3.956092,0.760437,61.830669,1458,0.394292,-0.686778724193573,3,0.125000,0.00667757,0.00667756,0.00000077,0.00667757,0.00660466,0.01091841,1.251219,1.254218,-0.002397,0.034929,0.033344,0.045357,0.928150,0.936762,0.008611,0.00377381,2.71386486,0.994432
pkdd8,PKDD-8,987,989.000,994.000,2667,150,24,0.085714,4.800000,58.764858,21.837086,0.734561,0.259448,0.410750,3.809175,0.631744,58.918755,1477,0.410750,-0.7835633754730225,3,0.125000,0.00672596,0.00672596,0.00000061,0.00672596,0.00665265,0.01090037,1.243822,1.246772,-0.002372,0.034048,0.032594,0.042696,0.929487,0.937484,0.007997,0.00435276,2.28345515,0.993360
pkdd8,PKDD-8,988,990.000,995.000,2711,150,29,0.103571,5.800000,57.522171,21.189930,0.719027,0.297396,0.464769,3.470533,0.175285,53.999485,1551,0.464769,-0.968342661857605,3,0.103448,0.00710658,0.00710658,-0.00000014,0.00710658,0.00703330,0.01031186,1.255670,1.258763,-0.002463,0.034879,0.033429,0.041558,0.928921,0.936678,0.007757,0.00500966,2.05018048,0.993196
pkdd8,PKDD-8,989,991.000,996.000,2910,150,31,0.110714,6.200000,56.385674,20.030491,0.704821,0.356687,0.526060,3.111192,0.129162,48.720295,1751,0.526060,-1.2312763929367065,6,0.193548,0.00776850,0.00776850,0.00000000,0.00776850,0.00769634,0.00928816,1.255576,1.258054,-0.001974,0.035245,0.033893,0.038365,0.927800,0.934967,0.007167,0.00556888,1.88167539,0.992054
pkdd8,PKDD-8,990,992.000,997.000,3228,150,32,0.114286,6.400000,55.690403,18.745665,0.696130,0.443386,0.620647,2.795733,0.062687,44.642128,2069,0.620647,-1.4894781112670898,8,0.250000,0.00852517,0.00852517,-0.00000006,0.00852517,0.00845404,0.00834274,1.258971,1.261474,-0.001989,0.035461,0.034210,0.035279,0.927878,0.934355,0.006477,0.00625447,1.85548921,0.993241
pkdd8,PKDD-8,991,993.000,998.000,3595,150,34,0.121429,6.800000,55.148548,17.704884,0.689357,0.488625,0.669479,2.543240,0.062687,41.808491,2436,0.669479,-1.6671265363693237,5,0.147059,0.00930373,0.00930373,-0.00000011,0.00930373,0.00923115,0.00780141,1.244405,1.246668,-0.001818,0.032916,0.031936,0.029781,0.933493,0.938824,0.005331,0.00697290,1.81755381,0.994456
pkdd8,PKDD-8,992,994.000,999.000,3977,150,33,0.117857,6.600000,54.559696,16.903479,0.681996,0.522034,0.694737,2.353858,0.062687,39.102825,2808,0.694737,-1.832836389541626,5,0.151515,0.01002543,0.01002544,-0.00000072,0.01002543,0.00995461,0.00706426,1.251390,1.253012,-0.001296,0.033924,0.032871,0.031045,0.931641,0.937052,0.005411,0.00703137,1.81233268,0.995934
pkdd8,PKDD-8,993,995.000,1000.000,4316,150,34,0.121429,6.800000,54.104935,16.518921,0.676312,0.525541,0.714220,2.291235,0.062687,37.505726,3116,0.714220,-1.8394266366958618,8,0.235294,0.01041536,0.01041537,-0.00000059,0.01041536,0.01034594,0.00666539,1.240169,1.241724,-0.001254,0.032702,0.031711,0.030297,0.933804,0.938876,0.005072,0.00682541,1.83988817,0.996501
pkdd8,PKDD-8,994,996.000,1001.000,4501,150,34,0.121429,6.800000,53.671196,16.489199,0.670890,0.525205,0.731095,2.199218,0.048368,35.555305,3300,0.731095,-1.897371530532837,8,0.235294,0.01086701,0.01086701,-0.00000047,0.01086701,0.01079737,0.00640826,1.225478,1.226752,-0.001039,0.030409,0.029548,0.028337,0.938755,0.943307,0.004552,0.00684487,1.92441079,0.996943
pkdd8,PKDD-8,995,997.000,1002.000,4710,150,37,0.132143,7.400000,53.450573,16.427708,0.668132,0.496670,0.705815,2.139565,0.048368,34.056091,3509,0.705815,-1.884432315826416,9,0.243243,0.01102444,0.01102445,-0.00000084,0.01102444,0.01096382,0.00549912,1.220804,1.221641,-0.000686,0.029825,0.029142,0.022898,0.939656,0.943367,0.003711,0.00686594,1.94058261,0.996704
pkdd8,PKDD-8,996,998.000,1003.000,4778,150,37,0.132143,7.400000,53.301056,16.453470,0.666263,0.478378,0.679531,2.104119,0.048368,32.622387,3577,0.679531,-1.9002292156219482,9,0.243243,0.01138914,0.01138914,-0.00000054,0.01138914,0.01134296,0.00405463,1.221729,1.223142,-0.001157,0.030067,0.029504,0.018709,0.939268,0.942178,0.002910,0.00658939,2.02060140,0.997546
pkdd8,PKDD-8,997,999.000,1004.000,4952,150,40,0.142857,8.000000,53.746769,16.321993,0.671835,0.467275,0.656664,2.115818,0.048368,32.254211,3751,0.656664,-1.841434121131897,9,0.225000,0.01177673,0.01177673,-0.00000017,0.01177673,0.01174323,0.00284388,1.224946,1.227087,-0.001747,0.029988,0.029612,0.012514,0.940146,0.941947,0.001800,0.00657769,2.15394954,0.998249
pkdd8,PKDD-8,998,1000.000,1005.000,5139,150,41,0.146429,8.200000,54.419846,16.042700,0.680248,0.467171,0.638514,2.120574,0.048368,31.992249,3939,0.638514,-1.8431992530822754,7,0.170732,0.01218485,0.01218484,0.00000025,0.01218485,0.01216465,0.00165791,1.215873,1.217554,-0.001382,0.028247,0.027953,0.010402,0.944150,0.945326,0.001176,0.00655558,2.22793971,0.998571
pkdd8,PKDD-8,999,1001.000,1006.000,5355,150,44,0.157143,8.800000,55.172153,15.758252,0.689652,0.455332,0.616914,2.149117,0.229024,32.356754,4155,0.616914,-1.7887816429138184,4,0.090909,0.01247020,0.01247020,0.00000008,0.01247020,0.01246397,0.00049982,1.217738,1.219728,-0.001635,0.028277,0.028014,0.009323,0.944654,0.945318,0.000664,0.00658086,2.12038860,0.999593
pkdd8,PKDD-8,1000,1002.000,1007.000,5525,150,47,0.167857,9.400000,55.777363,15.502827,0.697217,0.454246,0.622946,2.153584,0.333403,32.150772,4308,0.622946,-1.7487751245498657,3,0.063830,0.01284594,0.01284594,0.00000040,0.01284594,0.01284462,0.00010335,1.207173,1.208914,-0.001442,0.026624,0.026388,0.008858,0.948556,0.949042,0.000486,0.00668742,2.13411761,1.000000
pkdd8,PKDD-8,1001,1003.000,1008.000,5744,150,46,0.164286,9.200000,56.330376,15.246126,0.704130,0.439263,0.606438,2.181789,0.333403,32.035305,4514,0.606438,-1.7697786092758179,7,0.152174,0.01290490,0.01290490,0.00000016,0.01290490,0.01290409,0.00006301,1.204448,1.206516,-0.001718,0.026199,0.025996,0.007735,0.949492,0.949896,0.000404,0.00644385,2.10188000,1.000000
pkdd8,PKDD-8,1002,1004.000,1009.000,5801,150,47,0.167857,9.400000,56.609993,15.147877,0.707625,0.414991,0.579701,2.203695,0.243147,32.306705,4541,0.579701,-1.74951171875,10,0.212766,0.01274036,0.01274036,0.00000000,0.01274036,0.01274034,0.00000113,1.184999,1.186558,-0.001316,0.023773,0.023637,0.005749,0.954109,0.954401,0.000291,0.00656365,2.12302234,0.999922
pkdd8,PKDD-8,1003,1005.000,1010.000,5773,150,49,0.175000,9.800000,56.838985,15.214980,0.710487,0.395324,0.560253,2.211198,0.206707,32.598999,4483,0.560253,-1.7188260555267334,10,0.204082,0.01267151,0.01267151,-0.00000032,0.01267151,0.01267151,0.00000000,1.191548,1.193107,-0.001308,0.024694,0.024585,0.004415,0.952464,0.952698,0.000234,0.00635410,2.23559945,0.999922
pkdd8,PKDD-8,1004,1006.000,1011.000,5774,150,48,0.171429,9.600000,56.848404,15.115567,0.710605,0.369313,0.525716,2.211376,0.206707,32.665657,4455,0.525716,-1.7524354457855225,15,0.312500,0.01230720,0.01230721,-0.00000017,0.01230720,0.01230720,0.00000000,1.182675,1.183742,-0.000902,0.023403,0.023350,0.002261,0.954982,0.955096,0.000114,0.00551071,2.61780051,0.999840
pkdd8,PKDD-8,1005,1007.000,1012.000,5622,150,47,0.167857,9.400000,56.781010,15.132816,0.709763,0.341332,0.476494,2.203003,0.014463,32.836910,4309,0.476494,-1.7914984226226807,18,0.382979,0.01192132,0.01192132,-0.00000017,0.01192132,0.01192132,0.00000000,1.175394,1.177225,-0.001558,0.022596,0.022540,0.002488,0.956337,0.956456,0.000119,0.00509062,3.53864840,0.999835
pkdd8,PKDD-8,1006,1008.000,1013.000,5462,150,48,0.171429,9.600000,56.843143,15.238466,0.710539,0.328138,0.454157,2.160968,0.014463,33.197231,4151,0.454157,-1.8330013751983643,18,0.375000,0.01163477,0.01163477,-0.00000009,0.01163477,0.01163477,0.00000000,1.181614,1.183483,-0.001581,0.023528,0.023475,0.002257,0.954423,0.954545,0.000122,0.00505300,2.53982178,0.999748
pkdd8,PKDD-8,1007,1009.000,1014.000,5352,150,43,0.153571,8.600000,56.947048,15.387023,0.711838,0.314057,0.433110,2.144426,0.014463,33.466930,4065,0.433110,-1.9676146507263184,16,0.372093,0.01132897,0.01132896,0.00000009,0.01132897,0.01132897,0.00000000,1.193622,1.195532,-0.001600,0.024875,0.024796,0.003159,0.952041,0.952234,0.000193,0.00496753,2.30917663,0.999570
pkdd8,PKDD-8,1008,1010.000,1015.000,5237,150,43,0.153571,8.600000,56.940029,15.534233,0.711750,0.299640,0.404033,2.147539,0.014463,33.588596,3964,0.404033,-1.9853051900863647,16,0.372093,0.01074835,0.01074835,0.00000000,0.01074835,0.01074835,0.00000000,1.177104,1.179497,-0.002033,0.022874,0.022795,0.003433,0.955709,0.955909,0.000200,0.00519398,2.19714112,0.998115
pkdd8,PKDD-8,1009,1011.000,1016.000,5014,150,43,0.153571,8.600000,57.071362,15.855940,0.713392,0.306017,0.433976,2.166938,0.014463,34.178402,3746,0.433976,-1.9911439418792725,13,0.302326,0.01023515,0.01023515,0.00000000,0.01023515,0.01023515,0.00000000,1.189530,1.192427,-0.002435,0.024502,0.024415,0.003561,0.952489,0.952709,0.000220,0.00507732,2.11194641,0.997393
pkdd8,PKDD-8,1010,1012.000,1017.000,4833,150,39,0.139286,7.800000,57.299866,16.149260,0.716248,0.309321,0.445689,2.214781,0.022924,35.346176,3538,0.445689,-2.0547261238098145,9,0.230769,0.00960109,0.00960110,-0.00000021,0.00960109,0.00960109,0.00000000,1.190642,1.193036,-0.002011,0.024543,0.024505,0.001516,0.952472,0.952616,0.000144,0.00558543,2.02920454,0.997160
pkdd8,PKDD-8,1011,1013.000,1018.000,4595,150,38,0.135714,7.600000,57.342480,16.445000,0.716781,0.316846,0.467497,2.291001,0.022924,36.899143,3253,0.467497,-2.0157089233398438,16,0.421053,0.00897846,0.00897846,0.00000023,0.00897846,0.00897846,0.00000000,1.177808,1.179646,-0.001560,0.022704,0.022685,0.000832,0.956252,0.956336,0.000084,0.00558987,1.93266143,0.995245
pkdd8,PKDD-8,1012,1014.000,1019.000,4353,150,39,0.139286,7.800000,57.460781,16.727917,0.718260,0.323216,0.478138,2.451409,0.022924,40.021881,2957,0.478138,-1.8509533405303955,18,0.461538,0.00829658,0.00829658,0.00000025,0.00829658,0.00829658,0.00000000,1.169216,1.171189,-0.001688,0.021701,0.021711,-0.000442,0.958116,0.958120,0.000004,0.00557178,1.81924024,0.994339
pkdd8,PKDD-8,1013,1015.000,1020.000,4054,150,36,0.128571,7.200000,57.546970,17.151213,0.719337,0.325946,0.484947,2.643931,0.022924,43.907219,2624,0.484947,-1.72611665725708,17,0.472222,0.00764516,0.00764515,0.00000054,0.00764516,0.00764516,0.00000000,1.165997,1.167871,-0.001607,0.021208,0.021263,-0.002582,0.959036,0.958930,-0.000105,0.00560554,1.71606877,0.995783
pkdd8,PKDD-8,1014,1016.000,1021.000,3735,150,33,0.117857,6.600000,57.762173,17.765936,0.722027,0.319664,0.457234,2.812732,0.024946,47.483143,2299,0.457234,-1.6326956748962402,15,0.454545,0.00707468,0.00707468,0.00000058,0.00707468,0.00707468,0.00000000,1.155588,1.157329,-0.001507,0.019906,0.020022,-0.005823,0.961685,0.961461,-0.000225,0.00529200,1.64547071,0.996342
pkdd8,PKDD-8,1015,1017.000,1022.000,3445,150,33,0.117857,6.600000,57.959278,18.447863,0.724491,0.311798,0.450426,3.015675,0.357573,51.154446,2017,0.450426,-1.4332035779953003,15,0.454545,0.00672104,0.00672104,0.00000023,0.00672104,0.00672104,0.00000000,1.160559,1.162733,-0.001873,0.020652,0.020717,-0.003171,0.960103,0.959966,-0.000137,0.00509960,1.57902652,0.996227
pkdd8,PKDD-8,1016,1018.000,1023.000,3220,150,32,0.114286,6.400000,58.075962,18.933720,0.725950,0.296607,0.424936,3.237200,0.232965,54.754093,1866,0.424936,-1.2267992496490479,4,0.125000,0.00639192,0.00639192,-0.00000016,0.00639192,0.00639192,0.00000000,1.169937,1.171600,-0.001421,0.021654,0.021648,0.000299,0.958349,0.958386,0.000036,0.00476048,1.59469724,0.998653
pkdd8,PKDD-8,1017,1019.000,1024.000,3007,150,30,0.107143,6.000000,58.061192,19.319355,0.725765,0.291616,0.414108,3.358275,0.232965,56.194489,1743,0.414108,-1.1374937295913696,1,0.033333,0.00621574,0.00621574,0.00000000,0.00621574,0.00621574,0.00000000,1.177352,1.179443,-0.001776,0.023032,0.023006,0.001139,0.954973,0.955070,0.000098,0.00471087,1.66185221,0.999843
pkdd8,PKDD-8,1018,1020.000,1025.000,2870,150,27,0.096429,5.400000,58.102974,19.418804,0.726287,0.295226,0.416502,3.431951,0.232965,57.259571,1696,0.416502,-1.117666244506836,4,0.148148,0.00620940,0.00620940,-0.00000033,0.00620940,0.00620940,0.00000000,1.189600,1.191369,-0.001487,0.024370,0.024262,0.004421,0.952851,0.953118,0.000267,0.00357251,1.74428753,0.999841
pkdd8,PKDD-8,1019,1021.000,1026.000,2827,150,25,0.089286,5.000000,58.398895,19.397551,0.729986,0.281250,0.403283,3.536084,0.232965,59.017113,1714,0.403283,-1.0643901824951172,4,0.160000,0.00609573,0.00609573,-0.00000034,0.00609573,0.00609573,0.00000000,1.186633,1.188094,-0.001231,0.024142,0.023980,0.006708,0.952898,0.953265,0.000368,0.00337652,1.83922132,1.000000
pkdd8,PKDD-8,1020,1022.000,1027.000,2738,150,25,0.089286,5.000000,58.720863,19.480642,0.734011,0.284868,0.420036,3.557475,0.232965,59.318501,1656,0.420036,-1.0657341480255127,4,0.160000,0.00596689,0.00596689,0.00000017,0.00596689,0.00596689,0.00000000,1.197554,1.198666,-0.000928,0.025135,0.024860,0.010925,0.951618,0.952184,0.000566,0.00353239,2.07064777,0.999833
pkdd8,PKDD-8,1021,1023.000,1028.000,2698,150,25,0.089286,5.000000,59.136665,20.710625,0.739208,0.293472,0.453582,3.396105,0.484080,56.966373,1600,0.453582,-1.268505334854126,4,0.160000,0.00603032,0.00603031,0.00000034,0.00603032,0.00603032,0.00000000,1.192855,1.194313,-0.001223,0.025227,0.025001,0.008955,0.950602,0.951112,0.000510,0.00321416,2.15279777,0.998031
pkdd8,PKDD-8,1022,1024.000,1029.000,2743,150,27,0.096429,5.400000,59.979412,21.821278,0.749743,0.311960,0.500147,3.241507,0.484080,55.694939,1632,0.500147,-1.4451987743377686,4,0.148148,0.00625827,0.00625827,0.00000025,0.00625827,0.00625827,0.00000000,1.195250,1.195948,-0.000584,0.024877,0.024617,0.010454,0.952192,0.952739,0.000547,0.00351295,2.40563735,0.995442
pkdd8,PKDD-8,1023,1025.000,1030.000,2863,150,29,0.103571,5.800000,60.738277,22.501802,0.759228,0.325192,0.533357,3.173970,0.128297,55.873169,1742,0.533357,-1.5179229974746704,1,0.034483,0.00654379,0.00654378,0.00000031,0.00654379,0.00654379,0.00000000,1.181667,1.183000,-0.001128,0.023371,0.023170,0.008615,0.954618,0.955063,0.000445,0.00354786,2.72886051,0.991150
pkdd8,PKDD-8,1024,1026.000,1031.000,3000,150,28,0.100000,5.600000,61.143864,22.811325,0.764298,0.363019,0.577457,3.075085,0.012049,55.163364,1878,0.577457,-1.6558332443237305,2,0.071429,0.00699986,0.00699986,0.00000037,0.00699986,0.00699986,0.00000000,1.183515,1.185381,-0.001577,0.023611,0.023421,0.008059,0.954382,0.954806,0.000424,0.00365561,2.83167467,0.989502
pkdd8,PKDD-8,1025,1027.000,1032.000,3215,150,27,0.096429,5.400000,61.263443,22.752043,0.765793,0.375754,0.592534,3.013364,0.000023,54.619560,2117,0.592534,-1.7370244264602661,1,0.037037,0.00738860,0.00738860,0.00000014,0.00738860,0.00738860,0.00000000,1.181791,1.183867,-0.001757,0.023378,0.023253,0.005349,0.954825,0.955124,0.000299,0.00421330,2.56410913,0.989457
pkdd8,PKDD-8,1026,1028.000,1033.000,3372,150,29,0.103571,5.800000,61.626007,22.115194,0.770325,0.373448,0.593113,2.938921,0.000023,53.279934,2279,0.593113,-1.798060655593872,3,0.103448,0.00752337,0.00752337,0.00000027,0.00752337,0.00752337,0.00000000,1.193407,1.195449,-0.001711,0.024899,0.024760,0.005556,0.951895,0.952179,0.000285,0.00383201,2.19237644,0.990155
pkdd8,PKDD-8,1027,1029.000,1034.000,3428,150,28,0.100000,5.600000,61.563068,21.672962,0.769538,0.364219,0.565109,2.763103,0.000023,50.497620,2318,0.565109,-2.0031960010528564,3,0.107143,0.00767238,0.00767238,0.00000013,0.00767238,0.00767238,0.00000000,1.187929,1.189931,-0.001686,0.024273,0.024139,0.005517,0.953033,0.953311,0.000278,0.00409307,1.94135263,0.992406
pkdd8,PKDD-8,1028,1030.000,1035.000,3496,150,30,0.107143,6.000000,61.674263,21.364368,0.770928,0.336742,0.527433,2.484365,0.000023,45.793499,2356,0.527433,-2.2775399684906006,5,0.166667,0.00773749,0.00773749,0.00000027,0.00773749,0.00773749,0.00000000,1.198980,1.200964,-0.001655,0.025551,0.025410,0.005524,0.950720,0.951010,0.000290,0.00463524,1.70046280,0.996046
pkdd8,PKDD-8,1029,1031.000,1036.000,3528,150,30,0.107143,6.000000,61.676392,21.317268,0.770955,0.392042,1.186098,2.203595,0.000023,40.748188,2377,1.186098,-2.588408946990967,4,0.133333,0.00775428,0.00775428,0.00000027,0.00775428,0.00775428,0.00000000,1.206916,1.208884,-0.001631,0.026707,0.026555,0.005710,0.948278,0.948599,0.000321,0.00499023,1.54296250,0.997849
pkdd8,PKDD-8,1030,1032.000,1037.000,3557,150,29,0.103571,5.800000,62.315960,20.782879,0.778949,0.460302,1.604827,2.022821,0.003515,38.099735,2405,1.604827,-2.8554699420928955,8,0.275862,0.00757540,0.00757540,-0.00000007,0.00757540,0.00757540,0.00000000,1.200397,1.202101,-0.001419,0.026246,0.026121,0.004743,0.948662,0.948931,0.000270,0.00527085,1.49818390,0.998467
pkdd8,PKDD-8,1031,1033.000,1038.000,3523,150,28,0.100000,5.600000,63.147144,19.873158,0.789339,0.465835,1.607778,2.043160,0.003515,39.452202,2366,1.607778,-2.912341594696045,7,0.250000,0.00737583,0.00737583,-0.00000007,0.00737583,0.00737583,0.00000000,1.187590,1.189888,-0.001935,0.024223,0.024120,0.004268,0.953055,0.953285,0.000230,0.00546501,1.46282840,0.999354
pkdd8,PKDD-8,1032,1034.000,1039.000,3481,150,28,0.100000,5.600000,63.935055,18.795628,0.799188,0.495084,1.629164,2.156664,0.003515,41.724728,2324,1.629164,-2.853731870651245,7,0.250000,0.00690121,0.00690121,0.00000015,0.00690121,0.00690121,0.00000000,1.182229,1.184940,-0.002293,0.023694,0.023646,0.001995,0.953889,0.954014,0.000125,0.00515566,1.46405264,0.999458
pkdd8,PKDD-8,1033,1035.000,1040.000,3320,150,29,0.103571,5.800000,64.353928,17.734482,0.804424,0.543326,1.681918,2.364531,0.003515,45.266586,2165,1.681918,-2.654751777648926,6,0.206897,0.00623349,0.00623349,0.00000025,0.00623349,0.00623349,0.00000000,1.182208,1.185173,-0.002508,0.023871,0.023828,0.001805,0.953518,0.953640,0.000122,0.00481477,1.44692377,0.999703
pkdd8,PKDD-8,1034,1036.000,1041.000,3035,150,27,0.096429,5.400000,64.681145,16.450474,0.808514,0.500796,1.326959,2.643914,0.003515,50.318153,1910,1.326959,-2.4323182106018066,9,0.333333,0.00549524,0.00549524,0.00000056,0.00549524,0.00549524,0.00000000,1.175926,1.178889,-0.002520,0.022725,0.022695,0.001332,0.955965,0.956049,0.000085,0.00442026,1.41314784,1.000000
pkdd8,PKDD-8,1035,1037.000,1042.000,2700,150,24,0.085714,4.800000,64.153481,15.971646,0.801919,0.447373,0.555740,2.915174,0.005272,54.710274,1611,0.555740,-2.175903081893921,5,0.208333,0.00499485,0.00499485,0.00000103,0.00499485,0.00499485,0.00000000,1.190302,1.193562,-0.002739,0.024685,0.024564,0.004901,0.952100,0.952398,0.000298,0.00391000,1.34056812,1.000000
pkdd8,PKDD-8,1036,1038.000,1043.000,2454,150,26,0.092857,5.200000,62.549656,15.923214,0.781871,0.473343,0.544848,3.097348,0.005272,56.688263,1396,0.544848,-1.846372127532959,4,0.153846,0.00464998,0.00464997,0.00000066,0.00464998,0.00464998,0.00000000,1.200967,1.204046,-0.002563,0.025909,0.025684,0.008680,0.950039,0.950552,0.000513,0.00358370,1.27539939,1.000000
pkdd8,PKDD-8,1037,1039.000,1044.000,2274,150,24,0.085714,4.800000,60.792587,15.812542,0.759907,0.432712,0.520445,3.319884,0.005272,58.621552,1217,0.520445,-1.5437830686569214,4,0.166667,0.00423329,0.00423329,0.00000061,0.00423329,0.00423329,0.00000000,1.211192,1.214112,-0.002411,0.027194,0.026930,0.009711,0.947561,0.948144,0.000583,0.00330422,1.20238311,1.000000
pkdd8,PKDD-8,1038,1040.000,1045.000,2055,150,20,0.071429,4.000000,59.177155,15.869995,0.739714,0.390265,0.454146,3.576937,0.005272,61.481609,1017,0.454146,-1.2435767650604248,3,0.150000,0.00402096,0.00402096,0.00000000,0.00402096,0.00402096,0.00000000,1.207422,1.209456,-0.001684,0.026701,0.026422,0.010451,0.948391,0.948999,0.000608,0.00298288,1.26687917,1.000000
pkdd8,PKDD-8,1039,1041.000,1046.000,1967,150,21,0.075000,4.200000,58.150761,15.874397,0.726885,0.351868,0.424161,3.534927,0.012360,59.903458,913,0.424161,-1.2086193561553955,0,0.000000,0.00394700,0.00394700,-0.00000013,0.00394700,0.00394700,0.00000000,1.206578,1.208119,-0.001278,0.026737,0.026458,0.010420,0.948126,0.948730,0.000604,0.00279339,1.38094632,1.000000
pkdd8,PKDD-8,1040,1042.000,1047.000,1946,150,21,0.075000,4.200000,58.426853,15.097444,0.730336,0.309178,0.391797,3.510725,0.012360,58.967289,853,0.391797,-1.2559950351715088,0,0.000000,0.00386219,0.00386219,-0.00000053,0.00386219,0.00386219,0.00000000,1.202499,1.204581,-0.001732,0.026119,0.025947,0.006589,0.949621,0.949979,0.000357,0.00301819,1.46515278,1.000000
pkdd8,PKDD-8,1041,1043.000,1048.000,1921,150,21,0.075000,4.200000,59.512363,14.046869,0.743905,0.282263,0.375705,3.433410,0.012360,58.126907,827,0.375705,-1.4146723747253418,1,0.047619,0.00373883,0.00373883,-0.00000021,0.00373883,0.00373883,0.00000000,1.182836,1.183902,-0.000901,0.023532,0.023478,0.002281,0.954374,0.954477,0.000103,0.00286553,1.58221597,1.000000
pkdd8,PKDD-8,1042,1044.000,1049.000,1876,150,21,0.075000,4.200000,60.927216,13.007782,0.761590,0.289464,0.391035,3.391754,0.012360,58.935078,811,0.391035,-1.546965479850769,1,0.047619,0.00381921,0.00381921,-0.00000027,0.00381921,0.00381921,0.00000000,1.187435,1.188473,-0.000874,0.024462,0.024427,0.001441,0.952207,0.952284,0.000077,0.00281243,1.73403628,1.000000
pkdd8,PKDD-8,1043,1045.000,1050.000,1926,150,18,0.064286,3.600000,62.349293,11.550382,0.779366,0.282564,0.385263,3.083664,0.012360,54.405243,870,0.385263,-2.0306644439697266,1,0.055556,0.00399432,0.00399432,-0.00000013,0.00399432,0.00399432,0.00000000,1.189484,1.190972,-0.001251,0.024744,0.024724,0.000804,0.951679,0.951734,0.000055,0.00299721,1.90311535,1.000000
pkdd8,PKDD-8,1044,1046.000,1051.000,2016,150,18,0.064286,3.600000,63.709873,9.768894,0.796373,0.262998,0.357213,3.013927,0.163047,53.320030,927,0.357213,-2.1870405673980713,2,0.111111,0.00417265,0.00417265,-0.00000031,0.00417265,0.00417265,0.00000000,1.184023,1.185925,-0.001606,0.023782,0.023768,0.000602,0.953893,0.953946,0.000053,0.00281978,1.99221998,1.000000
pkdd8,PKDD-8,1045,1047.000,1052.000,2103,150,17,0.060714,3.400000,64.347359,9.407395,0.804342,0.249305,0.340989,2.908237,0.163047,51.540550,993,0.340989,-2.3534586429595947,2,0.117647,0.00445784,0.00445784,0.00000046,0.00445784,0.00445784,0.00000000,1.188569,1.189919,-0.001136,0.024459,0.024445,0.000580,0.952501,0.952552,0.000051,0.00277004,2.12918285,1.000000
pkdd8,PKDD-8,1046,1048.000,1053.000,2222,150,19,0.067857,3.800000,64.727089,9.643152,0.809089,0.240487,0.334893,2.850105,0.163047,50.785648,1082,0.334893,-2.389690399169922,1,0.052632,0.00480226,0.00480226,0.00000021,0.00480226,0.00480226,0.00000000,1.193057,1.195174,-0.001774,0.025259,0.025243,0.000662,0.950812,0.950872,0.000060,0.00257468,2.35298798,1.000000
pkdd8,PKDD-8,1047,1049.000,1054.000,2362,150,19,0.067857,3.800000,64.879753,9.747431,0.810997,0.233054,0.312699,2.637666,0.163047,47.039753,1214,0.312699,-2.6163952350616455,2,0.105263,0.00529958,0.00529958,0.00000000,0.00529958,0.00529958,0.00000000,1.187014,1.189736,-0.002293,0.024195,0.024169,0.001081,0.953263,0.953334,0.000072,0.00233501,2.47632013,1.000000
pkdd8,PKDD-8,1048,1050.000,1055.000,2572,150,21,0.075000,4.200000,65.140137,9.636686,0.814252,0.250284,0.325916,2.610311,0.405306,47.337528,1424,0.325916,-2.6016957759857178,4,0.190476,0.00589375,0.00589375,0.00000000,0.00589375,0.00589375,0.00000000,1.191150,1.193982,-0.002377,0.024814,0.024786,0.001119,0.952016,0.952094,0.000078,0.00281392,2.32190194,1.000000
pkdd8,PKDD-8,1049,1051.000,1056.000,2825,150,25,0.089286,5.000000,65.274803,9.625509,0.815935,0.265866,0.337557,2.560196,0.371307,47.073811,1709,0.337557,-2.5656189918518066,4,0.160000,0.00647062,0.00647062,0.00000000,0.00647062,0.00647062,0.00000000,1.195752,1.198366,-0.002186,0.025637,0.025600,0.001424,0.950340,0.950433,0.000094,0.00311116,2.14690251,1.000000
pkdd8,PKDD-8,1050,1052.000,1057.000,3060,150,26,0.092857,5.200000,65.140663,9.644222,0.814258,0.273205,0.348950,2.522974,0.169599,46.660748,2004,0.348950,-2.5631730556488037,5,0.192308,0.00689041,0.00689042,-0.00000030,0.00689041,0.00689041,0.00000000,1.203949,1.207035,-0.002563,0.026419,0.026383,0.001368,0.948847,0.948940,0.000094,0.00319779,2.08787672,1.000000
pkdd8,PKDD-8,1051,1053.000,1058.000,3241,150,27,0.096429,5.400000,64.854614,9.824166,0.810683,0.284606,0.356252,2.461678,0.169599,45.592289,2245,0.356252,-2.578341007232666,6,0.222222,0.00729720,0.00729720,-0.00000007,0.00729720,0.00729720,0.00000000,1.198482,1.201109,-0.002192,0.025843,0.025805,0.001477,0.949898,0.949990,0.000093,0.00323590,2.02679112,1.000000
pkdd8,PKDD-8,1052,1054.000,1059.000,3426,150,29,0.103571,5.800000,64.575249,9.829727,0.807191,0.297308,0.370236,2.430399,0.169599,45.067486,2465,0.370236,-2.5500144958496094,7,0.241379,0.00746091,0.00746091,0.00000007,0.00746091,0.00746091,0.00000000,1.198971,1.201544,-0.002146,0.025888,0.025854,0.001283,0.949754,0.949843,0.000089,0.00337985,2.01722773,1.000000
pkdd8,PKDD-8,1053,1055.000,1060.000,3498,150,29,0.103571,5.800000,64.144669,9.832354,0.801808,0.286508,0.364145,2.367898,0.169599,43.820751,2562,0.364145,-2.5955071449279785,8,0.275862,0.00737216,0.00737216,0.00000014,0.00737216,0.00737216,0.00000000,1.205285,1.207898,-0.002168,0.026766,0.026727,0.001460,0.947845,0.947944,0.000099,0.00308808,2.03162866,1.000000
pkdd8,PKDD-8,1054,1056.000,1061.000,3444,150,28,0.100000,5.600000,63.635307,9.763721,0.795441,0.281213,0.368931,2.437819,0.169599,44.724045,2524,0.368931,-2.511491298675537,7,0.250000,0.00721271,0.00721271,0.00000050,0.00721271,0.00721271,0.00000000,1.198217,1.200891,-0.002232,0.025652,0.025617,0.001361,0.950095,0.950185,0.000090,0.00280361,2.11690938,1.000000
pkdd8,PKDD-8,1055,1057.000,1062.000,3365,150,28,0.100000,5.600000,63.694561,9.339883,0.796182,0.276951,0.364802,2.500306,0.309561,45.639652,2445,0.364802,-2.4512617588043213,6,0.214286,0.00706929,0.00706928,0.00000080,0.00706929,0.00706929,0.00000000,1.196527,1.199573,-0.002546,0.025544,0.025503,0.001604,0.950372,0.950473,0.000101,0.00305879,2.15603474,1.000000
pkdd8,PKDD-8,1056,1058.000,1063.000,3282,150,29,0.103571,5.800000,63.932934,8.814950,0.799162,0.263726,0.349177,2.582301,0.309561,46.847122,2310,0.349177,-2.3667867183685303,6,0.206897,0.00677048,0.00677048,0.00000061,0.00677048,0.00677048,0.00000000,1.198782,1.201667,-0.002407,0.025403,0.025360,0.001701,0.950907,0.951014,0.000107,0.00309731,2.15161890,1.000000
pkdd8,PKDD-8,1057,1059.000,1064.000,3119,150,28,0.100000,5.600000,64.338753,8.348996,0.804234,0.256659,0.343443,2.723019,0.309561,49.007954,2090,0.343443,-2.2622148990631104,4,0.142857,0.00660216,0.00660216,0.00000047,0.00660216,0.00660216,0.00000000,1.202262,1.204924,-0.002214,0.025836,0.025792,0.001696,0.950178,0.950292,0.000114,0.00268512,2.13258437,1.000000
pkdd8,PKDD-8,1058,1060.000,1065.000,3006,150,28,0.100000,5.600000,64.899963,7.791522,0.811250,0.289266,0.385275,2.935398,0.834606,52.313347,1922,0.385275,-2.070798873901367,1,0.035714,0.00636660,0.00636659,0.00000048,0.00636660,0.00636660,0.00000000,1.199376,1.201456,-0.001735,0.025236,0.025190,0.001830,0.951765,0.951883,0.000118,0.00271362,2.17381575,1.000000
