dataset,dataset_name,window_id,start_s,end_s,sample_rows,frame_count,vehicle_count,density_veh_per_m,flow_veh_per_s,mean_speed_kmh,std_speed_kmh,speed_ratio,mean_abs_acc,std_acc,mean_headway_s,min_headway_s,mean_space_gap_m,headway_sample_count,acceleration_interference,mgti,lane_change_count,lane_change_rate,hbb_occupancy,obb_occupancy,occupancy_reduction,hbb_hfgo_occupancy,hfgo_occupancy,hfgo_occupancy_reduction,hbb_grid_active_mean,obb_grid_active_mean,grid_active_reduction,hbb_grid_entropy_mean,obb_grid_entropy_mean,grid_entropy_reduction,hbb_grid_peak_frac_mean,obb_grid_peak_frac_mean,grid_peak_gain,sgt_hfgo,direction_fluctuation,theta_conf_mean
pkdd8,PKDD-8,0,2.000,7.000,3626,150,33,0.117857,6.600000,66.414917,12.324388,0.830186,0.215766,0.298476,3.234771,0.752876,56.664959,2408,0.298476,-1.6837201118469238,6,0.181818,0.00776881,0.00776882,-0.00000013,0.00776881,0.00776881,0.00000000,1.193284,1.196287,-0.002517,0.024737,0.024685,0.002136,0.952140,0.952271,0.000132,0.00300154,1.93449510,1.000000
pkdd8,PKDD-8,1,3.000,8.000,3663,150,32,0.114286,6.400000,66.177734,12.772157,0.827222,0.219726,0.297975,3.033236,0.611236,54.699318,2441,0.297975,-1.9090293645858765,5,0.156250,0.00784730,0.00784730,-0.00000007,0.00784730,0.00784730,0.00000000,1.199073,1.202073,-0.002502,0.025549,0.025498,0.002012,0.950547,0.950681,0.000134,0.00285266,1.83344706,1.000000
pkdd8,PKDD-8,2,4.000,9.000,3667,150,33,0.117857,6.600000,65.635185,13.275963,0.820440,0.231879,0.309372,2.962135,0.611236,53.623711,2445,0.309372,-1.9316177368164062,6,0.181818,0.00791256,0.00791256,-0.00000007,0.00791256,0.00791256,0.00000000,1.201855,1.204037,-0.001816,0.026024,0.025981,0.001669,0.949491,0.949613,0.000122,0.00250852,1.74219561,1.000000
pkdd8,PKDD-8,3,5.000,10.000,3666,150,32,0.114286,6.400000,65.244835,13.922155,0.815560,0.252194,0.333563,2.910682,0.611236,52.533817,2445,0.333563,-1.9808738231658936,6,0.187500,0.00799023,0.00799023,0.00000013,0.00799023,0.00799023,0.00000000,1.197979,1.199345,-0.001140,0.025364,0.025314,0.001973,0.950868,0.950996,0.000128,0.00280694,1.68807375,1.000000
pkdd8,PKDD-8,4,6.000,11.000,3662,150,34,0.121429,6.800000,65.311150,14.121641,0.816389,0.273827,0.356929,2.743239,0.611236,51.429287,2449,0.356929,-2.1312062740325928,6,0.176471,0.00799525,0.00799525,0.00000013,0.00799525,0.00799525,0.00000000,1.195885,1.196982,-0.000918,0.025158,0.025112,0.001818,0.951219,0.951338,0.000119,0.00318887,1.63557208,1.000000
pkdd8,PKDD-8,5,7.000,12.000,3645,150,30,0.107143,6.000000,65.166321,14.376694,0.814579,0.293612,0.384239,2.737819,0.611236,51.156555,2445,0.384239,-2.2074928283691406,14,0.466667,0.00797612,0.00797612,0.00000013,0.00797612,0.00797612,0.00000006,1.194635,1.196003,-0.001146,0.024965,0.024930,0.001409,0.951863,0.951950,0.000087,0.00354569,1.69792916,1.000000
pkdd8,PKDD-8,6,8.000,13.000,3653,150,32,0.114286,6.400000,64.956635,14.714374,0.811958,0.296176,0.390095,2.710513,0.451622,50.518837,2424,0.390095,-2.189046621322632,10,0.312500,0.00787344,0.00787344,0.00000000,0.00787344,0.00787343,0.00000111,1.183048,1.184981,-0.001634,0.023771,0.023743,0.001192,0.953882,0.953957,0.000075,0.00354165,1.78896528,1.000000
pkdd8,PKDD-8,7,9.000,14.000,3622,150,32,0.114286,6.400000,64.892998,15.184146,0.811162,0.293565,0.391844,2.711061,0.290284,50.964413,2363,0.391844,-2.1866021156311035,10,0.312500,0.00781499,0.00781499,0.00000000,0.00781499,0.00781498,0.00000119,1.185880,1.187259,-0.001163,0.024037,0.024004,0.001362,0.953459,0.953540,0.000081,0.00325807,1.89663386,0.999876
pkdd8,PKDD-8,8,10.000,15.000,3626,150,33,0.117857,6.600000,64.872742,15.511422,0.810909,0.283540,0.380197,2.745135,0.195960,52.322102,2337,0.380197,-2.135305643081665,15,0.454545,0.00761508,0.00761508,-0.00000007,0.00761508,0.00761507,0.00000122,1.187133,1.189091,-0.001649,0.024335,0.024279,0.002291,0.952757,0.952887,0.000130,0.00356669,2.00086495,0.999748
pkdd8,PKDD-8,9,11.000,16.000,3575,150,32,0.114286,6.400000,64.701996,15.780935,0.808775,0.279400,0.373629,2.718968,0.000137,52.019608,2252,0.373629,-2.1808502674102783,19,0.593750,0.00741042,0.00741042,0.00000014,0.00741042,0.00741041,0.00000125,1.181508,1.182930,-0.001204,0.023478,0.023420,0.002462,0.954378,0.954508,0.000130,0.00355510,2.03540242,0.999616
pkdd8,PKDD-8,10,12.000,17.000,3515,150,30,0.107143,6.000000,64.462242,15.996384,0.805778,0.256003,0.347728,2.730844,0.000137,52.573231,2162,0.347728,-2.206742763519287,12,0.400000,0.00701185,0.00701185,0.00000000,0.00701185,0.00701184,0.00000154,1.175148,1.176331,-0.001007,0.022547,0.022483,0.002834,0.956215,0.956361,0.000146,0.00385824,1.87359182,0.999601
pkdd8,PKDD-8,11,13.000,18.000,3380,150,31,0.110714,6.200000,64.517647,16.133526,0.806471,0.242710,0.336874,2.795162,0.000137,53.354130,2055,0.336874,-2.134429454803467,12,0.387097,0.00660330,0.00660330,0.00000031,0.00660330,0.00660329,0.00000171,1.181930,1.182545,-0.000520,0.023222,0.023149,0.003104,0.955122,0.955284,0.000162,0.00340242,1.78062141,0.999585
pkdd8,PKDD-8,12,14.000,19.000,3254,150,32,0.114286,6.400000,64.660706,16.206013,0.808259,0.238881,0.326701,2.689718,0.000137,51.028065,1937,0.326701,-2.2511799335479736,11,0.343750,0.00632126,0.00632126,0.00000049,0.00632126,0.00632125,0.00000244,1.174444,1.175697,-0.001067,0.022181,0.022101,0.003607,0.957093,0.957264,0.000171,0.00304011,1.71294968,0.999577
pkdd8,PKDD-8,13,15.000,20.000,3193,150,32,0.114286,6.400000,65.081924,16.248302,0.813524,0.240520,0.330688,2.537217,0.000137,47.932426,1876,0.330688,-2.454596519470215,5,0.156250,0.00611200,0.00611200,-0.00000008,0.00611200,0.00611199,0.00000261,1.165406,1.166352,-0.000811,0.021012,0.020960,0.002492,0.959388,0.959501,0.000113,0.00298282,1.69673804,0.999716
pkdd8,PKDD-8,14,16.000,21.000,3174,150,32,0.114286,6.400000,65.683884,16.201284,0.821049,0.236398,0.327116,2.482842,0.344699,47.495453,1861,0.327116,-2.558842182159424,1,0.031250,0.00594971,0.00594971,0.00000000,0.00594971,0.00594952,0.00003183,1.163733,1.165305,-0.001350,0.021034,0.020985,0.002345,0.959222,0.959334,0.000112,0.00259469,1.74135813,0.999717
pkdd8,PKDD-8,15,17.000,22.000,3182,150,31,0.110714,6.200000,66.422569,16.086740,0.830282,0.251540,0.335943,2.440777,0.330608,47.025028,1869,0.335943,-2.6644413471221924,2,0.064516,0.00614425,0.00614425,-0.00000025,0.00614425,0.00614406,0.00003040,1.165207,1.167019,-0.001555,0.021243,0.021198,0.002087,0.958813,0.958908,0.000095,0.00260738,1.97024813,0.999728
pkdd8,PKDD-8,16,18.000,23.000,3311,150,27,0.096429,5.400000,66.861679,15.859105,0.835771,0.261044,0.340688,2.454617,0.330608,47.685890,1969,0.340688,-2.744154930114746,9,0.333333,0.00644730,0.00644730,-0.00000016,0.00644730,0.00644712,0.00002762,1.168536,1.170262,-0.001477,0.021607,0.021561,0.002141,0.958147,0.958241,0.000093,0.00287101,2.26208665,0.999612
pkdd8,PKDD-8,17,19.000,24.000,3477,150,30,0.107143,6.000000,67.362808,15.547343,0.842035,0.269239,0.350246,2.522840,0.330608,49.530624,2127,0.350246,-2.6358537673950195,10,0.333333,0.00658693,0.00658693,0.00000031,0.00658693,0.00658675,0.00002641,1.169711,1.170835,-0.000961,0.022050,0.022012,0.001720,0.957185,0.957268,0.000083,0.00327493,2.57290228,0.999115
pkdd8,PKDD-8,18,20.000,25.000,3559,150,30,0.107143,6.000000,67.577171,15.350150,0.844715,0.266514,0.344297,2.603465,0.330608,51.486553,2222,0.344297,-2.5561532974243164,16,0.533333,0.00668893,0.00668893,0.00000046,0.00668893,0.00668876,0.00002585,1.166115,1.167219,-0.000947,0.021612,0.021576,0.001659,0.957973,0.958056,0.000084,0.00319117,3.19100800,0.999131
pkdd8,PKDD-8,19,21.000,26.000,3624,150,32,0.114286,6.400000,67.852730,15.221820,0.848159,0.257720,0.331058,2.557828,0.330608,50.935074,2317,0.331058,-2.5798516273498535,16,0.500000,0.00682108,0.00682108,-0.00000015,0.00682108,0.00682105,0.00000422,1.165495,1.166306,-0.000696,0.021644,0.021613,0.001439,0.957951,0.958026,0.000075,0.00326278,2.73004595,0.999026
pkdd8,PKDD-8,20,22.000,27.000,3698,150,31,0.110714,6.200000,67.978226,15.090195,0.849728,0.250354,0.322428,2.506642,0.520693,50.114620,2421,0.322428,-2.6609256267547607,15,0.483871,0.00690894,0.00690894,0.00000052,0.00690894,0.00690887,0.00001058,1.169437,1.171046,-0.001375,0.022179,0.022141,0.001709,0.956836,0.956933,0.000096,0.00348182,2.62739002,0.999035
pkdd8,PKDD-8,21,23.000,28.000,3730,150,32,0.114286,6.400000,68.155846,14.993853,0.851948,0.246674,0.319080,2.447237,0.548586,49.295338,2483,0.319080,-2.7206170558929443,8,0.250000,0.00684698,0.00684698,0.00000008,0.00684698,0.00684688,0.00001541,1.166350,1.168521,-0.001861,0.021878,0.021848,0.001379,0.957343,0.957430,0.000087,0.00383643,2.68373116,0.999145
pkdd8,PKDD-8,22,24.000,29.000,3685,150,33,0.117857,6.600000,68.179733,15.045631,0.852247,0.241068,0.312926,2.399556,0.541802,48.297920,2468,0.312926,-2.7547926902770996,10,0.303030,0.00686145,0.00686145,-0.00000022,0.00686145,0.00686134,0.00001537,1.161484,1.163666,-0.001879,0.021089,0.021058,0.001474,0.959039,0.959130,0.000090,0.00362715,2.48295468,0.999509
pkdd8,PKDD-8,23,25.000,30.000,3666,150,32,0.114286,6.400000,68.185760,14.998354,0.852322,0.241891,0.318908,2.418695,0.541802,48.547218,2466,0.318908,-2.758918285369873,14,0.437500,0.00671879,0.00671879,-0.00000038,0.00671879,0.00671868,0.00001570,1.167982,1.170800,-0.002413,0.021895,0.021863,0.001465,0.957497,0.957592,0.000094,0.00369197,2.31249363,0.999493
pkdd8,PKDD-8,24,26.000,31.000,3548,150,30,0.107143,6.000000,67.966255,15.072689,0.849578,0.237008,0.314925,2.472903,0.541802,49.240936,2348,0.314925,-2.7304623126983643,14,0.466667,0.00655364,0.00655364,0.00000000,0.00655364,0.00655356,0.00001170,1.172515,1.175146,-0.002244,0.022231,0.022193,0.001693,0.957106,0.957212,0.000106,0.00339134,2.21067077,0.999737
pkdd8,PKDD-8,25,27.000,32.000,3420,150,32,0.114286,6.400000,67.755096,15.118869,0.846939,0.244275,0.327103,2.579239,0.541802,50.690884,2217,0.327103,-2.5661861896514893,13,0.406250,0.00638469,0.00638469,-0.00000024,0.00638469,0.00638466,0.00000508,1.169548,1.171065,-0.001297,0.021929,0.021900,0.001314,0.957777,0.957860,0.000083,0.00326533,2.23662983,0.999727
pkdd8,PKDD-8,26,28.000,33.000,3297,150,31,0.110714,6.200000,67.416580,15.144204,0.842707,0.253688,0.343923,2.781675,0.541802,53.700310,2124,0.343923,-2.341218948364258,19,0.612903,0.00635325,0.00635325,0.00000040,0.00635325,0.00635325,0.00000000,1.171040,1.173202,-0.001845,0.022221,0.022189,0.001416,0.957147,0.957238,0.000091,0.00312765,2.26711139,0.999722
pkdd8,PKDD-8,27,29.000,34.000,3239,150,33,0.117857,6.600000,67.118095,15.023844,0.838976,0.266555,0.358616,3.045145,0.542423,58.093704,2096,0.358616,-1.9922716617584229,16,0.484848,0.00631664,0.00631663,0.00000033,0.00631664,0.00631664,0.00000000,1.174528,1.177044,-0.002142,0.022579,0.022541,0.001690,0.956484,0.956579,0.000095,0.00297550,2.36429725,1.000000
pkdd8,PKDD-8,28,30.000,35.000,3180,150,31,0.110714,6.200000,66.967659,14.954424,0.837096,0.270544,0.364959,3.216443,0.788302,60.765755,2067,0.364959,-1.8319597244262695,6,0.193548,0.00632265,0.00632264,0.00000049,0.00632265,0.00632265,0.00000000,1.184693,1.186907,-0.001869,0.024005,0.023892,0.004687,0.953715,0.953994,0.000279,0.00281724,2.68071520,1.000000
pkdd8,PKDD-8,29,31.000,36.000,3162,150,29,0.103571,5.800000,66.925461,14.806108,0.836568,0.284200,0.380523,3.355066,0.788302,63.277943,2079,0.380523,-1.7171733379364014,6,0.206897,0.00626196,0.00626196,0.00000049,0.00626196,0.00626196,0.00000000,1.188582,1.191790,-0.002698,0.024505,0.024364,0.005771,0.952645,0.952980,0.000335,0.00263660,3.33993465,1.000000
pkdd8,PKDD-8,30,32.000,37.000,3118,150,27,0.096429,5.400000,66.921196,14.768286,0.836515,0.286878,0.383764,3.420326,0.788302,64.752823,2068,0.383764,-1.687735915184021,6,0.222222,0.00615805,0.00615805,0.00000017,0.00615805,0.00615805,0.00000000,1.189110,1.192696,-0.003016,0.024507,0.024362,0.005926,0.952623,0.952965,0.000342,0.00245010,2.40329789,1.000000
pkdd8,PKDD-8,31,33.000,38.000,3067,150,28,0.100000,5.600000,66.792976,14.805162,0.834912,0.283721,0.377895,3.398937,0.788302,63.974854,2017,0.377895,-1.689420223236084,0,0.000000,0.00600451,0.00600451,0.00000026,0.00600451,0.00600451,0.00000000,1.192385,1.195391,-0.002521,0.024723,0.024579,0.005837,0.952266,0.952606,0.000340,0.00254781,2.16839728,1.000000
pkdd8,PKDD-8,32,34.000,39.000,2994,150,27,0.096429,5.400000,66.590302,14.810229,0.832379,0.276538,0.367691,3.293427,0.693542,61.455059,1944,0.367691,-1.8197001218795776,0,0.000000,0.00583323,0.00583323,0.00000035,0.00583323,0.00583323,0.00000000,1.195272,1.198013,-0.002293,0.025299,0.025158,0.005585,0.950781,0.951123,0.000342,0.00243792,1.96926536,1.000000
pkdd8,PKDD-8,33,35.000,40.000,2919,150,28,0.100000,5.600000,66.190651,14.762334,0.827383,0.281975,0.377255,3.157935,0.581544,58.308781,1866,0.377255,-1.9283230304718018,3,0.107143,0.00574702,0.00574702,0.00000045,0.00574702,0.00574702,0.00000000,1.177609,1.180028,-0.002054,0.022736,0.022675,0.002707,0.955978,0.956119,0.000142,0.00241481,1.80788750,1.000000
pkdd8,PKDD-8,34,36.000,41.000,2894,150,25,0.089286,5.000000,65.903450,14.550272,0.823793,0.294058,0.393711,3.064406,0.532231,55.893291,1814,0.393711,-2.0718038082122803,6,0.240000,0.00577942,0.00577942,0.00000036,0.00577942,0.00577828,0.00019803,1.175103,1.176471,-0.001164,0.022531,0.022488,0.001901,0.956159,0.956266,0.000107,0.00230059,1.68030343,1.000000
pkdd8,PKDD-8,35,37.000,42.000,2924,150,25,0.089286,5.000000,65.298561,14.929818,0.816232,0.304458,0.406985,3.182740,0.381750,54.179646,1814,0.406985,-1.9026635885238647,6,0.240000,0.00577502,0.00577502,0.00000009,0.00577502,0.00577362,0.00024131,1.187350,1.189060,-0.001440,0.023954,0.023884,0.002902,0.953527,0.953688,0.000161,0.00218491,1.62400186,1.000000
pkdd8,PKDD-8,36,38.000,43.000,2925,150,23,0.082143,4.600000,64.834908,15.157807,0.810436,0.314508,0.419468,3.331098,0.381750,54.126335,1785,0.419468,-1.751879096031189,7,0.304348,0.00567841,0.00567841,-0.00000054,0.00567841,0.00567701,0.00024541,1.179399,1.181473,-0.001759,0.023113,0.023027,0.003719,0.955112,0.955306,0.000194,0.00216910,1.49684260,1.000000
pkdd8,PKDD-8,37,39.000,44.000,2893,150,24,0.085714,4.800000,64.326424,15.308917,0.804080,0.321638,0.432433,3.572565,0.381750,55.464935,1731,0.432433,-1.438969612121582,7,0.291667,0.00550226,0.00550226,-0.00000056,0.00550226,0.00550086,0.00025327,1.185644,1.188472,-0.002386,0.023853,0.023757,0.004034,0.953892,0.954106,0.000215,0.00218519,1.35437736,1.000000
pkdd8,PKDD-8,38,40.000,45.000,2828,150,24,0.085714,4.800000,63.588497,15.385994,0.794856,0.318025,0.424380,3.935193,0.381750,58.110020,1676,0.424380,-1.0016512870788574,4,0.166667,0.00519884,0.00519885,-0.00000020,0.00519884,0.00519745,0.00026805,1.189431,1.192408,-0.002503,0.024455,0.024355,0.004083,0.952623,0.952845,0.000222,0.00251623,1.21262083,1.000000
pkdd8,PKDD-8,39,41.000,46.000,2687,150,24,0.085714,4.800000,62.657993,15.624452,0.783225,0.304890,0.408791,4.309307,0.381750,59.380230,1592,0.408791,-0.5356054306030273,1,0.041667,0.00499825,0.00499825,-0.00000041,0.00499825,0.00499800,0.00004983,1.187862,1.190955,-0.002603,0.024176,0.024086,0.003739,0.953224,0.953424,0.000199,0.00230071,1.07949697,1.000000
pkdd8,PKDD-8,40,42.000,47.000,2587,150,27,0.096429,5.400000,62.196480,15.112521,0.777456,0.292975,0.396728,4.186508,0.384989,59.530796,1519,0.396728,-0.5891927480697632,13,0.481481,0.00485041,0.00485041,0.00000000,0.00485041,0.00485041,0.00000000,1.173016,1.175397,-0.002030,0.022359,0.022294,0.002895,0.956718,0.956867,0.000148,0.00240679,0.97631633,1.000000
pkdd8,PKDD-8,41,43.000,48.000,2520,150,25,0.089286,5.000000,61.805996,14.762919,0.772575,0.271538,0.370021,4.040104,0.503056,59.073822,1482,0.370021,-0.7707254886627197,16,0.640000,0.00473138,0.00473138,0.00000065,0.00473138,0.00473138,0.00000000,1.179821,1.181041,-0.001034,0.023154,0.023099,0.002381,0.955298,0.955423,0.000125,0.00257460,0.96064789,1.000000
pkdd8,PKDD-8,42,44.000,49.000,2458,150,24,0.085714,4.800000,61.549011,14.838205,0.769363,0.256858,0.343121,3.799949,0.503056,56.818363,1442,0.343121,-1.0424292087554932,16,0.666667,0.00468046,0.00468046,0.00000033,0.00468046,0.00468046,0.00000000,1.177759,1.178586,-0.000702,0.022610,0.022457,0.006762,0.956707,0.957101,0.000394,0.00239835,1.00101456,1.000000
pkdd8,PKDD-8,43,45.000,50.000,2419,150,21,0.075000,4.200000,61.685188,15.186649,0.771065,0.262447,0.367979,3.492574,0.503056,54.336006,1396,0.367979,-1.450697898864746,16,0.761905,0.00468518,0.00468519,-0.00000022,0.00468518,0.00468517,0.00000319,1.200579,1.201406,-0.000689,0.025992,0.025740,0.009721,0.949578,0.950292,0.000714,0.00216083,1.04383816,1.000000
pkdd8,PKDD-8,44,46.000,51.000,2418,150,19,0.067857,3.800000,61.910282,15.234517,0.773879,0.284975,0.430068,3.179238,0.503056,53.374489,1395,0.430068,-1.8529508113861084,16,0.842105,0.00465128,0.00465128,-0.00000022,0.00465128,0.00465114,0.00003009,1.205376,1.207056,-0.001394,0.026354,0.026033,0.012187,0.949233,0.950055,0.000822,0.00208163,1.14741381,1.000000
pkdd8,PKDD-8,45,47.000,52.000,2381,150,21,0.075000,4.200000,61.737202,15.601546,0.771715,0.290960,0.434397,3.198010,0.610789,53.705345,1362,0.434397,-1.7739051580429077,10,0.476190,0.00486647,0.00486647,0.00000021,0.00486647,0.00486595,0.00010701,1.208627,1.210286,-0.001373,0.027043,0.026721,0.011927,0.947499,0.948313,0.000814,0.00223787,1.30594349,1.000000
pkdd8,PKDD-8,46,48.000,53.000,2411,150,23,0.082143,4.600000,61.657166,15.824003,0.770715,0.310843,0.453429,3.343568,0.340515,56.811317,1363,0.453429,-1.5556776523590088,7,0.304348,0.00520120,0.00520120,0.00000020,0.00520120,0.00520038,0.00015751,1.214803,1.216412,-0.001325,0.027810,0.027497,0.011242,0.946185,0.946976,0.000790,0.00240899,1.45520670,1.000000
pkdd8,PKDD-8,47,49.000,54.000,2486,150,24,0.085714,4.800000,61.438725,15.863552,0.767984,0.330460,0.506910,3.583324,0.340515,61.615829,1408,0.506910,-1.2402247190475464,10,0.416667,0.00563637,0.00563637,0.00000055,0.00563637,0.00563485,0.00027025,1.208990,1.210142,-0.000953,0.027163,0.026956,0.007627,0.947035,0.947534,0.000500,0.00247549,1.63888185,1.000000
pkdd8,PKDD-8,48,50.000,55.000,2603,150,25,0.089286,5.000000,61.194992,15.905595,0.764937,0.337399,0.514377,3.755798,0.340515,65.474937,1495,0.514377,-0.992874264717102,10,0.400000,0.00620295,0.00620295,0.00000017,0.00620295,0.00620144,0.00024316,1.203097,1.204897,-0.001497,0.026041,0.025931,0.004200,0.949664,0.949860,0.000196,0.00330403,1.91946992,0.996597
pkdd8,PKDD-8,49,51.000,56.000,2777,150,25,0.089286,5.000000,61.298626,16.295622,0.766233,0.312812,0.469586,3.837673,0.340515,67.805771,1609,0.469586,-0.8896827697753906,10,0.400000,0.00671624,0.00671624,0.00000023,0.00671624,0.00671051,0.00085310,1.199321,1.200679,-0.001132,0.025711,0.025657,0.002092,0.950191,0.950305,0.000114,0.00418117,2.41144466,0.996333
pkdd8,PKDD-8,50,52.000,57.000,2945,150,26,0.092857,5.200000,62.055237,16.567436,0.775690,0.307896,0.468036,3.792891,0.340515,67.585052,1746,0.468036,-0.9571024775505066,5,0.192308,0.00699497,0.00699497,0.00000000,0.00699497,0.00698519,0.00139706,1.208265,1.209905,-0.001357,0.026682,0.026645,0.001360,0.948319,0.948417,0.000098,0.00379817,2.65776218,0.994982
pkdd8,PKDD-8,51,53.000,58.000,3049,150,27,0.096429,5.400000,62.458263,16.774199,0.780728,0.303390,0.467558,3.602753,0.696209,63.993027,1849,0.467558,-1.1651575565338135,4,0.148148,0.00722776,0.00722776,-0.00000036,0.00722776,0.00721387,0.00192101,1.204004,1.205910,-0.001584,0.026060,0.026019,0.001547,0.949471,0.949572,0.000101,0.00397961,2.22895269,0.994280
pkdd8,PKDD-8,52,54.000,59.000,3147,150,27,0.096429,5.400000,62.794189,16.880241,0.784927,0.294524,0.434378,3.446604,0.694280,60.945816,1919,0.434378,-1.3517957925796509,5,0.185185,0.00743781,0.00743782,-0.00000021,0.00743781,0.00742029,0.00235619,1.207163,1.209633,-0.002046,0.026640,0.026599,0.001551,0.948290,0.948399,0.000108,0.00443962,2.00618725,0.992775
pkdd8,PKDD-8,53,55.000,60.000,3239,150,27,0.096429,5.400000,63.219395,16.919592,0.790242,0.286865,0.416645,3.272481,0.694280,57.471500,1981,0.416645,-1.5637251138687134,5,0.185185,0.00765584,0.00765584,0.00000013,0.00765584,0.00763378,0.00288128,1.197960,1.199760,-0.001502,0.025405,0.025358,0.001853,0.950787,0.950898,0.000111,0.00415905,1.77972100,0.994061
pkdd8,PKDD-8,54,56.000,61.000,3334,150,29,0.103571,5.800000,63.831135,16.931889,0.797889,0.286804,0.408867,3.083393,0.674730,53.841633,2059,0.408867,-1.7682175636291504,6,0.206897,0.00777367,0.00777367,0.00000026,0.00777367,0.00775159,0.00284039,1.208801,1.210868,-0.001710,0.026865,0.026815,0.001834,0.947848,0.947963,0.000116,0.00356974,1.68604256,0.993754
pkdd8,PKDD-8,55,57.000,62.000,3386,150,29,0.103571,5.800000,64.141670,16.992023,0.801771,0.272881,0.389702,2.894464,0.630994,50.713497,2087,0.389702,-1.9886902570724487,6,0.206897,0.00800490,0.00800490,-0.00000026,0.00800490,0.00798275,0.00276663,1.188431,1.190435,-0.001687,0.024131,0.024075,0.002358,0.953440,0.953561,0.000121,0.00414120,1.59064793,0.993943
pkdd8,PKDD-8,56,58.000,63.000,3492,150,30,0.107143,6.000000,64.794090,17.001883,0.809926,0.261699,0.368389,2.826304,0.284769,50.451443,2163,0.368389,-2.0720672607421875,10,0.333333,0.00837131,0.00837131,0.00000000,0.00837131,0.00834897,0.00266865,1.202293,1.204204,-0.001589,0.025843,0.025791,0.002017,0.950157,0.950275,0.000118,0.00434587,1.45376556,0.994717
pkdd8,PKDD-8,57,59.000,64.000,3663,150,33,0.117857,6.600000,65.674896,16.842592,0.820936,0.255892,0.359092,2.741035,0.284769,50.382095,2332,0.359092,-2.1531033515930176,7,0.212121,0.00863961,0.00863961,0.00000012,0.00863961,0.00861729,0.00258292,1.198310,1.200158,-0.001543,0.025316,0.025272,0.001737,0.951277,0.951378,0.000101,0.00530179,1.35195421,0.995603
pkdd8,PKDD-8,58,60.000,65.000,3787,150,34,0.121429,6.800000,66.418442,16.732040,0.830231,0.252208,0.346145,2.632277,0.258583,49.461586,2484,0.346145,-2.294442892074585,14,0.411765,0.00881201,0.00881201,0.00000000,0.00881201,0.00878987,0.00251323,1.200362,1.202433,-0.001725,0.025567,0.025551,0.000628,0.950820,0.950889,0.000069,0.00498035,1.31374301,0.995457
pkdd8,PKDD-8,59,61.000,66.000,3863,150,32,0.114286,6.400000,66.726494,16.574093,0.834081,0.243476,0.337656,2.610714,0.209393,49.773308,2577,0.337656,-2.373961925506592,16,0.500000,0.00889617,0.00889617,0.00000023,0.00889617,0.00887403,0.00248899,1.195591,1.197385,-0.001501,0.025027,0.025015,0.000466,0.951766,0.951828,0.000062,0.00485177,1.30849331,0.995155
pkdd8,PKDD-8,60,62.000,67.000,3901,150,31,0.110714,6.200000,66.697411,16.387615,0.833718,0.239671,0.334495,2.650014,0.209393,50.598179,2639,0.334495,-2.3562891483306885,16,0.516129,0.00867930,0.00867930,0.00000047,0.00867930,0.00865713,0.00255474,1.206933,1.209034,-0.001741,0.026568,0.026559,0.000340,0.948686,0.948744,0.000058,0.00534269,1.30046462,0.995509
pkdd8,PKDD-8,61,63.000,68.000,3808,150,31,0.110714,6.200000,66.530716,16.420906,0.831634,0.232080,0.326794,2.587277,0.209393,49.431854,2582,0.326794,-2.4386258125305176,12,0.387097,0.00805334,0.00805334,0.00000064,0.00805334,0.00803140,0.00272411,1.183782,1.185746,-0.001659,0.023673,0.023670,0.000107,0.954078,0.954123,0.000044,0.00527555,1.29631004,0.994192
pkdd8,PKDD-8,62,64.000,69.000,3564,150,30,0.107143,6.000000,66.146866,16.764856,0.826836,0.223459,0.314233,2.446076,0.209393,46.432636,2398,0.314233,-2.611771583557129,12,0.400000,0.00748680,0.00748680,0.00000027,0.00748680,0.00746482,0.00293637,1.192055,1.193847,-0.001503,0.024648,0.024644,0.000163,0.952245,0.952293,0.000048,0.00518184,1.26620527,0.992742
pkdd8,PKDD-8,63,65.000,70.000,3348,150,30,0.107143,6.000000,65.743393,17.082281,0.821792,0.208195,0.290885,2.308207,0.209393,43.721317,2214,0.290885,-2.757819652557373,10,0.333333,0.00698734,0.00698734,0.00000044,0.00698734,0.00696536,0.00314670,1.187421,1.189317,-0.001597,0.024136,0.024110,0.001090,0.953127,0.953200,0.000074,0.00491626,1.21766266,0.992320
pkdd8,PKDD-8,64,66.000,71.000,3164,150,28,0.100000,5.600000,65.510086,17.446840,0.818876,0.204169,0.274054,2.161215,0.504289,41.204727,2060,0.274054,-2.9604244232177734,7,0.250000,0.00658560,0.00658560,0.00000039,0.00658560,0.00656332,0.00338273,1.179090,1.181728,-0.002238,0.023018,0.022992,0.001135,0.955403,0.955479,0.000076,0.00480460,1.15823006,0.992282
pkdd8,PKDD-8,65,67.000,72.000,3032,150,27,0.096429,5.400000,65.679466,17.934563,0.820993,0.227738,0.314716,2.246426,0.529758,43.174641,1958,0.314716,-2.9087109565734863,6,0.222222,0.00625084,0.00625084,0.00000033,0.00625084,0.00622848,0.00357674,1.179637,1.181694,-0.001744,0.023199,0.023169,0.001293,0.954848,0.954928,0.000080,0.00453360,1.12866639,0.992749
pkdd8,PKDD-8,66,68.000,73.000,2917,150,25,0.089286,5.000000,65.970360,18.503506,0.824629,0.247634,0.343527,2.408785,0.259024,46.728191,1867,0.343527,-2.789938449859619,8,0.320000,0.00615364,0.00615364,0.00000025,0.00615364,0.00613122,0.00364360,1.192603,1.194696,-0.001755,0.024995,0.024959,0.001451,0.951675,0.951765,0.000090,0.00461114,1.11868426,0.993405
pkdd8,PKDD-8,67,69.000,74.000,2866,150,26,0.092857,5.200000,66.541229,18.930513,0.831765,0.258768,0.359051,2.689502,0.259024,52.918736,1816,0.359051,-2.5046675205230713,9,0.346154,0.00589146,0.00589146,0.00000026,0.00589146,0.00586901,0.00380994,1.180490,1.182682,-0.001857,0.023469,0.023439,0.001258,0.954553,0.954631,0.000078,0.00456502,1.11719298,0.993588
pkdd8,PKDD-8,68,70.000,75.000,2737,150,26,0.092857,5.200000,67.158821,19.526096,0.839485,0.272130,0.377147,3.043833,0.259024,60.398212,1687,0.377147,-2.1562063694000244,5,0.192308,0.00574144,0.00574143,0.00000045,0.00574144,0.00571887,0.00393092,1.186584,1.188897,-0.001949,0.024256,0.024227,0.001203,0.952990,0.953066,0.000076,0.00448661,1.12868138,0.994102
pkdd8,PKDD-8,69,71.000,76.000,2594,150,25,0.089286,5.000000,67.669167,20.217972,0.845865,0.288557,0.398750,3.458929,0.259024,68.719872,1544,0.398750,-1.7557704448699951,5,0.200000,0.00552396,0.00552396,0.00000019,0.00552396,0.00550171,0.00402894,1.198502,1.199750,-0.001042,0.025720,0.025691,0.001115,0.949976,0.950047,0.000071,0.00463293,1.11330769,0.993258
pkdd8,PKDD-8,70,72.000,77.000,2403,150,24,0.085714,4.800000,68.289391,21.111631,0.853617,0.267419,0.369774,3.467051,0.259024,69.865944,1353,0.369774,-1.8125194311141968,8,0.333333,0.00533462,0.00533462,0.00000000,0.00533462,0.00531256,0.00413644,1.195623,1.197410,-0.001494,0.025330,0.025308,0.000881,0.951152,0.951213,0.000061,0.00467253,1.08661732,0.991358
pkdd8,PKDD-8,71,73.000,78.000,2239,150,22,0.078571,4.400000,69.026794,21.845911,0.862835,0.251139,0.348101,3.407511,0.280599,69.737213,1185,0.348101,-1.9705586433410645,6,0.272727,0.00516699,0.00516699,-0.00000020,0.00516699,0.00514482,0.00429065,1.189074,1.191449,-0.001998,0.024417,0.024407,0.000394,0.952413,0.952454,0.000041,0.00454321,1.04569828,0.991876
pkdd8,PKDD-8,72,74.000,79.000,2105,150,22,0.078571,4.400000,69.495750,22.566679,0.868697,0.252682,0.348088,3.537397,0.335831,72.269997,1051,0.348088,-1.8537906408309937,4,0.181818,0.00522809,0.00522809,0.00000000,0.00522809,0.00520566,0.00429120,1.201535,1.203935,-0.001997,0.026156,0.026140,0.000647,0.949048,0.949101,0.000053,0.00481341,1.00720993,0.993090
pkdd8,PKDD-8,73,75.000,80.000,2084,150,21,0.075000,4.200000,69.831825,22.785278,0.872898,0.236566,0.327107,3.759106,0.928216,76.137970,1030,0.327107,-1.656905174255371,9,0.428571,0.00500915,0.00500915,-0.00000021,0.00500915,0.00498654,0.00451318,1.191447,1.193436,-0.001670,0.024982,0.024966,0.000631,0.951212,0.951261,0.000050,0.00472530,0.98033518,0.994853
pkdd8,PKDD-8,74,76.000,81.000,2011,150,20,0.071429,4.000000,69.644112,22.976116,0.870551,0.236075,0.325151,3.924792,0.928216,78.818588,957,0.325151,-1.487091302871704,9,0.450000,0.00484604,0.00484604,-0.00000042,0.00484604,0.00482308,0.00473782,1.186424,1.189463,-0.002562,0.024473,0.024460,0.000523,0.952361,0.952407,0.000047,0.00431703,0.98685447,0.996581
pkdd8,PKDD-8,75,77.000,82.000,1974,150,18,0.064286,3.600000,68.978592,22.857786,0.862232,0.248714,0.353688,4.192073,0.010325,83.103653,919,0.353688,-1.1917582750320435,19,1.055556,0.00474835,0.00474836,-0.00000043,0.00474835,0.00472543,0.00482749,1.189893,1.193466,-0.003003,0.025006,0.024988,0.000710,0.951099,0.951156,0.000057,0.00423000,0.98463365,0.996095
pkdd8,PKDD-8,76,78.000,83.000,1959,150,17,0.060714,3.400000,68.032349,22.620001,0.850404,0.263683,0.381896,4.250796,0.010325,83.301880,908,0.381896,-1.0924466848373413,19,1.117647,0.00459450,0.00459450,-0.00000045,0.00459450,0.00457162,0.00497862,1.190226,1.193904,-0.003091,0.025123,0.025098,0.001022,0.951089,0.951161,0.000072,0.00409385,1.00371561,0.993142
pkdd8,PKDD-8,77,79.000,84.000,1903,150,16,0.057143,3.200000,67.099472,22.493147,0.838743,0.254842,0.381465,4.014055,0.010325,78.491928,867,0.381465,-1.3273423910140991,19,1.187500,0.00428649,0.00428649,-0.00000024,0.00428649,0.00426396,0.00525694,1.188732,1.192676,-0.003318,0.024977,0.024962,0.000597,0.951223,0.951288,0.000066,0.00349337,1.05174077,0.986310
pkdd8,PKDD-8,78,80.000,85.000,1775,150,15,0.053571,3.000000,65.937202,22.799128,0.824215,0.263239,0.393340,3.682719,0.010325,71.923248,769,0.393340,-1.6491869688034058,13,0.866667,0.00407301,0.00407301,-0.00000025,0.00407301,0.00405083,0.00544650,1.184679,1.188242,-0.003008,0.024070,0.024046,0.000990,0.953479,0.953559,0.000080,0.00334903,1.08989718,0.979424
pkdd8,PKDD-8,79,81.000,86.000,1684,150,13,0.046429,2.600000,65.451675,23.350031,0.818146,0.264865,0.393877,3.288005,0.010325,64.682625,708,0.393877,-2.102057456970215,13,1.000000,0.00390108,0.00390108,-0.00000026,0.00390108,0.00387888,0.00568892,1.188530,1.190970,-0.002053,0.024640,0.024611,0.001169,0.952271,0.952354,0.000083,0.00329890,1.11010533,0.979134
pkdd8,PKDD-8,80,82.000,87.000,1639,150,14,0.050000,2.800000,65.343361,23.804447,0.816792,0.254221,0.378023,3.245762,0.504847,63.838757,694,0.378023,-2.132075548171997,0,0.000000,0.00364166,0.00364166,0.00000000,0.00364166,0.00361900,0.00622207,1.185580,1.186834,-0.001058,0.024266,0.024233,0.001384,0.952913,0.952999,0.000086,0.00304571,1.16549619,0.981097
pkdd8,PKDD-8,81,83.000,88.000,1595,150,14,0.050000,2.800000,65.369720,24.215317,0.817122,0.247063,0.364697,3.769705,1.143526,73.971062,680,0.364697,-1.5660881996154785,0,0.000000,0.00328209,0.00328209,0.00000031,0.00328209,0.00325932,0.00693845,1.177215,1.177881,-0.000566,0.023101,0.023071,0.001318,0.955320,0.955402,0.000082,0.00274576,1.21837939,0.983211
pkdd8,PKDD-8,82,84.000,89.000,1501,150,13,0.046429,2.600000,65.060669,24.490355,0.813258,0.250998,0.356184,3.986682,1.441155,78.493019,622,0.356184,-1.3376541137695312,3,0.230769,0.00296074,0.00296074,-0.00000017,0.00296074,0.00293716,0.00796511,1.172293,1.172996,-0.000600,0.022393,0.022359,0.001521,0.956554,0.956632,0.000078,0.00246738,1.25330036,0.990506
pkdd8,PKDD-8,83,85.000,90.000,1422,150,13,0.046429,2.600000,65.057953,24.689837,0.813224,0.251327,0.352796,4.152884,1.273074,82.454720,550,0.352796,-1.1583750247955322,3,0.230769,0.00282165,0.00282165,-0.00000036,0.00282165,0.00279728,0.00863569,1.188070,1.189474,-0.001181,0.024620,0.024581,0.001587,0.951979,0.952067,0.000088,0.00204459,1.33142737,0.997474
pkdd8,PKDD-8,84,86.000,91.000,1425,150,17,0.060714,3.400000,65.738029,24.455675,0.821725,0.249965,0.343070,4.477319,1.066045,89.536476,538,0.343070,-0.7628351449966431,3,0.176471,0.00281900,0.00281900,-0.00000055,0.00281900,0.00279478,0.00858959,1.164738,1.166099,-0.001169,0.021399,0.021363,0.001673,0.958484,0.958571,0.000086,0.00185002,1.45223820,0.992954
pkdd8,PKDD-8,85,87.000,92.000,1469,150,17,0.060714,3.400000,66.394333,24.019760,0.829929,0.263539,0.351979,4.708754,0.925606,94.913933,523,0.351979,-0.54646897315979,4,0.235294,0.00284676,0.00284676,-0.00000027,0.00284676,0.00282290,0.00838217,1.168016,1.170040,-0.001733,0.021566,0.021546,0.000914,0.958385,0.958466,0.000082,0.00185491,1.56406567,0.988765
pkdd8,PKDD-8,86,88.000,93.000,1482,150,16,0.057143,3.200000,66.974167,23.998705,0.837177,0.251317,0.322926,4.693149,0.925606,95.747749,503,0.322926,-0.6159746646881104,7,0.437500,0.00295355,0.00295355,0.00000017,0.00295355,0.00292992,0.00800069,1.177472,1.180092,-0.002225,0.022928,0.022914,0.000620,0.955499,0.955572,0.000072,0.00195891,1.69714025,0.985855
pkdd8,PKDD-8,87,89.000,94.000,1527,150,14,0.050000,2.800000,68.113930,24.273281,0.851424,0.230673,0.301406,4.672091,0.614369,95.635002,507,0.301406,-0.7474420070648193,5,0.357143,0.00303376,0.00303376,-0.00000017,0.00303376,0.00301048,0.00767247,1.177906,1.179833,-0.001636,0.022838,0.022811,0.001173,0.956018,0.956110,0.000092,0.00183311,1.88828322,0.986127
pkdd8,PKDD-8,88,90.000,95.000,1557,150,12,0.042857,2.400000,68.932632,24.571596,0.861658,0.221449,0.293097,4.516589,0.614369,91.227425,530,0.293097,-1.008496880531311,5,0.416667,0.00309463,0.00309462,0.00000050,0.00309463,0.00307187,0.00735419,1.163717,1.165613,-0.001630,0.021163,0.021147,0.000749,0.959012,0.959084,0.000071,0.00184362,2.07711357,0.982649
pkdd8,PKDD-8,89,91.000,96.000,1582,150,14,0.050000,2.800000,69.373581,24.670847,0.867170,0.219715,0.305400,4.489708,0.614369,89.229141,570,0.305400,-1.0218912363052368,5,0.357143,0.00322494,0.00322494,0.00000048,0.00322494,0.00320207,0.00709165,1.182763,1.186430,-0.003101,0.023556,0.023540,0.000683,0.954490,0.954565,0.000075,0.00203389,2.13228333,0.987347
pkdd8,PKDD-8,90,92.000,97.000,1636,150,17,0.060714,3.400000,69.703949,24.255180,0.871299,0.220042,0.306527,4.457310,0.614369,87.240829,654,0.306527,-1.0110206604003906,6,0.352941,0.00345630,0.00345630,0.00000030,0.00345630,0.00343307,0.00672146,1.176335,1.179782,-0.002930,0.022982,0.022954,0.001233,0.955270,0.955346,0.000076,0.00190824,2.04317729,0.989661
pkdd8,PKDD-8,91,93.000,98.000,1741,150,16,0.057143,3.200000,69.771790,23.374149,0.872147,0.223587,0.318978,4.184563,0.614369,81.091362,762,0.318978,-1.3294520378112793,4,0.250000,0.00367116,0.00367116,-0.00000007,0.00367116,0.00364741,0.00646937,1.170201,1.172920,-0.002323,0.021943,0.021908,0.001592,0.957530,0.957612,0.000082,0.00206213,1.89740799,0.993148
pkdd8,PKDD-8,92,94.000,99.000,1839,150,15,0.053571,3.000000,69.444427,22.497381,0.868055,0.243925,0.345714,4.052909,0.637784,78.351158,850,0.345714,-1.4637980461120605,6,0.400000,0.00395956,0.00395956,0.00000013,0.00395956,0.00393551,0.00607174,1.173272,1.175813,-0.002165,0.022467,0.022437,0.001322,0.956463,0.956536,0.000073,0.00232297,1.72396277,0.994055
pkdd8,PKDD-8,93,95.000,100.000,1968,150,16,0.057143,3.200000,69.288315,21.517578,0.866104,0.238985,0.340501,3.991902,0.637784,78.077682,949,0.340501,-1.49463951587677,6,0.375000,0.00415705,0.00415705,0.00000031,0.00415705,0.00413213,0.00599620,1.184645,1.188047,-0.002871,0.023824,0.023788,0.001525,0.953871,0.953956,0.000085,0.00257440,1.57414645,0.997376
pkdd8,PKDD-8,94,96.000,101.000,2058,150,18,0.064286,3.600000,68.774048,20.662970,0.859676,0.232558,0.329149,3.675252,0.484972,72.806725,980,0.329149,-1.7731515169143677,9,0.500000,0.00418194,0.00418194,0.00000025,0.00418194,0.00415666,0.00604432,1.175303,1.177724,-0.002060,0.022592,0.022556,0.001578,0.956109,0.956187,0.000078,0.00269181,1.50764607,0.997167
pkdd8,PKDD-8,95,97.000,102.000,2065,150,18,0.064286,3.600000,68.321281,20.353312,0.854016,0.216499,0.308911,3.234949,0.484972,65.015312,956,0.308911,-2.2343831062316895,7,0.388889,0.00414234,0.00414234,0.00000006,0.00414234,0.00411701,0.00611390,1.176874,1.178834,-0.001665,0.022529,0.022497,0.001420,0.956779,0.956848,0.000070,0.00290606,1.42522733,0.998677
pkdd8,PKDD-8,96,98.000,103.000,2041,150,18,0.064286,3.600000,68.134094,20.352699,0.851676,0.217463,0.307426,2.912841,0.484972,60.144650,923,0.307426,-2.5804286003112793,6,0.333333,0.00412521,0.00412521,0.00000037,0.00412521,0.00409994,0.00612557,1.181505,1.183965,-0.002082,0.023213,0.023184,0.001261,0.955373,0.955441,0.000068,0.00300842,1.35876422,0.998451
pkdd8,PKDD-8,97,99.000,104.000,2033,150,17,0.060714,3.400000,68.107170,20.389004,0.851340,0.200884,0.280509,2.715462,0.484972,57.609306,915,0.280509,-2.8182036876678467,3,0.176471,0.00410061,0.00410061,0.00000044,0.00410061,0.00407540,0.00614882,1.179803,1.183251,-0.002923,0.022951,0.022925,0.001143,0.955680,0.955746,0.000067,0.00319928,1.31713490,0.996897
pkdd8,PKDD-8,98,100.000,105.000,2030,150,17,0.060714,3.400000,68.130898,20.422497,0.851636,0.202131,0.283167,2.567737,0.484972,55.548161,912,0.283167,-2.983199119567871,3,0.176471,0.00410858,0.00410858,-0.00000013,0.00410858,0.00408384,0.00602310,1.172821,1.175283,-0.002099,0.021947,0.021930,0.000813,0.957924,0.957979,0.000055,0.00322196,1.26558474,0.996455
pkdd8,PKDD-8,99,101.000,106.000,2031,150,18,0.064286,3.600000,68.439224,20.582514,0.855490,0.193317,0.273508,2.646967,0.643371,57.612831,942,0.273508,-2.8950893878936768,0,0.000000,0.00410784,0.00410784,0.00000050,0.00410784,0.00408356,0.00591063,1.172754,1.174729,-0.001684,0.022036,0.022019,0.000812,0.957710,0.957767,0.000058,0.00332590,1.20810142,0.994447
pkdd8,PKDD-8,100,102.000,107.000,2026,150,18,0.064286,3.600000,68.620300,20.682440,0.857754,0.194308,0.276195,2.761369,0.553121,60.231064,972,0.276195,-2.780496120452881,0,0.000000,0.00408465,0.00408465,0.00000088,0.00408465,0.00406024,0.00597574,1.175736,1.179231,-0.002972,0.022491,0.022471,0.000888,0.956561,0.956630,0.000069,0.00337311,1.15157132,0.994608
pkdd8,PKDD-8,101,103.000,108.000,2003,150,16,0.057143,3.200000,68.553444,20.772398,0.856918,0.197420,0.279372,2.853132,0.296299,61.774715,988,0.279372,-2.715373992919922,0,0.000000,0.00404420,0.00404420,0.00000057,0.00404420,0.00401968,0.00606306,1.180668,1.183704,-0.002572,0.023213,0.023193,0.000862,0.954928,0.955000,0.000072,0.00314832,1.11906412,0.994534
pkdd8,PKDD-8,102,104.000,109.000,1976,150,16,0.057143,3.200000,68.399963,20.829077,0.855000,0.188564,0.272765,3.109839,0.290348,66.393272,991,0.272765,-2.426635503768921,1,0.062500,0.00389311,0.00389310,0.00000145,0.00389311,0.00386916,0.00615191,1.178853,1.180957,-0.001785,0.022720,0.022693,0.001159,0.956334,0.956410,0.000076,0.00303650,1.13539100,0.995029
pkdd8,PKDD-8,103,105.000,110.000,1901,150,17,0.060714,3.400000,68.149696,21.109253,0.851871,0.182132,0.271747,3.261977,0.290348,69.133614,942,0.271747,-2.2251975536346436,1,0.058824,0.00381969,0.00381968,0.00000195,0.00381969,0.00379643,0.00608942,1.181380,1.183521,-0.001812,0.023155,0.023119,0.001577,0.955145,0.955231,0.000086,0.00278521,1.20025351,0.988684
pkdd8,PKDD-8,104,106.000,111.000,1869,150,20,0.071429,4.000000,68.096947,21.201504,0.851212,0.192377,0.282643,3.376957,0.290348,71.668159,911,0.282643,-2.0378730297088623,2,0.100000,0.00375206,0.00375205,0.00000144,0.00375206,0.00372875,0.00621345,1.183596,1.185769,-0.001836,0.023470,0.023430,0.001740,0.954541,0.954631,0.000091,0.00279612,1.27922471,0.987045
pkdd8,PKDD-8,105,107.000,112.000,1841,150,19,0.067857,3.800000,68.110596,21.306339,0.851382,0.207686,0.298912,3.443956,0.290348,73.514816,878,0.298912,-1.9851211309432983,2,0.105263,0.00372506,0.00372505,0.00000152,0.00372506,0.00370142,0.00634559,1.177078,1.177621,-0.000462,0.022777,0.022733,0.001923,0.955891,0.955983,0.000092,0.00276677,1.45251067,0.986312
pkdd8,PKDD-8,106,108.000,113.000,1841,150,20,0.071429,4.000000,67.960274,21.160568,0.849503,0.207053,0.290397,3.653615,0.290348,77.199944,848,0.290397,-1.7235817909240723,7,0.350000,0.00372261,0.00372260,0.00000159,0.00372261,0.00369875,0.00640872,1.169381,1.170467,-0.000928,0.021870,0.021830,0.001820,0.957712,0.957800,0.000088,0.00238349,1.58606222,0.985586
pkdd8,PKDD-8,107,109.000,114.000,1842,150,18,0.064286,3.600000,67.848434,21.019829,0.848105,0.230292,0.307138,3.525869,0.396297,73.910843,819,0.307138,-1.8941831588745117,6,0.333333,0.00381344,0.00381344,0.00000054,0.00381344,0.00378915,0.00636936,1.173844,1.175439,-0.001359,0.022601,0.022566,0.001549,0.955833,0.955919,0.000086,0.00238609,1.64858413,0.984689
pkdd8,PKDD-8,108,110.000,115.000,1881,150,15,0.053571,3.000000,67.683197,20.702829,0.846040,0.249925,0.323903,3.501879,0.396297,72.579880,832,0.323903,-1.9698911905288696,6,0.400000,0.00380136,0.00380136,0.00000054,0.00380136,0.00377591,0.00669568,1.168004,1.169074,-0.000916,0.021528,0.021500,0.001285,0.958436,0.958511,0.000075,0.00252179,1.66603834,0.991091
pkdd8,PKDD-8,109,111.000,116.000,1869,150,16,0.057143,3.200000,67.223145,20.606146,0.840289,0.232033,0.305344,3.369868,0.455564,68.375198,819,0.305344,-2.071906328201294,5,0.312500,0.00368641,0.00368641,0.00000084,0.00368641,0.00366114,0.00685624,1.167128,1.168788,-0.001422,0.021541,0.021517,0.001117,0.958504,0.958578,0.000075,0.00226915,1.65630147,0.990288
pkdd8,PKDD-8,110,112.000,117.000,1807,150,15,0.053571,3.000000,66.712502,20.807539,0.833906,0.212675,0.283553,3.147707,0.576066,62.352715,767,0.283553,-2.303429126739502,5,0.333333,0.00374893,0.00374893,0.00000055,0.00374893,0.00372462,0.00648315,1.174399,1.176076,-0.001428,0.022250,0.022216,0.001531,0.957010,0.957095,0.000086,0.00203029,1.62913176,0.986417
pkdd8,PKDD-8,111,113.000,118.000,1789,150,16,0.057143,3.200000,66.205391,21.027227,0.827567,0.215249,0.291311,3.080211,0.692028,57.126400,750,0.291311,-2.3190720081329346,0,0.000000,0.00395318,0.00395318,0.00000085,0.00395318,0.00392905,0.00610554,1.178610,1.179696,-0.000921,0.022679,0.022634,0.001950,0.956222,0.956323,0.000101,0.00238727,1.65666843,0.987052
pkdd8,PKDD-8,112,114.000,119.000,1842,150,17,0.060714,3.400000,65.612961,20.897881,0.820162,0.217902,0.300781,3.235419,0.505212,56.808426,808,0.300781,-2.0797650814056396,4,0.235294,0.00422811,0.00422810,0.00000122,0.00422811,0.00420395,0.00571384,1.186432,1.187468,-0.000873,0.023495,0.023441,0.002308,0.954807,0.954924,0.000117,0.00287951,1.64984066,0.989513
pkdd8,PKDD-8,113,115.000,120.000,1931,150,19,0.067857,3.800000,64.807083,20.457678,0.810089,0.225400,0.317940,3.468108,0.505212,58.738258,895,0.317940,-1.7198680639266968,8,0.421053,0.00454414,0.00454414,0.00000091,0.00454414,0.00452067,0.00516516,1.195896,1.196873,-0.000817,0.025127,0.025068,0.002331,0.951220,0.951350,0.000130,0.00308905,1.75949656,0.989888
pkdd8,PKDD-8,114,116.000,121.000,2047,150,21,0.075000,4.200000,64.225235,19.951344,0.802815,0.247956,0.344109,3.428616,0.505212,58.866653,1011,0.344109,-1.664418339729309,8,0.380952,0.00517003,0.00517002,0.00000070,0.00517003,0.00514632,0.00458605,1.193270,1.194133,-0.000723,0.024691,0.024631,0.002419,0.951915,0.952039,0.000124,0.00344558,1.93586562,0.994370
pkdd8,PKDD-8,115,117.000,122.000,2318,150,23,0.082143,4.600000,64.015106,19.099503,0.800189,0.270719,0.367553,3.421840,0.505212,60.937702,1272,0.367553,-1.5985372066497803,8,0.347826,0.00573014,0.00573014,0.00000036,0.00573014,0.00570649,0.00412726,1.194455,1.195610,-0.000967,0.025125,0.025072,0.002115,0.950988,0.951103,0.000115,0.00350311,2.13439549,0.994975
pkdd8,PKDD-8,116,118.000,123.000,2597,150,26,0.092857,5.200000,64.188705,18.297344,0.802359,0.267073,0.357837,3.185253,0.505212,59.333107,1521,0.357837,-1.7961159944534302,8,0.307692,0.00617945,0.00617945,0.00000017,0.00617945,0.00615579,0.00382966,1.198030,1.199437,-0.001174,0.025524,0.025469,0.002153,0.950389,0.950509,0.000120,0.00395894,2.27284820,0.995568
pkdd8,PKDD-8,117,119.000,124.000,2843,150,28,0.100000,5.600000,64.505135,17.759874,0.806314,0.269088,0.359519,2.876899,0.511205,54.919495,1732,0.359519,-2.0999755859375,4,0.142857,0.00668090,0.00668090,0.00000000,0.00668090,0.00665792,0.00344047,1.186739,1.188020,-0.001080,0.024247,0.024191,0.002303,0.952882,0.953005,0.000122,0.00416934,2.39080386,0.994090
pkdd8,PKDD-8,118,120.000,125.000,3122,150,30,0.107143,6.000000,65.022034,17.277449,0.812775,0.258377,0.338763,2.500745,0.142112,48.471397,1983,0.338763,-2.488386631011963,1,0.033333,0.00727155,0.00727155,0.00000014,0.00727155,0.00724771,0.00327855,1.184539,1.185702,-0.000981,0.023861,0.023803,0.002443,0.953821,0.953944,0.000124,0.00485109,2.49356716,0.993330
pkdd8,PKDD-8,119,121.000,126.000,3441,150,32,0.114286,6.400000,65.511749,16.892612,0.818897,0.254388,0.325033,2.295032,0.142112,43.804302,2272,0.325033,-2.6867575645446777,4,0.125000,0.00784356,0.00784356,0.00000020,0.00784356,0.00781931,0.00309109,1.192678,1.194014,-0.001120,0.024876,0.024817,0.002351,0.951899,0.952025,0.000125,0.00488005,2.39404522,0.992785
pkdd8,PKDD-8,120,122.000,127.000,3742,150,35,0.125000,7.000000,65.921539,16.495657,0.824019,0.256017,0.318815,2.142919,0.142112,39.925358,2543,0.318815,-2.798461437225342,5,0.142857,0.00848373,0.00848373,0.00000012,0.00848373,0.00845874,0.00294483,1.186964,1.188679,-0.001445,0.023941,0.023884,0.002375,0.953833,0.953954,0.000122,0.00520143,2.23533163,0.995479
pkdd8,PKDD-8,121,123.000,128.000,4081,150,36,0.128571,7.200000,66.217941,16.116514,0.827724,0.261971,0.341117,2.020439,0.142112,36.922951,2881,0.341117,-2.9078073501586914,8,0.222222,0.00916929,0.00916929,0.00000000,0.00916929,0.00914392,0.00276697,1.182269,1.183623,-0.001145,0.023205,0.023155,0.002174,0.955286,0.955393,0.000107,0.00509084,2.17535590,0.995838
pkdd8,PKDD-8,122,124.000,129.000,4433,150,37,0.132143,7.400000,66.559090,15.807901,0.831989,0.263601,0.336648,1.977689,0.142112,36.305683,3233,0.336648,-2.935762882232666,9,0.243243,0.00974218,0.00974218,0.00000021,0.00974218,0.00971584,0.00270377,1.183319,1.184589,-0.001073,0.023367,0.023323,0.001885,0.954978,0.955073,0.000095,0.00518794,2.13028866,0.997619
pkdd8,PKDD-8,123,125.000,130.000,4724,150,37,0.132143,7.400000,66.892464,15.600303,0.836156,0.268498,0.341704,1.970592,0.158988,36.632374,3524,0.341704,-2.9531240463256836,8,0.216216,0.01005045,0.01005045,0.00000010,0.01005045,0.01002518,0.00251393,1.182414,1.183849,-0.001213,0.023205,0.023161,0.001895,0.955302,0.955396,0.000095,0.00486283,1.99250031,0.998340
pkdd8,PKDD-8,124,126.000,131.000,4879,150,36,0.128571,7.200000,67.079430,15.418846,0.838493,0.350351,1.204157,1.976174,0.208695,37.134544,3677,1.204157,-2.968257427215576,10,0.277778,0.01032270,0.01032269,0.00000020,0.01032270,0.01029745,0.00244534,1.181836,1.183227,-0.001177,0.023254,0.023215,0.001649,0.955215,0.955308,0.000093,0.00483643,1.91808173,0.999106
pkdd8,PKDD-8,125,127.000,132.000,5032,150,41,0.146429,8.200000,66.954689,15.466708,0.836934,0.390115,1.416921,1.991307,0.208695,37.751175,3801,1.416921,-2.8392186164855957,18,0.439024,0.01048519,0.01048519,0.00000020,0.01048519,0.01046011,0.00239164,1.180434,1.187073,-0.005625,0.023184,0.023757,-0.024693,0.955322,0.954535,-0.000787,0.00493748,1.85659391,0.998682
pkdd8,PKDD-8,126,128.000,133.000,5121,150,43,0.153571,8.600000,66.636703,15.995737,0.832959,0.389101,1.402514,2.049720,0.208695,39.194794,3860,1.402514,-2.716658592224121,15,0.348837,0.01044182,0.01044182,0.00000039,0.01044182,0.01041771,0.00230912,1.180841,1.193548,-0.010762,0.023291,0.024508,-0.052234,0.955025,0.953297,-0.001728,0.00548387,1.78646107,0.996833
pkdd8,PKDD-8,127,129.000,134.000,5115,150,41,0.146429,8.200000,66.245811,16.479265,0.828073,0.377666,1.400604,2.124209,0.037164,40.729622,3810,1.400604,-2.662210464477539,14,0.341463,0.01007993,0.01007993,0.00000010,0.01007993,0.01005640,0.00233443,1.178943,1.192154,-0.011205,0.023064,0.024311,-0.054033,0.955428,0.953663,-0.001765,0.00544331,1.73675860,0.995857
pkdd8,PKDD-8,128,130.000,135.000,4996,150,42,0.150000,8.400000,66.100273,16.532343,0.826253,0.377342,1.414136,2.183485,0.037164,41.798061,3661,1.414136,-2.582470178604126,18,0.428571,0.00968178,0.00968177,0.00000043,0.00968178,0.00965751,0.00250580,1.180416,1.193993,-0.011502,0.023322,0.024607,-0.055083,0.954783,0.952961,-0.001822,0.00543418,1.69417602,0.996204
pkdd8,PKDD-8,129,131.000,136.000,4861,150,40,0.142857,8.000000,65.976341,16.523872,0.824704,0.293411,0.855739,2.233035,0.037164,42.709450,3498,0.855739,-2.585055112838745,22,0.550000,0.00898226,0.00898226,0.00000011,0.00898226,0.00895831,0.00266669,1.170577,1.185047,-0.012362,0.021996,0.023364,-0.062189,0.957343,0.955395,-0.001949,0.00539129,1.61544598,0.995067
pkdd8,PKDD-8,130,132.000,137.000,4561,150,38,0.135714,7.600000,66.180939,16.541208,0.827262,0.248003,0.336851,2.215742,0.037164,42.555218,3199,0.336851,-2.6818013191223145,17,0.447368,0.00830130,0.00830129,0.00000037,0.00830130,0.00827666,0.00296739,1.175837,1.184734,-0.007567,0.022591,0.023325,-0.032474,0.956148,0.955118,-0.001029,0.00519760,1.52167570,0.995048
pkdd8,PKDD-8,131,133.000,138.000,4271,150,40,0.142857,8.000000,66.635925,16.051577,0.832949,0.243354,0.335877,2.218749,0.037164,42.810570,2939,0.335877,-2.6874845027923584,17,0.425000,0.00777167,0.00777167,0.00000007,0.00777167,0.00774647,0.00324272,1.179367,1.181098,-0.001468,0.023165,0.023125,0.001694,0.955102,0.955205,0.000103,0.00472728,1.46271659,0.997328
pkdd8,PKDD-8,132,134.000,139.000,4042,150,37,0.132143,7.400000,67.059418,15.478002,0.838243,0.248373,0.339570,2.348264,0.272403,45.357384,2738,0.339570,-2.64093279838562,20,0.540541,0.00746609,0.00746609,0.00000014,0.00746609,0.00743997,0.00349854,1.179116,1.181184,-0.001754,0.023071,0.023030,0.001790,0.955307,0.955410,0.000102,0.00458896,1.42910745,0.998139
pkdd8,PKDD-8,133,135.000,140.000,3869,150,37,0.132143,7.400000,67.083458,15.586501,0.838543,0.258584,0.352329,2.645373,0.437070,51.026165,2565,0.352329,-2.32416033744812,20,0.540541,0.00716491,0.00716491,-0.00000029,0.00716491,0.00713891,0.00362987,1.176884,1.179314,-0.002065,0.022856,0.022817,0.001664,0.955656,0.955759,0.000103,0.00431680,1.44944740,0.997934
pkdd8,PKDD-8,134,136.000,141.000,3703,150,33,0.117857,6.600000,67.089165,15.891616,0.838615,0.260810,0.356879,2.901017,0.597745,55.921822,2399,0.356879,-2.128164291381836,12,0.363636,0.00693784,0.00693784,-0.00000015,0.00693784,0.00691157,0.00378702,1.180794,1.183047,-0.001908,0.023357,0.023320,0.001587,0.954597,0.954702,0.000105,0.00416364,1.52955395,0.998733
pkdd8,PKDD-8,135,137.000,142.000,3551,150,33,0.117857,6.600000,66.985283,16.189318,0.837316,0.258625,0.352875,3.152850,0.755952,60.758617,2245,0.352875,-1.853848934173584,18,0.545455,0.00662843,0.00662843,-0.00000039,0.00662843,0.00660235,0.00393430,1.179845,1.182224,-0.002016,0.023199,0.023157,0.001811,0.955105,0.955213,0.000108,0.00397200,1.61523818,0.998796
pkdd8,PKDD-8,136,138.000,143.000,3364,150,33,0.117857,6.600000,66.645569,16.493507,0.833070,0.244891,0.335058,3.446643,0.765819,66.186920,2043,0.335058,-1.5191670656204224,19,0.575758,0.00629137,0.00629138,-0.00000082,0.00629137,0.00626595,0.00404070,1.171194,1.174353,-0.002697,0.022078,0.022035,0.001942,0.957275,0.957385,0.000110,0.00353787,1.70779270,0.997299
pkdd8,PKDD-8,137,139.000,144.000,3166,150,32,0.114286,6.400000,66.125511,16.781502,0.826569,0.240002,0.333164,3.471966,0.765819,66.316010,1861,0.333164,-1.4849121570587158,16,0.500000,0.00610438,0.00610439,-0.00000067,0.00610438,0.00608017,0.00396704,1.181579,1.184539,-0.002505,0.023480,0.023439,0.001769,0.954294,0.954398,0.000104,0.00320356,1.83153605,0.993783
pkdd8,PKDD-8,138,140.000,145.000,3040,150,32,0.114286,6.400000,65.667885,16.921000,0.820849,0.217098,0.300563,3.318608,0.822357,62.910854,1765,0.300563,-1.629522681236267,12,0.375000,0.00601407,0.00601407,-0.00000086,0.00601407,0.00598979,0.00403663,1.176710,1.179418,-0.002301,0.022666,0.022622,0.001945,0.956118,0.956221,0.000103,0.00323608,1.92746034,0.993145
pkdd8,PKDD-8,139,141.000,146.000,2954,150,28,0.100000,5.600000,65.301956,16.971869,0.816274,0.216866,0.291491,3.167819,0.303746,59.639641,1713,0.291491,-1.8524373769760132,16,0.571429,0.00601212,0.00601212,-0.00000060,0.00601212,0.00598812,0.00399061,1.185841,1.189244,-0.002870,0.023849,0.023807,0.001765,0.953962,0.954064,0.000102,0.00294274,1.95573916,0.991576
pkdd8,PKDD-8,140,142.000,147.000,2938,150,26,0.092857,5.200000,65.111923,16.832438,0.813899,0.219127,0.289174,3.061354,0.232680,57.187004,1748,0.289174,-1.9990867376327515,21,0.807692,0.00597894,0.00597895,-0.00000086,0.00597894,0.00595561,0.00390223,1.185440,1.188874,-0.002897,0.023826,0.023786,0.001661,0.953952,0.954047,0.000095,0.00261361,2.14369715,0.989955
pkdd8,PKDD-8,141,143.000,148.000,2912,150,25,0.089286,5.000000,65.138924,16.784668,0.814237,0.234396,0.307181,2.984344,0.182494,55.348301,1738,0.307181,-2.1066386699676514,32,1.280000,0.00595888,0.00595888,-0.00000052,0.00595888,0.00593459,0.00407704,1.185249,1.188019,-0.002337,0.023748,0.023714,0.001436,0.954071,0.954155,0.000084,0.00257608,2.42403437,0.990963
pkdd8,PKDD-8,142,144.000,149.000,2888,150,24,0.085714,4.800000,65.201668,16.791889,0.815021,0.245453,0.317279,3.171059,0.182494,58.448120,1714,0.317279,-1.9301648139953613,32,1.333333,0.00577293,0.00577294,-0.00000036,0.00577293,0.00574740,0.00442256,1.182307,1.185530,-0.002726,0.023341,0.023305,0.001573,0.955175,0.955266,0.000091,0.00244834,2.94805847,0.993875
pkdd8,PKDD-8,143,145.000,150.000,2792,150,23,0.082143,4.600000,64.975731,16.961926,0.812197,0.262430,0.337524,3.337516,0.182494,61.410858,1618,0.337524,-1.756852388381958,32,1.391304,0.00561647,0.00561647,0.00000000,0.00561647,0.00559042,0.00463786,1.190249,1.193548,-0.002772,0.024601,0.024566,0.001419,0.952462,0.952555,0.000093,0.00225248,2.29716747,0.992742
pkdd8,PKDD-8,144,146.000,151.000,2728,150,24,0.085714,4.800000,64.650246,17.020750,0.808128,0.273895,0.354641,3.546682,0.182494,65.024834,1550,0.354641,-1.4939463138580322,27,1.125000,0.00537000,0.00537000,0.00000019,0.00537000,0.00534264,0.00509566,1.176314,1.178979,-0.002266,0.022784,0.022748,0.001555,0.955912,0.956004,0.000092,0.00190592,1.86800934,0.990404
pkdd8,PKDD-8,145,147.000,152.000,2626,150,23,0.082143,4.600000,64.077660,17.129333,0.800971,0.257096,0.347200,3.783420,0.182494,68.515747,1427,0.347200,-1.226217269897461,12,0.521739,0.00506946,0.00506946,0.00000061,0.00506946,0.00504179,0.00545926,1.178428,1.180834,-0.002042,0.023146,0.023106,0.001710,0.955019,0.955117,0.000099,0.00215770,1.65394992,0.991700
pkdd8,PKDD-8,146,148.000,153.000,2494,150,23,0.082143,4.600000,63.397190,17.361086,0.792465,0.257253,0.349180,3.822029,0.762891,68.342476,1294,0.349180,-1.1518477201461792,0,0.000000,0.00476530,0.00476530,0.00000076,0.00476530,0.00473800,0.00572889,1.184746,1.187288,-0.002146,0.024049,0.024007,0.001738,0.953130,0.953233,0.000104,0.00239946,1.51842729,0.991419
pkdd8,PKDD-8,147,149.000,154.000,2360,150,21,0.075000,4.200000,62.861301,17.633665,0.785766,0.253620,0.346583,3.628585,0.574883,64.303947,1160,0.346583,-1.3763322830200195,3,0.142857,0.00464763,0.00464763,0.00000066,0.00464763,0.00462043,0.00585322,1.167962,1.169689,-0.001479,0.022023,0.021993,0.001394,0.956867,0.956951,0.000085,0.00218960,1.41880706,0.990479
pkdd8,PKDD-8,148,150.000,155.000,2316,150,21,0.075000,4.200000,62.636269,17.691889,0.782953,0.250386,0.344288,3.731251,0.561592,66.410858,1133,0.344288,-1.2516179084777832,6,0.285714,0.00455812,0.00455811,0.00000102,0.00455812,0.00453150,0.00583958,1.169820,1.172019,-0.001880,0.022216,0.022189,0.001254,0.956459,0.956541,0.000081,0.00218849,1.37954286,0.989705
pkdd8,PKDD-8,149,151.000,156.000,2273,150,21,0.075000,4.200000,62.456562,17.817490,0.780707,0.239932,0.332623,3.818350,0.525507,68.550491,1120,0.332623,-1.1368722915649414,6,0.285714,0.00474086,0.00474086,0.00000076,0.00474086,0.00471558,0.00533422,1.183708,1.186678,-0.002509,0.024008,0.023974,0.001408,0.953019,0.953114,0.000095,0.00231261,1.41908414,0.992172
pkdd8,PKDD-8,150,152.000,157.000,2357,150,24,0.085714,4.800000,62.974728,18.048971,0.787184,0.248509,0.340288,4.012046,0.499857,73.625595,1176,0.340288,-0.8881224393844604,7,0.291667,0.00494415,0.00494414,0.00000104,0.00494415,0.00491922,0.00504225,1.178177,1.180629,-0.002081,0.023357,0.023334,0.000981,0.954173,0.954246,0.000074,0.00242348,1.45652300,0.991541
pkdd8,PKDD-8,151,153.000,158.000,2447,150,23,0.082143,4.600000,63.454159,18.242126,0.793177,0.230355,0.319399,4.114586,0.499857,76.484993,1236,0.319399,-0.814734935760498,7,0.304348,0.00520049,0.00520048,0.00000089,0.00520049,0.00517567,0.00477194,1.182241,1.185343,-0.002624,0.023850,0.023817,0.001374,0.953377,0.953475,0.000098,0.00248862,1.48263859,0.991101
pkdd8,PKDD-8,152,154.000,159.000,2579,150,26,0.092857,5.200000,63.960552,18.451771,0.799507,0.239640,0.327457,4.072502,0.499857,75.361931,1338,0.327457,-0.8295948505401611,4,0.153846,0.00532621,0.00532620,0.00000087,0.00532621,0.00530172,0.00459679,1.191497,1.195260,-0.003158,0.024928,0.024892,0.001441,0.951588,0.951695,0.000107,0.00283810,1.51427205,0.992382
pkdd8,PKDD-8,153,155.000,160.000,2658,150,25,0.089286,5.000000,64.506683,18.803173,0.806334,0.228722,0.309986,3.771718,0.499857,69.079536,1370,0.309986,-1.2099320888519287,1,0.040000,0.00552219,0.00552219,0.00000075,0.00552219,0.00549735,0.00449860,1.178906,1.182505,-0.003053,0.023107,0.023067,0.001747,0.955484,0.955595,0.000111,0.00280695,1.62462565,0.994654
pkdd8,PKDD-8,154,156.000,161.000,2778,150,27,0.096429,5.400000,65.019402,18.994432,0.812743,0.223839,0.295941,3.506430,0.499857,64.435410,1430,0.295941,-1.496439814567566,3,0.111111,0.00553911,0.00553910,0.00000019,0.00553911,0.00551415,0.00450623,1.181592,1.184435,-0.002406,0.023570,0.023531,0.001658,0.954549,0.954656,0.000106,0.00258711,1.70435054,0.996322
pkdd8,PKDD-8,155,157.000,162.000,2814,150,25,0.089286,5.000000,65.215706,19.090237,0.815196,0.225712,0.296149,3.207941,0.590069,58.836189,1488,0.296149,-1.876285195350647,3,0.120000,0.00561659,0.00561658,0.00000101,0.00561659,0.00559106,0.00454513,1.176328,1.179452,-0.002656,0.022711,0.022670,0.001833,0.956387,0.956499,0.000113,0.00228108,1.78161450,0.997345
pkdd8,PKDD-8,156,158.000,163.000,2881,150,22,0.078571,4.400000,65.467743,19.039709,0.818347,0.234977,0.312826,3.132370,0.590069,57.503151,1585,0.312826,-2.033586025238037,3,0.136364,0.00565355,0.00565355,0.00000146,0.00565355,0.00562847,0.00443758,1.181100,1.184536,-0.002910,0.023308,0.023273,0.001505,0.955191,0.955290,0.000099,0.00197887,1.88025031,0.997526
pkdd8,PKDD-8,157,159.000,164.000,2910,150,23,0.082143,4.600000,65.566063,18.972927,0.819576,0.222305,0.296723,3.179136,0.590069,58.941494,1641,0.296723,-1.9612497091293335,3,0.130435,0.00584095,0.00584095,0.00000141,0.00584095,0.00581658,0.00417327,1.178109,1.180431,-0.001971,0.022786,0.022745,0.001804,0.956140,0.956245,0.000105,0.00229520,1.99031974,0.997015
pkdd8,PKDD-8,158,160.000,165.000,3015,150,26,0.092857,5.200000,65.071953,18.984467,0.813399,0.227591,0.302131,3.305274,0.590069,61.967442,1761,0.302131,-1.7231354713439941,4,0.153846,0.00605800,0.00605799,0.00000119,0.00605800,0.00603469,0.00384715,1.184675,1.187240,-0.002165,0.023746,0.023692,0.002263,0.954060,0.954191,0.000132,0.00243152,2.08513683,0.995960
pkdd8,PKDD-8,159,161.000,166.000,3119,150,28,0.100000,5.600000,64.661125,18.936626,0.808264,0.226371,0.299765,3.356437,0.617794,62.697811,1895,0.299765,-1.5959904193878174,2,0.071429,0.00619873,0.00619872,0.00000149,0.00619873,0.00617455,0.00390110,1.182246,1.185696,-0.002919,0.023296,0.023224,0.003093,0.955065,0.955245,0.000179,0.00247748,2.17050728,0.995342
pkdd8,PKDD-8,160,162.000,167.000,3188,150,29,0.103571,5.800000,64.103584,18.994989,0.801295,0.235255,0.314308,3.359062,0.566658,62.234558,1970,0.314308,-1.5247840881347656,2,0.068966,0.00656264,0.00656264,0.00000039,0.00656264,0.00653824,0.00371857,1.192844,1.196180,-0.002796,0.025158,0.025086,0.002859,0.951118,0.951298,0.000180,0.00250907,2.30148930,0.993587
pkdd8,PKDD-8,161,163.000,168.000,3298,150,30,0.107143,6.000000,62.874176,19.506321,0.785927,0.254036,0.348092,3.312619,0.513471,60.868587,2051,0.348092,-1.4684295654296875,3,0.100000,0.00685249,0.00685249,-0.00000015,0.00685249,0.00682787,0.00359298,1.186742,1.189701,-0.002494,0.024256,0.024176,0.003290,0.953067,0.953265,0.000198,0.00298608,2.29521071,0.992276
pkdd8,PKDD-8,162,164.000,169.000,3379,150,30,0.107143,6.000000,61.595284,19.989954,0.769941,0.266699,0.369897,3.276978,0.441834,60.021290,2105,0.369897,-1.4242879152297974,3,0.100000,0.00693844,0.00693844,-0.00000037,0.00693844,0.00691224,0.00377572,1.184987,1.188263,-0.002765,0.023927,0.023846,0.003370,0.953825,0.954018,0.000193,0.00335966,2.29047488,0.992493
pkdd8,PKDD-8,163,165.000,170.000,3357,150,29,0.103571,5.800000,60.562984,20.487284,0.757037,0.268671,0.376214,3.132314,0.432226,57.118382,2068,0.376214,-1.5390591621398926,4,0.137931,0.00694818,0.00694819,-0.00000059,0.00694818,0.00692092,0.00392388,1.195646,1.199274,-0.003035,0.025488,0.025422,0.002603,0.950847,0.951014,0.000168,0.00344767,2.22058530,0.993604
pkdd8,PKDD-8,164,166.000,171.000,3307,150,29,0.103571,5.800000,59.496067,21.012587,0.743701,0.278611,0.404423,3.000719,0.432226,54.304829,1988,0.404423,-1.6142228841781616,7,0.241379,0.00704463,0.00704463,-0.00000051,0.00704463,0.00701742,0.00386300,1.181653,1.184983,-0.002818,0.023664,0.023616,0.002023,0.954363,0.954480,0.000117,0.00344153,2.09846614,0.992916
pkdd8,PKDD-8,165,167.000,172.000,3303,150,30,0.107143,6.000000,58.281006,21.402962,0.728513,0.292491,0.464000,2.839676,0.432226,50.825871,1954,0.464000,-1.7001807689666748,6,0.200000,0.00694890,0.00694890,-0.00000037,0.00694890,0.00692185,0.00389297,1.185536,1.189197,-0.003089,0.023777,0.023734,0.001817,0.954407,0.954526,0.000120,0.00388118,1.97180484,0.994782
pkdd8,PKDD-8,166,168.000,173.000,3277,150,30,0.107143,6.000000,57.622616,21.439842,0.720283,0.300104,0.485967,2.776935,0.432226,49.114281,1927,0.485967,-1.7287123203277588,6,0.200000,0.00693857,0.00693857,-0.00000044,0.00693857,0.00691071,0.00401550,1.184274,1.187614,-0.002820,0.023913,0.023877,0.001502,0.953758,0.953857,0.000099,0.00369938,1.94228200,0.996721
pkdd8,PKDD-8,167,169.000,174.000,3294,150,29,0.103571,5.800000,57.321556,21.417877,0.716519,0.306245,0.488496,2.759201,0.432226,48.728813,1944,0.488496,-1.7435020208358765,7,0.241379,0.00708843,0.00708843,-0.00000058,0.00708843,0.00706104,0.00386353,1.182678,1.186225,-0.002999,0.023950,0.023881,0.002850,0.953388,0.953572,0.000185,0.00378357,1.93116783,0.996542
pkdd8,PKDD-8,168,170.000,175.000,3383,150,29,0.103571,5.800000,57.402882,21.271492,0.717536,0.333293,0.523453,2.923778,0.824563,51.467945,2033,0.523453,-1.5582637786865234,5,0.172414,0.00729955,0.00729955,-0.00000056,0.00729955,0.00727233,0.00372852,1.192582,1.195150,-0.002153,0.025174,0.025005,0.006724,0.950990,0.951372,0.000382,0.00376991,1.89129375,0.996405
pkdd8,PKDD-8,169,171.000,176.000,3505,150,31,0.110714,6.200000,57.311451,21.121927,0.716393,0.349086,0.529572,3.166738,0.767190,54.793983,2141,0.529572,-1.2366938591003418,3,0.096774,0.00748927,0.00748928,-0.00000096,0.00748927,0.00746176,0.00367282,1.197292,1.200332,-0.002539,0.025543,0.025372,0.006680,0.950458,0.950845,0.000387,0.00350693,1.84725015,0.995524
pkdd8,PKDD-8,170,172.000,177.000,3619,150,32,0.114286,6.400000,57.328487,21.007025,0.716606,0.339791,0.484964,3.439675,0.666800,58.802937,2225,0.484964,-0.9106035232543945,3,0.093750,0.00761915,0.00761916,-0.00000122,0.00761915,0.00759138,0.00364480,1.185265,1.188245,-0.002514,0.024092,0.023923,0.007017,0.953201,0.953575,0.000374,0.00407360,1.79600641,0.991224
pkdd8,PKDD-8,171,173.000,178.000,3692,150,31,0.110714,6.200000,57.377922,21.052727,0.717224,0.328144,0.456469,3.569611,0.530984,60.264626,2268,0.456469,-0.7828810811042786,2,0.064516,0.00779112,0.00779113,-0.00000099,0.00779112,0.00776400,0.00348020,1.192950,1.195600,-0.002222,0.025106,0.024933,0.006893,0.951300,0.951683,0.000383,0.00444994,1.80688581,0.987835
pkdd8,PKDD-8,172,174.000,179.000,3773,150,34,0.121429,6.800000,57.616280,21.100651,0.720203,0.321950,0.448249,3.623121,0.399186,60.095974,2319,0.448249,-0.6757304668426514,2,0.058824,0.00789302,0.00789302,-0.00000078,0.00789302,0.00786629,0.00338572,1.190414,1.192771,-0.001980,0.024648,0.024511,0.005584,0.952460,0.952762,0.000303,0.00465928,1.80651976,0.985267
pkdd8,PKDD-8,173,175.000,180.000,3818,150,33,0.117857,6.600000,57.639103,21.185114,0.720489,0.296824,0.405421,3.452322,0.230719,56.594540,2334,0.405421,-0.8889263868331909,2,0.060606,0.00782092,0.00782093,-0.00000072,0.00782092,0.00779432,0.00340094,1.171255,1.173902,-0.002260,0.021971,0.021925,0.002125,0.957706,0.957827,0.000120,0.00453083,1.85051396,0.983563
pkdd8,PKDD-8,174,176.000,181.000,3778,150,32,0.114286,6.400000,57.776649,21.456684,0.722208,0.291339,0.400738,3.257020,0.226033,53.650040,2278,0.400738,-1.1322027444839478,2,0.062500,0.00786313,0.00786313,-0.00000046,0.00786313,0.00783815,0.00317686,1.177249,1.178571,-0.001124,0.022817,0.022763,0.002363,0.955982,0.956116,0.000135,0.00440606,1.99644966,0.981071
pkdd8,PKDD-8,175,177.000,182.000,3780,150,34,0.121429,6.800000,58.187119,21.663786,0.727339,0.292928,0.438643,3.107271,0.226033,52.182262,2280,0.438643,-1.2814255952835083,2,0.058824,0.00795210,0.00795210,-0.00000026,0.00795210,0.00792814,0.00301344,1.187958,1.190314,-0.001983,0.024390,0.024323,0.002762,0.952676,0.952848,0.000172,0.00383210,2.13435357,0.982448
pkdd8,PKDD-8,176,178.000,183.000,3820,150,32,0.114286,6.400000,58.369247,21.859619,0.729616,0.303051,0.474138,3.044090,0.226033,52.202938,2320,0.474138,-1.4002132415771484,3,0.093750,0.00800855,0.00800855,-0.00000058,0.00800855,0.00798430,0.00302741,1.177986,1.180588,-0.002209,0.022642,0.022508,0.005924,0.956491,0.956751,0.000260,0.00392666,2.17577667,0.983841
pkdd8,PKDD-8,177,179.000,184.000,3843,150,32,0.114286,6.400000,58.067219,22.089008,0.725840,0.326179,0.517770,3.016917,0.226033,52.511414,2343,0.517770,-1.4084184169769287,2,0.062500,0.00808739,0.00808740,-0.00000064,0.00808739,0.00806248,0.00308036,1.180782,1.183631,-0.002413,0.022933,0.022814,0.005184,0.955848,0.956091,0.000243,0.00446880,2.24624303,0.985082
pkdd8,PKDD-8,178,180.000,185.000,3861,150,32,0.114286,6.400000,57.607384,22.419468,0.720092,0.351051,0.561616,3.091107,0.226033,54.034393,2361,0.561616,-1.2900930643081665,5,0.156250,0.00827778,0.00827779,-0.00000062,0.00827778,0.00825340,0.00294536,1.184224,1.187532,-0.002793,0.023409,0.023291,0.005019,0.954951,0.955194,0.000242,0.00500433,2.29397236,0.985344
pkdd8,PKDD-8,179,181.000,186.000,3930,150,34,0.121429,6.800000,56.885616,22.578428,0.711070,0.344966,0.563118,3.124915,0.499364,54.622738,2430,0.563118,-1.169895052909851,4,0.117647,0.00822230,0.00822230,-0.00000038,0.00822230,0.00819739,0.00302995,1.181255,1.184870,-0.003060,0.023131,0.023013,0.005124,0.955488,0.955733,0.000245,0.00572223,2.19513104,0.986638
pkdd8,PKDD-8,180,182.000,187.000,3873,150,33,0.117857,6.600000,55.662411,22.934469,0.695780,0.349949,0.556501,3.039316,0.499364,52.622852,2373,0.556501,-1.2042828798294067,4,0.121212,0.00830783,0.00830784,-0.00000019,0.00830783,0.00828311,0.00297534,1.163964,1.166023,-0.001769,0.020483,0.020373,0.005394,0.960920,0.961131,0.000211,0.00592389,2.33392031,0.984595
pkdd8,PKDD-8,181,183.000,188.000,3885,150,37,0.132143,7.400000,54.864799,23.160000,0.685810,0.390556,0.854700,2.855860,0.007259,49.562710,2370,0.854700,-1.2752065658569336,8,0.216216,0.00840472,0.00840472,0.00000012,0.00840472,0.00838026,0.00291079,1.167689,1.169734,-0.001751,0.021262,0.021225,0.001743,0.958962,0.959070,0.000107,0.00614855,2.42223743,0.985736
pkdd8,PKDD-8,182,184.000,189.000,3912,150,35,0.125000,7.000000,54.591137,23.281883,0.682389,0.375106,0.831297,2.651950,0.007259,46.339687,2367,0.831297,-1.5221879482269287,10,0.285714,0.00843707,0.00843707,0.00000024,0.00843707,0.00841391,0.00274587,1.166539,1.168579,-0.001749,0.021213,0.021162,0.002429,0.959026,0.959146,0.000121,0.00617081,2.42059898,0.985884
pkdd8,PKDD-8,183,185.000,190.000,3921,150,32,0.114286,6.400000,54.455791,23.264437,0.680697,0.369765,0.813753,2.475648,0.007259,43.353813,2346,0.813753,-1.7679286003112793,7,0.218750,0.00844497,0.00844496,0.00000018,0.00844497,0.00842074,0.00286889,1.159050,1.160582,-0.001322,0.020348,0.020297,0.002517,0.960728,0.960848,0.000120,0.00592160,2.54827833,0.982882
pkdd8,PKDD-8,184,186.000,191.000,3917,150,31,0.110714,6.200000,54.504898,23.156391,0.681311,0.377014,0.809452,2.319440,0.007259,40.497326,2324,0.809452,-1.9640419483184814,8,0.258065,0.00844282,0.00844282,0.00000012,0.00844282,0.00841747,0.00300237,1.154573,1.156106,-0.001328,0.019856,0.019818,0.001869,0.961518,0.961612,0.000094,0.00611756,3.08110033,0.982064
pkdd8,PKDD-8,185,187.000,192.000,3914,150,30,0.107143,6.000000,54.724228,22.911163,0.684053,0.380241,0.802183,2.263162,0.007259,39.544838,2322,0.802183,-2.065938949584961,8,0.266667,0.00828226,0.00828226,-0.00000031,0.00828226,0.00825588,0.00318522,1.161746,1.163313,-0.001349,0.020870,0.020835,0.001709,0.959610,0.959705,0.000095,0.00627125,2.84087043,0.986125
pkdd8,PKDD-8,186,188.000,193.000,3827,150,29,0.103571,5.800000,54.764526,22.593735,0.684557,0.332719,0.468523,2.255033,0.285475,38.788521,2235,0.468523,-2.1067087650299072,4,0.137931,0.00802631,0.00802632,-0.00000013,0.00802631,0.00799920,0.00337886,1.159393,1.161019,-0.001403,0.020662,0.020625,0.001793,0.960038,0.960135,0.000097,0.00633051,2.69120346,0.986704
pkdd8,PKDD-8,187,189.000,194.000,3689,150,31,0.110714,6.200000,54.565407,22.269939,0.682068,0.322536,0.461507,2.367758,0.198659,40.166813,2126,0.461507,-1.9410213232040405,5,0.161290,0.00772632,0.00772632,0.00000000,0.00772632,0.00769800,0.00366557,1.151222,1.152644,-0.001235,0.019655,0.019617,0.001902,0.961922,0.962019,0.000098,0.00619059,2.39318138,0.987848
pkdd8,PKDD-8,188,190.000,195.000,3518,150,30,0.107143,6.000000,54.549194,22.050297,0.681865,0.306752,0.442307,2.513571,0.198659,42.552971,2002,0.442307,-1.815718173980713,5,0.166667,0.00724814,0.00724814,0.00000000,0.00724814,0.00722058,0.00380183,1.160172,1.161399,-0.001058,0.020767,0.020732,0.001718,0.959688,0.959779,0.000091,0.00588706,2.15928968,0.992544
pkdd8,PKDD-8,189,191.000,196.000,3259,150,27,0.096429,5.400000,54.663944,22.154785,0.683299,0.301436,0.432069,2.530807,0.198659,43.209354,1791,0.432069,-1.8796290159225464,7,0.259259,0.00679615,0.00679615,0.00000000,0.00679615,0.00676893,0.00400394,1.164016,1.165010,-0.000854,0.020911,0.020869,0.002022,0.959711,0.959807,0.000096,0.00592908,1.97395577,0.997316
pkdd8,PKDD-8,190,192.000,197.000,3018,150,26,0.092857,5.200000,55.108826,22.415888,0.688860,0.280287,0.417729,2.550849,0.198659,44.128384,1579,0.417729,-1.921947717666626,10,0.384615,0.00634257,0.00634256,0.00000065,0.00634257,0.00631550,0.00426699,1.167624,1.169060,-0.001230,0.021689,0.021649,0.001862,0.957960,0.958079,0.000118,0.00513892,1.84265915,0.997577
pkdd8,PKDD-8,191,193.000,198.000,2786,150,28,0.100000,5.600000,55.376945,22.611925,0.692212,0.265576,0.404496,2.924374,0.198659,50.451508,1392,0.404496,-1.5045247077941895,9,0.321429,0.00582431,0.00582430,0.00000080,0.00582431,0.00579771,0.00456636,1.170020,1.171598,-0.001349,0.021650,0.021601,0.002251,0.958452,0.958588,0.000136,0.00452873,1.72038063,0.997870
pkdd8,PKDD-8,192,194.000,199.000,2535,150,24,0.085714,4.800000,55.230289,22.975912,0.690379,0.260583,0.398837,3.130629,0.562979,54.439381,1172,0.398837,-1.3612844944000244,6,0.250000,0.00539284,0.00539283,0.00000067,0.00539284,0.00536641,0.00490098,1.180805,1.182091,-0.001089,0.022938,0.022889,0.002151,0.956053,0.956190,0.000137,0.00423838,1.64905905,0.998265
pkdd8,PKDD-8,193,195.000,200.000,2334,150,24,0.085714,4.800000,54.684120,23.250710,0.683552,0.243205,0.362377,3.210337,0.584472,56.596230,991,0.362377,-1.250215768814087,6,0.250000,0.00507729,0.00507728,0.00000101,0.00507729,0.00505135,0.00510797,1.177279,1.178195,-0.000778,0.022604,0.022536,0.002995,0.956556,0.956734,0.000177,0.00376699,1.66440769,0.994640
pkdd8,PKDD-8,194,196.000,201.000,2183,150,21,0.075000,4.200000,53.933826,23.446379,0.674173,0.217568,0.314423,3.586596,0.724656,63.099922,851,0.314423,-0.8558688163757324,3,0.142857,0.00477630,0.00477630,0.00000129,0.00477630,0.00475173,0.00514509,1.183473,1.184948,-0.001247,0.023616,0.023543,0.003088,0.954497,0.954685,0.000188,0.00350405,1.71792880,0.989597
pkdd8,PKDD-8,195,197.000,202.000,2033,150,21,0.075000,4.200000,52.914001,23.707001,0.661425,0.206827,0.291986,4.057150,0.966152,70.766808,731,0.291986,-0.2792874574661255,0,0.000000,0.00452269,0.00452268,0.00000102,0.00452269,0.00449748,0.00557288,1.168592,1.169643,-0.000899,0.021280,0.021211,0.003261,0.959299,0.959444,0.000146,0.00361511,1.75659449,0.987710
pkdd8,PKDD-8,196,198.000,203.000,1904,150,18,0.064286,3.600000,52.216961,24.251841,0.652712,0.211325,0.303967,3.983369,1.184415,71.352585,632,0.303967,-0.3758678436279297,4,0.222222,0.00453275,0.00453274,0.00000091,0.00453275,0.00450706,0.00566633,1.172814,1.174921,-0.001797,0.022267,0.022202,0.002885,0.957053,0.957189,0.000136,0.00377401,1.72582434,0.986723
pkdd8,PKDD-8,197,199.000,204.000,1898,150,18,0.064286,3.600000,52.510017,24.532413,0.656375,0.204393,0.310066,4.234451,1.184415,77.104683,656,0.310066,-0.11836326122283936,10,0.555556,0.00446641,0.00446641,0.00000104,0.00446641,0.00444041,0.00582215,1.190705,1.193376,-0.002243,0.024710,0.024595,0.004652,0.952414,0.952646,0.000233,0.00338682,1.80580404,0.984375
pkdd8,PKDD-8,198,200.000,205.000,1872,150,18,0.064286,3.600000,52.822918,24.885220,0.660286,0.196546,0.305451,4.226246,1.185963,76.586716,660,0.305451,-0.15160155296325684,10,0.555556,0.00434765,0.00434764,0.00000130,0.00434765,0.00432104,0.00611944,1.178818,1.182012,-0.002709,0.023002,0.022909,0.004056,0.955865,0.956054,0.000189,0.00356244,1.88344895,0.986110
pkdd8,PKDD-8,199,201.000,206.000,1879,150,16,0.057143,3.200000,53.699646,24.931107,0.671246,0.198272,0.301075,4.034560,1.214278,73.429253,716,0.301075,-0.4595792293548584,10,0.625000,0.00432579,0.00432579,0.00000048,0.00432579,0.00429797,0.00642957,1.168644,1.171222,-0.002207,0.021758,0.021682,0.003511,0.957955,0.958116,0.000160,0.00346093,1.96786075,0.989789
pkdd8,PKDD-8,200,202.000,207.000,1939,150,16,0.057143,3.200000,54.700031,24.595798,0.683750,0.193789,0.296508,3.829343,1.219024,70.175110,806,0.296508,-0.7508020401000977,10,0.625000,0.00430776,0.00430776,0.00000024,0.00430776,0.00428019,0.00639937,1.182365,1.184870,-0.002119,0.023608,0.023526,0.003489,0.954513,0.954685,0.000172,0.00311265,1.98019885,0.989178
pkdd8,PKDD-8,201,203.000,208.000,1996,150,17,0.060714,3.400000,55.730774,24.277628,0.696635,0.169623,0.250202,3.611953,1.227295,66.657692,893,0.250202,-1.0401898622512817,6,0.352941,0.00422542,0.00422542,0.00000006,0.00422542,0.00419747,0.00661620,1.171020,1.172992,-0.001684,0.021970,0.021903,0.003038,0.957390,0.957540,0.000150,0.00280849,2.01320657,0.984919
pkdd8,PKDD-8,202,204.000,209.000,2029,150,18,0.064286,3.600000,56.805264,24.113241,0.710066,0.176407,0.238881,3.148352,1.260354,58.508816,927,0.238881,-1.6005668640136719,0,0.000000,0.00427053,0.00427053,-0.00000042,0.00427053,0.00424357,0.00631249,1.159906,1.161792,-0.001627,0.020600,0.020583,0.000829,0.959848,0.959906,0.000058,0.00243643,1.92926308,0.984717
pkdd8,PKDD-8,203,205.000,210.000,2120,150,17,0.060714,3.400000,58.304276,23.878635,0.728803,0.207893,0.282461,3.022720,1.301696,56.754383,982,0.282461,-1.846588134765625,0,0.000000,0.00446796,0.00446796,-0.00000069,0.00446796,0.00444146,0.00593093,1.166592,1.168379,-0.001531,0.021470,0.021455,0.000732,0.958118,0.958173,0.000055,0.00269925,1.99344188,0.986333
pkdd8,PKDD-8,204,206.000,211.000,2239,150,19,0.067857,3.800000,59.063282,23.629868,0.738291,0.214722,0.297806,3.054437,1.348469,56.853065,1041,0.297806,-1.8051657676696777,1,0.052632,0.00486336,0.00486336,0.00000021,0.00486336,0.00483698,0.00542503,1.165574,1.167623,-0.001758,0.021457,0.021436,0.000961,0.958211,0.958277,0.000066,0.00284704,2.02799612,0.988934
pkdd8,PKDD-8,205,207.000,212.000,2440,150,23,0.082143,4.600000,59.885452,23.230408,0.748568,0.221787,0.310699,3.332275,0.673805,59.134907,1183,0.310699,-1.4546864032745361,4,0.173913,0.00527918,0.00527917,0.00000088,0.00527918,0.00525283,0.00499129,1.168389,1.170685,-0.001965,0.021926,0.021903,0.001020,0.957113,0.957185,0.000072,0.00278702,2.18409457,0.988978
pkdd8,PKDD-8,206,208.000,213.000,2613,150,23,0.082143,4.600000,60.039181,23.017357,0.750490,0.233228,0.316154,3.289903,0.673805,57.227345,1280,0.316154,-1.495204210281372,4,0.173913,0.00571263,0.00571262,0.00000072,0.00571263,0.00568730,0.00443295,1.173711,1.175143,-0.001221,0.022592,0.022563,0.001303,0.955871,0.955954,0.000083,0.00298064,2.42248495,0.991941
pkdd8,PKDD-8,207,209.000,214.000,2792,150,26,0.092857,5.200000,60.200417,22.833714,0.752505,0.241126,0.323547,3.278384,0.536744,56.707344,1418,0.323547,-1.4449383020401,7,0.269231,0.00609456,0.00609455,0.00000068,0.00609456,0.00606873,0.00423824,1.170640,1.172003,-0.001164,0.022227,0.022194,0.001496,0.956529,0.956621,0.000093,0.00310585,2.71175069,0.993409
pkdd8,PKDD-8,208,210.000,215.000,2936,150,25,0.089286,5.000000,60.023247,22.679047,0.750291,0.236246,0.321786,3.284152,0.481461,56.434135,1561,0.321786,-1.4378145933151245,10,0.400000,0.00634340,0.00634340,0.00000049,0.00634340,0.00631733,0.00410921,1.179427,1.180759,-0.001129,0.023375,0.023340,0.001514,0.954440,0.954540,0.000101,0.00290454,2.60581848,0.990862
pkdd8,PKDD-8,209,211.000,216.000,3004,150,25,0.089286,5.000000,59.780163,22.694344,0.747252,0.238963,0.329048,3.290103,0.481461,56.471100,1629,0.329048,-1.4138988256454468,9,0.360000,0.00639721,0.00639721,0.00000016,0.00639721,0.00637133,0.00404505,1.179410,1.180416,-0.000853,0.023356,0.023315,0.001753,0.954599,0.954705,0.000106,0.00332401,2.83431551,0.990644
pkdd8,PKDD-8,210,212.000,217.000,2982,150,25,0.089286,5.000000,59.116375,22.707159,0.738955,0.239189,0.326320,3.078810,0.481461,53.766869,1606,0.326320,-1.6064997911453247,6,0.240000,0.00639480,0.00639480,-0.00000016,0.00639480,0.00636904,0.00402790,1.171053,1.171727,-0.000576,0.022136,0.022092,0.001991,0.957166,0.957272,0.000106,0.00369924,2.87201390,0.992864
pkdd8,PKDD-8,211,213.000,218.000,2964,150,24,0.085714,4.800000,58.889286,22.693829,0.736116,0.240695,0.336789,3.134260,0.481461,54.719910,1575,0.336789,-1.5576931238174438,6,0.250000,0.00619877,0.00619877,-0.00000017,0.00619877,0.00617236,0.00426063,1.170646,1.171699,-0.000900,0.022221,0.022177,0.001958,0.957017,0.957121,0.000104,0.00390991,2.86972598,0.992574
pkdd8,PKDD-8,212,214.000,219.000,2848,150,24,0.085714,4.800000,58.374947,22.954369,0.729687,0.221966,0.320145,3.160181,0.481461,54.486542,1442,0.320145,-1.50582754611969,3,0.125000,0.00594984,0.00594984,-0.00000035,0.00594984,0.00592314,0.00448628,1.177991,1.178730,-0.000627,0.023091,0.023042,0.002126,0.955385,0.955493,0.000108,0.00343918,2.47996249,0.992688
pkdd8,PKDD-8,213,215.000,220.000,2708,150,24,0.085714,4.800000,57.585861,23.231014,0.719823,0.257396,0.476117,3.205041,0.750902,54.205048,1277,0.476117,-1.4111531972885132,1,0.041667,0.00582260,0.00582261,-0.00000044,0.00582260,0.00579505,0.00473262,1.170390,1.171147,-0.000647,0.022277,0.022228,0.002207,0.956693,0.956796,0.000104,0.00278248,2.08455277,0.996592
pkdd8,PKDD-8,214,216.000,221.000,2641,150,23,0.082143,4.600000,56.742191,23.464363,0.709277,0.294246,0.612906,3.172378,0.750902,52.528992,1180,0.612906,-1.4096072912216187,2,0.086957,0.00593905,0.00593905,-0.00000017,0.00593905,0.00591098,0.00472569,1.180875,1.182357,-0.001256,0.023830,0.023788,0.001749,0.953293,0.953397,0.000104,0.00271596,1.91690698,0.995663
pkdd8,PKDD-8,215,217.000,222.000,2698,150,26,0.092857,5.200000,56.445885,24.124069,0.705574,0.317978,0.641338,3.286105,0.750902,55.321407,1207,0.641338,-1.1988844871520996,5,0.192308,0.00612612,0.00612612,-0.00000017,0.00612612,0.00609774,0.00463305,1.179735,1.181525,-0.001517,0.023520,0.023483,0.001614,0.953970,0.954074,0.000104,0.00315447,1.80994062,0.993555
pkdd8,PKDD-8,216,218.000,223.000,2793,150,26,0.092857,5.200000,56.225910,24.586409,0.702824,0.320388,0.636214,3.299859,0.262107,56.667767,1301,0.636214,-1.1539634466171265,6,0.230769,0.00655188,0.00655188,-0.00000008,0.00655188,0.00652315,0.00438461,1.173134,1.174793,-0.001414,0.022566,0.022524,0.001829,0.956005,0.956115,0.000110,0.00337995,1.78173027,0.991493
pkdd8,PKDD-8,217,219.000,224.000,3015,150,28,0.100000,5.600000,56.458546,24.715462,0.705732,0.330043,0.629247,3.302279,0.000140,56.318436,1512,0.629247,-1.1135139465332031,14,0.500000,0.00690377,0.00690377,-0.00000022,0.00690377,0.00687480,0.00419660,1.177480,1.179351,-0.001589,0.023068,0.023015,0.002280,0.955309,0.955441,0.000132,0.00319384,1.85006473,0.990876
pkdd8,PKDD-8,218,220.000,225.000,3206,150,27,0.096429,5.400000,56.718693,24.871273,0.708984,0.313289,0.542073,3.300265,0.000140,56.206009,1691,0.542073,-1.142029047012329,14,0.518519,0.00716647,0.00716647,0.00000014,0.00716647,0.00713754,0.00403702,1.172290,1.173783,-0.001274,0.022174,0.022114,0.002688,0.957076,0.957238,0.000162,0.00393598,1.96922862,0.990191
pkdd8,PKDD-8,219,221.000,226.000,3349,150,27,0.096429,5.400000,57.125340,24.945250,0.714067,0.301954,0.442479,3.272313,0.000140,55.677944,1864,0.442479,-1.2024773359298706,15,0.555556,0.00706287,0.00706287,-0.00000015,0.00706287,0.00703409,0.00407394,1.174819,1.175725,-0.000771,0.022425,0.022364,0.002716,0.956738,0.956895,0.000157,0.00397835,2.10014365,0.991033
pkdd8,PKDD-8,220,222.000,227.000,3312,150,27,0.096429,5.400000,57.116814,24.914581,0.713960,0.293332,0.417900,3.318470,0.000140,53.171844,1817,0.417900,-1.161583423614502,14,0.518519,0.00677144,0.00677144,0.00000000,0.00677144,0.00674278,0.00423256,1.167714,1.168342,-0.000538,0.021682,0.021625,0.002647,0.957965,0.958113,0.000148,0.00381481,2.20075029,0.992509
pkdd8,PKDD-8,221,223.000,228.000,3184,150,26,0.092857,5.200000,56.869171,25.076616,0.710865,0.303256,0.428940,3.246860,0.000140,51.140125,1691,0.428940,-1.2649224996566772,13,0.500000,0.00623697,0.00623697,-0.00000017,0.00623697,0.00620898,0.00448742,1.168981,1.169319,-0.000290,0.021991,0.021938,0.002440,0.957152,0.957293,0.000141,0.00393998,2.31969159,0.996190
pkdd8,PKDD-8,222,224.000,229.000,2953,150,24,0.085714,4.800000,56.447079,25.369118,0.705588,0.305196,0.432149,3.177427,0.000218,50.033596,1498,0.432149,-1.3698140382766724,7,0.291667,0.00582972,0.00582971,0.00000071,0.00582972,0.00580186,0.00477928,1.164099,1.164815,-0.000616,0.021509,0.021464,0.002061,0.957734,0.957869,0.000135,0.00337693,2.42258641,0.997743
pkdd8,PKDD-8,223,225.000,230.000,2791,150,24,0.085714,4.800000,56.247459,25.470060,0.703093,0.292175,0.415406,3.173348,0.065443,51.190083,1373,0.415406,-1.375421404838562,7,0.291667,0.00546266,0.00546266,0.00000057,0.00546266,0.00543464,0.00512981,1.169875,1.171008,-0.000968,0.022391,0.022349,0.001873,0.956009,0.956125,0.000115,0.00268485,2.45434464,0.998641
pkdd8,PKDD-8,224,226.000,231.000,2649,150,23,0.082143,4.600000,56.070198,25.650072,0.700877,0.296956,0.410248,3.229954,0.299195,53.775715,1231,0.410248,-1.3288310766220093,5,0.217391,0.00525570,0.00525569,0.00000098,0.00525570,0.00522813,0.00524623,1.150696,1.151855,-0.001007,0.019794,0.019752,0.002083,0.961101,0.961213,0.000112,0.00282862,2.62014776,0.997392
pkdd8,PKDD-8,225,227.000,232.000,2588,150,22,0.078571,4.400000,56.371346,25.765257,0.704642,0.297366,0.412306,3.248822,0.299195,60.476551,1210,0.412306,-1.3499736785888672,3,0.136364,0.00516334,0.00516333,0.00000120,0.00516334,0.00513597,0.00530180,1.162360,1.163517,-0.000995,0.021337,0.021283,0.002527,0.958191,0.958327,0.000136,0.00314615,2.76789780,0.996876
pkdd8,PKDD-8,226,228.000,233.000,2593,150,23,0.082143,4.600000,56.637508,25.646845,0.707969,0.275889,0.392827,3.847050,0.299195,71.180008,1243,0.392827,-0.6862475275993347,3,0.130435,0.00509459,0.00509458,0.00000111,0.00509459,0.00506638,0.00553739,1.161353,1.162908,-0.001339,0.020950,0.020900,0.002354,0.959202,0.959331,0.000129,0.00342970,2.66700605,0.991252
pkdd8,PKDD-8,227,229.000,234.000,2572,150,23,0.082143,4.600000,56.364674,25.565117,0.704558,0.267323,0.381007,4.391315,0.299195,80.238342,1222,0.381007,-0.06978905200958252,1,0.043478,0.00497920,0.00497920,0.00000062,0.00497920,0.00495121,0.00562086,1.156449,1.157643,-0.001033,0.020231,0.020183,0.002360,0.960761,0.960877,0.000116,0.00288827,2.61117947,0.988177
pkdd8,PKDD-8,228,230.000,235.000,2512,150,22,0.078571,4.400000,55.999775,25.774035,0.699997,0.259208,0.362670,4.793334,0.462243,85.128159,1162,0.362670,0.37643980979919434,0,0.000000,0.00490155,0.00490155,0.00000042,0.00490155,0.00487351,0.00572219,1.152446,1.153660,-0.001053,0.019718,0.019671,0.002340,0.961838,0.961941,0.000103,0.00296599,2.66273652,0.985443
pkdd8,PKDD-8,229,231.000,236.000,2473,150,23,0.082143,4.600000,55.929924,26.089796,0.699124,0.221181,0.315732,5.200919,0.359206,90.343674,1123,0.315732,0.8466278314590454,0,0.000000,0.00474415,0.00474415,0.00000011,0.00474415,0.00471559,0.00602061,1.150731,1.151983,-0.001088,0.019547,0.019504,0.002188,0.962089,0.962188,0.000099,0.00275480,2.43548117,0.984029
pkdd8,PKDD-8,230,232.000,237.000,2395,150,22,0.078571,4.400000,55.629154,26.503641,0.695364,0.208624,0.294999,5.537098,0.288678,92.919632,1045,0.294999,1.2112092971801758,0,0.000000,0.00454331,0.00454331,-0.00000057,0.00454331,0.00451418,0.00641046,1.151422,1.153173,-0.001520,0.019366,0.019334,0.001672,0.962802,0.962885,0.000083,0.00306458,2.41688206,0.979322
pkdd8,PKDD-8,231,233.000,238.000,2285,150,19,0.067857,3.800000,55.435684,27.124247,0.692946,0.200590,0.282265,5.356335,0.265971,89.204895,935,0.282265,0.9661339521408081,0,0.000000,0.00460225,0.00460225,-0.00000045,0.00460225,0.00457359,0.00622750,1.159671,1.161402,-0.001492,0.020790,0.020741,0.002324,0.959885,0.960000,0.000115,0.00321188,2.44286968,0.985396
pkdd8,PKDD-8,232,234.000,239.000,2311,150,21,0.075000,4.200000,56.112068,27.334681,0.701401,0.202612,0.288888,5.190251,0.265971,88.939697,961,0.288888,0.785233736038208,1,0.047619,0.00477794,0.00477794,-0.00000065,0.00477794,0.00474917,0.00602102,1.158093,1.159348,-0.001083,0.020699,0.020660,0.001895,0.959836,0.959934,0.000098,0.00276455,2.51502311,0.986449
pkdd8,PKDD-8,233,235.000,240.000,2391,150,23,0.082143,4.600000,57.015396,27.201717,0.712692,0.195522,0.283596,5.009157,0.265971,88.277420,1041,0.283596,0.571641206741333,1,0.043478,0.00490584,0.00490584,-0.00000063,0.00490584,0.00487737,0.00580289,1.157787,1.158607,-0.000708,0.020476,0.020445,0.001525,0.960326,0.960410,0.000084,0.00276929,2.32605223,0.988012
pkdd8,PKDD-8,234,236.000,241.000,2440,150,23,0.082143,4.600000,57.268028,26.891409,0.715850,0.208603,0.302501,4.770523,0.265971,84.743774,1090,0.302501,0.29732179641723633,1,0.043478,0.00507304,0.00507304,-0.00000061,0.00507304,0.00504467,0.00559347,1.163550,1.164743,-0.001026,0.021157,0.021112,0.002129,0.959143,0.959248,0.000105,0.00286820,2.16357622,0.985854
pkdd8,PKDD-8,235,237.000,242.000,2513,150,24,0.085714,4.800000,57.433086,26.352604,0.717914,0.201612,0.295565,4.574020,0.265971,81.934090,1163,0.295565,0.09363937377929688,1,0.041667,0.00520500,0.00520500,-0.00000040,0.00520500,0.00517801,0.00518660,1.171350,1.172131,-0.000666,0.022306,0.022252,0.002423,0.956498,0.956625,0.000127,0.00273171,1.92486818,0.989988
pkdd8,PKDD-8,236,238.000,243.000,2562,150,22,0.078571,4.400000,57.185543,25.742664,0.714819,0.222894,0.313916,4.409241,0.706750,78.037415,1212,0.313916,-0.11149358749389648,1,0.045455,0.00523998,0.00523998,-0.00000020,0.00523998,0.00521425,0.00490902,1.159126,1.160296,-0.001009,0.020489,0.020442,0.002279,0.960167,0.960273,0.000106,0.00252194,1.72297951,0.985433
pkdd8,PKDD-8,237,239.000,244.000,2564,150,22,0.078571,4.400000,56.469627,25.199718,0.705870,0.234072,0.327606,4.071231,0.732829,69.762421,1214,0.327606,-0.44264698028564453,1,0.045455,0.00520097,0.00520097,0.00000020,0.00520097,0.00517658,0.00468838,1.161493,1.163065,-0.001353,0.020742,0.020697,0.002205,0.959813,0.959917,0.000105,0.00270066,1.53305308,0.983379
pkdd8,PKDD-8,238,240.000,245.000,2545,150,21,0.075000,4.200000,55.468025,24.628727,0.693350,0.248869,0.339677,3.842833,0.750151,64.429161,1195,0.339677,-0.6506605744361877,1,0.047619,0.00525104,0.00525104,0.00000039,0.00525104,0.00522675,0.00462525,1.166211,1.168162,-0.001673,0.021230,0.021181,0.002318,0.959099,0.959211,0.000112,0.00239087,1.37058819,0.984023
pkdd8,PKDD-8,239,241.000,246.000,2563,150,22,0.078571,4.400000,54.819351,24.015736,0.685242,0.248520,0.343402,3.602533,0.768695,60.146732,1213,0.343402,-0.8539571166038513,1,0.045455,0.00532246,0.00532246,0.00000039,0.00532246,0.00529857,0.00448796,1.173442,1.174990,-0.001320,0.022305,0.022266,0.001707,0.956813,0.956913,0.000100,0.00227594,1.24167195,0.988153
pkdd8,PKDD-8,240,242.000,247.000,2583,150,22,0.078571,4.400000,54.416031,23.539007,0.680200,0.255558,0.349764,3.218104,0.768695,53.784939,1233,0.349764,-1.2453532218933105,1,0.045455,0.00557852,0.00557852,0.00000000,0.00557852,0.00555448,0.00430871,1.167964,1.169448,-0.001270,0.021573,0.021542,0.001420,0.958203,0.958281,0.000078,0.00275647,1.19853135,0.987987
pkdd8,PKDD-8,241,243.000,248.000,2697,150,23,0.082143,4.600000,54.840008,23.111946,0.685500,0.252431,0.347298,3.067869,0.543167,52.175941,1347,0.347298,-1.406735897064209,7,0.304348,0.00590807,0.00590806,0.00000052,0.00590807,0.00588382,0.00410383,1.163854,1.164557,-0.000604,0.020955,0.020925,0.001448,0.959373,0.959445,0.000073,0.00287480,1.18892883,0.991772
pkdd8,PKDD-8,242,244.000,249.000,2844,150,25,0.089286,5.000000,55.477776,22.652317,0.693472,0.247923,0.340289,3.022849,0.442320,52.397015,1494,0.340289,-1.447005271911621,7,0.280000,0.00619044,0.00619043,0.00000075,0.00619044,0.00616550,0.00402861,1.179885,1.181235,-0.001144,0.023037,0.022993,0.001901,0.955396,0.955500,0.000103,0.00281083,1.19007446,0.995596
pkdd8,PKDD-8,243,245.000,250.000,2963,150,23,0.082143,4.600000,55.952908,22.277885,0.699411,0.245198,0.338395,2.874471,0.390521,50.069401,1613,0.338395,-1.6719077825546265,8,0.347826,0.00642954,0.00642953,0.00000080,0.00642954,0.00640486,0.00383782,1.173970,1.175278,-0.001114,0.022467,0.022423,0.001967,0.956236,0.956341,0.000105,0.00293393,1.23016326,0.995733
pkdd8,PKDD-8,244,246.000,251.000,3058,150,24,0.085714,4.800000,56.274929,21.970699,0.703437,0.242179,0.340989,2.821448,0.390521,49.334320,1708,0.340989,-1.7257212400436401,8,0.333333,0.00658078,0.00658077,0.00000094,0.00658078,0.00655545,0.00384846,1.170779,1.172381,-0.001368,0.022032,0.021985,0.002158,0.957104,0.957212,0.000108,0.00282109,1.26427734,0.991349
pkdd8,PKDD-8,245,247.000,252.000,3121,150,25,0.089286,5.000000,56.751072,21.640579,0.709388,0.245321,0.347852,2.808113,0.390521,49.378281,1796,0.347852,-1.7476274967193604,8,0.320000,0.00666672,0.00666671,0.00000139,0.00666672,0.00664115,0.00383544,1.172162,1.174382,-0.001893,0.022236,0.022192,0.001956,0.956859,0.956961,0.000102,0.00260646,1.25532330,0.990155
pkdd8,PKDD-8,246,248.000,253.000,3154,150,26,0.092857,5.200000,57.220028,21.342987,0.715250,0.248384,0.352881,2.796853,0.390521,49.711853,1844,0.352881,-1.7706615924835205,3,0.115385,0.00664944,0.00664943,0.00000139,0.00664944,0.00662270,0.00402216,1.175758,1.177990,-0.001899,0.022773,0.022728,0.001987,0.955870,0.955980,0.000110,0.00280552,1.23632619,0.988230
pkdd8,PKDD-8,247,249.000,254.000,3135,150,26,0.092857,5.200000,57.715801,21.244709,0.721448,0.242242,0.346588,2.732740,0.390521,49.186867,1825,0.346588,-1.8676011562347412,5,0.192308,0.00679358,0.00679358,0.00000076,0.00679358,0.00676742,0.00385123,1.167865,1.169115,-0.001071,0.021910,0.021872,0.001740,0.957208,0.957297,0.000088,0.00303395,1.24743999,0.986918
pkdd8,PKDD-8,248,250.000,255.000,3199,150,29,0.103571,5.800000,58.733242,21.108320,0.734166,0.235542,0.340982,2.738029,0.747597,50.240681,1889,0.340982,-1.8622376918792725,4,0.137931,0.00691677,0.00691676,0.00000067,0.00691677,0.00688995,0.00387698,1.171262,1.172181,-0.000785,0.022437,0.022399,0.001685,0.956177,0.956264,0.000087,0.00279753,1.29219014,0.985662
pkdd8,PKDD-8,249,251.000,256.000,3264,150,29,0.103571,5.800000,59.841259,20.920063,0.748016,0.235395,0.343206,2.916863,0.736624,54.257378,1954,0.343206,-1.728264331817627,5,0.172414,0.00706255,0.00706254,0.00000102,0.00706255,0.00703589,0.00377473,1.175112,1.176012,-0.000766,0.022668,0.022633,0.001560,0.955964,0.956050,0.000086,0.00277818,1.35615856,0.985157
pkdd8,PKDD-8,250,252.000,257.000,3335,150,29,0.103571,5.800000,60.798290,20.790024,0.759979,0.238590,0.363810,2.945220,0.472309,54.979172,1994,0.363810,-1.7576180696487427,11,0.379310,0.00704876,0.00704876,0.00000051,0.00704876,0.00702145,0.00387461,1.171068,1.171369,-0.000256,0.022122,0.022086,0.001651,0.956959,0.957043,0.000084,0.00286169,1.45976426,0.985144
pkdd8,PKDD-8,251,253.000,258.000,3332,150,29,0.103571,5.800000,61.438301,20.828993,0.767979,0.221822,0.347425,2.908523,0.472309,54.611904,1976,0.347425,-1.8417214155197144,11,0.379310,0.00696513,0.00696513,0.00000030,0.00696513,0.00693783,0.00391906,1.175954,1.176560,-0.000515,0.022660,0.022627,0.001482,0.955968,0.956046,0.000078,0.00318903,1.61422060,0.983510
pkdd8,PKDD-8,252,254.000,259.000,3302,150,29,0.103571,5.800000,61.868774,20.890665,0.773360,0.216030,0.340323,2.829482,0.472309,53.186909,1961,0.340323,-1.9655308723449707,11,0.379310,0.00672316,0.00672316,0.00000061,0.00672316,0.00669437,0.00428247,1.171098,1.171723,-0.000534,0.021829,0.021793,0.001646,0.957905,0.957988,0.000083,0.00282203,1.74290664,0.980294
pkdd8,PKDD-8,253,255.000,260.000,3197,150,28,0.100000,5.600000,61.819942,21.054104,0.772749,0.210622,0.329816,2.732050,0.472309,51.153877,1879,0.329816,-2.098487138748169,15,0.535714,0.00649887,0.00649886,0.00000087,0.00649887,0.00647058,0.00435259,1.175563,1.176527,-0.000821,0.022448,0.022416,0.001445,0.956748,0.956826,0.000078,0.00271948,1.80138870,0.980611
pkdd8,PKDD-8,254,256.000,261.000,3110,150,28,0.100000,5.600000,61.628365,21.163572,0.770355,0.197911,0.302438,2.593646,0.472309,48.487537,1792,0.302438,-2.2498207092285156,14,0.500000,0.00623209,0.00623209,0.00000050,0.00623209,0.00620398,0.00451116,1.160839,1.161505,-0.000574,0.020714,0.020682,0.001537,0.960055,0.960126,0.000071,0.00273142,1.81328050,0.982917
pkdd8,PKDD-8,255,257.000,262.000,3003,150,25,0.089286,5.000000,61.219383,21.354561,0.765242,0.193597,0.261827,2.608933,0.580127,48.900631,1691,0.261827,-2.263599157333374,8,0.320000,0.00629861,0.00629861,0.00000041,0.00629861,0.00627182,0.00425298,1.168136,1.168789,-0.000559,0.021574,0.021537,0.001748,0.958484,0.958569,0.000085,0.00296877,1.82546676,0.981342
pkdd8,PKDD-8,256,258.000,263.000,3063,150,28,0.100000,5.600000,61.230064,21.160116,0.765376,0.201502,0.269097,2.707111,0.657151,50.495522,1751,0.269097,-2.0926084518432617,7,0.250000,0.00640043,0.00640043,0.00000008,0.00640043,0.00637357,0.00419586,1.170009,1.170965,-0.000816,0.021980,0.021941,0.001795,0.957480,0.957576,0.000095,0.00287512,1.76997485,0.982665
pkdd8,PKDD-8,257,259.000,264.000,3141,150,29,0.103571,5.800000,61.339870,20.908598,0.766748,0.203517,0.281009,2.765484,0.645445,51.339195,1829,0.281009,-2.0129685401916504,16,0.551724,0.00645830,0.00645830,0.00000016,0.00645830,0.00643143,0.00416065,1.166719,1.168283,-0.001340,0.021579,0.021545,0.001558,0.958060,0.958144,0.000084,0.00285643,1.70584136,0.985643
pkdd8,PKDD-8,258,260.000,265.000,3197,150,28,0.100000,5.600000,61.421768,20.756882,0.767772,0.209009,0.297519,2.741506,0.469867,50.819740,1868,0.297519,-2.0629146099090576,21,0.750000,0.00649849,0.00649849,-0.00000032,0.00649849,0.00647098,0.00423358,1.156085,1.158253,-0.001875,0.020258,0.020224,0.001703,0.960566,0.960652,0.000086,0.00273494,1.65912604,0.981744
pkdd8,PKDD-8,259,261.000,266.000,3229,150,28,0.100000,5.600000,61.530666,20.721819,0.769133,0.213934,0.305271,2.564746,0.300038,47.388924,1905,0.305271,-2.2626571655273438,21,0.750000,0.00658326,0.00658326,-0.00000008,0.00658326,0.00655517,0.00426709,1.173833,1.176578,-0.002338,0.022591,0.022552,0.001719,0.955999,0.956099,0.000100,0.00278083,1.58237185,0.977905
pkdd8,PKDD-8,260,262.000,267.000,3279,150,29,0.103571,5.800000,61.566551,20.648762,0.769582,0.204276,0.292246,2.422205,0.221912,44.669273,1994,0.292246,-2.4087209701538086,25,0.862069,0.00643893,0.00643893,0.00000000,0.00643893,0.00640990,0.00450915,1.164849,1.167653,-0.002408,0.021533,0.021496,0.001739,0.958067,0.958160,0.000093,0.00280923,1.46167808,0.977984
pkdd8,PKDD-8,261,263.000,268.000,3209,150,30,0.107143,6.000000,61.262901,20.771000,0.765786,0.200883,0.285465,2.261771,0.019942,41.835754,1962,0.285465,-2.554819107055664,25,0.833333,0.00625085,0.00625084,0.00000049,0.00625085,0.00622210,0.00459946,1.155949,1.158199,-0.001947,0.020457,0.020419,0.001868,0.960085,0.960171,0.000086,0.00281757,1.35762261,0.980322
pkdd8,PKDD-8,262,264.000,269.000,3110,150,26,0.092857,5.200000,60.823734,20.985321,0.760297,0.208474,0.289150,2.158736,0.019942,39.991058,1881,0.289150,-2.7249560356140137,13,0.500000,0.00611997,0.00611997,0.00000050,0.00611997,0.00609178,0.00460609,1.165786,1.167437,-0.001416,0.021747,0.021707,0.001856,0.957901,0.957994,0.000093,0.00268561,1.24518973,0.977262
pkdd8,PKDD-8,263,265.000,270.000,3028,150,26,0.092857,5.200000,60.683311,21.227791,0.758541,0.218967,0.311142,2.109694,0.019942,39.190628,1823,0.311142,-2.7773051261901855,4,0.153846,0.00593644,0.00593644,0.00000052,0.00593644,0.00590860,0.00468989,1.172308,1.173333,-0.000875,0.022480,0.022439,0.001831,0.956593,0.956686,0.000093,0.00296573,1.15895184,0.978000
pkdd8,PKDD-8,264,266.000,271.000,2925,150,23,0.082143,4.600000,60.501225,21.520063,0.756265,0.228623,0.320822,2.042153,0.019942,38.082054,1750,0.320822,-2.90341854095459,6,0.260870,0.00583736,0.00583736,0.00000044,0.00583736,0.00580988,0.00470743,1.155563,1.156261,-0.000604,0.020190,0.020158,0.001581,0.961188,0.961264,0.000076,0.00322392,1.10596801,0.982264
pkdd8,PKDD-8,265,267.000,272.000,2867,150,23,0.082143,4.600000,60.306995,21.634930,0.753837,0.244414,0.343618,2.002177,0.019942,37.185253,1693,0.343618,-2.9378886222839355,4,0.173913,0.00577433,0.00577433,0.00000053,0.00577433,0.00574613,0.00488376,1.164132,1.165547,-0.001215,0.021312,0.021286,0.001212,0.958945,0.959016,0.000071,0.00308389,1.08296711,0.977078
pkdd8,PKDD-8,266,268.000,273.000,2827,150,24,0.085714,4.800000,60.171406,21.742601,0.752143,0.269922,0.394447,1.892797,0.342259,34.745110,1617,0.394447,-3.0284862518310547,4,0.166667,0.00584113,0.00584112,0.00000035,0.00584113,0.00581330,0.00476448,1.172814,1.175623,-0.002396,0.022384,0.022359,0.001123,0.956970,0.957042,0.000072,0.00308105,1.07825533,0.975975
pkdd8,PKDD-8,267,269.000,274.000,2847,150,26,0.092857,5.200000,60.482624,21.792231,0.756033,0.275737,0.409846,2.142970,0.330908,40.389606,1604,0.409846,-2.7288341522216797,5,0.192308,0.00590807,0.00590806,0.00000035,0.00590807,0.00587998,0.00475370,1.164398,1.167539,-0.002698,0.021277,0.021254,0.001063,0.958883,0.958947,0.000064,0.00337473,1.10118038,0.977225
pkdd8,PKDD-8,268,270.000,275.000,2865,150,25,0.089286,5.000000,60.536583,21.796026,0.756707,0.262327,0.386937,2.408473,0.330908,46.422863,1592,0.386937,-2.454592227935791,5,0.200000,0.00598578,0.00598577,0.00000052,0.00598578,0.00595740,0.00473996,1.159075,1.162526,-0.002977,0.020585,0.020563,0.001060,0.960143,0.960207,0.000064,0.00335019,1.15401180,0.975466
pkdd8,PKDD-8,269,271.000,276.000,2898,150,26,0.092857,5.200000,60.777111,21.863264,0.759714,0.269833,0.399110,2.666232,0.330908,52.448174,1590,0.399110,-2.1664388179779053,4,0.153846,0.00592629,0.00592629,0.00000043,0.00592629,0.00589805,0.00476531,1.168994,1.172835,-0.003286,0.022042,0.022015,0.001204,0.957023,0.957094,0.000071,0.00290105,1.21838110,0.977846
pkdd8,PKDD-8,270,272.000,277.000,2864,150,25,0.089286,5.000000,61.054482,22.251015,0.763181,0.261099,0.388947,2.786935,0.330908,55.433887,1523,0.388947,-2.072061538696289,3,0.120000,0.00586299,0.00586299,0.00000053,0.00586299,0.00583504,0.00476707,1.170378,1.173913,-0.003020,0.022105,0.022076,0.001276,0.956940,0.957020,0.000080,0.00288984,1.30239716,0.981548
pkdd8,PKDD-8,271,273.000,278.000,2829,150,26,0.092857,5.200000,61.502197,22.678965,0.768777,0.239635,0.343771,2.909146,0.330908,58.273979,1515,0.343771,-1.9532018899917603,5,0.192308,0.00564472,0.00564472,0.00000055,0.00564472,0.00561601,0.00508551,1.164037,1.166973,-0.002522,0.021324,0.021301,0.001098,0.958384,0.958457,0.000073,0.00313202,1.38485838,0.978532
pkdd8,PKDD-8,272,274.000,279.000,2725,150,24,0.085714,4.800000,61.732418,23.316395,0.771655,0.226816,0.319330,2.827207,0.349024,56.711750,1441,0.319330,-2.1021738052368164,6,0.250000,0.00553023,0.00553023,0.00000056,0.00553023,0.00550123,0.00524486,1.167285,1.170252,-0.002542,0.021763,0.021742,0.001003,0.957553,0.957626,0.000072,0.00315043,1.48750572,0.975297
pkdd8,PKDD-8,273,275.000,280.000,2696,150,26,0.092857,5.200000,62.767570,24.069384,0.784595,0.229949,0.324517,2.940243,0.349024,59.395924,1413,0.324517,-2.0038886070251465,6,0.230769,0.00549732,0.00549731,0.00000037,0.00549732,0.00546837,0.00526540,1.167647,1.170956,-0.002834,0.021868,0.021846,0.001008,0.957342,0.957415,0.000073,0.00263517,1.61970663,0.975846
pkdd8,PKDD-8,274,276.000,281.000,2720,150,28,0.100000,5.600000,64.084511,24.497253,0.801056,0.222099,0.314364,2.992984,0.414965,60.981636,1437,0.314364,-1.9906651973724365,5,0.178571,0.00545243,0.00545243,0.00000000,0.00545243,0.00542310,0.00537803,1.168732,1.172376,-0.003118,0.021830,0.021811,0.000873,0.957532,0.957602,0.000069,0.00276231,1.74835741,0.970153
pkdd8,PKDD-8,275,277.000,282.000,2744,150,26,0.092857,5.200000,65.208916,24.751169,0.815111,0.233546,0.328758,3.192504,0.322938,65.932434,1454,0.328758,-1.8820667266845703,7,0.269231,0.00538457,0.00538457,-0.00000010,0.00538457,0.00535546,0.00540490,1.158430,1.162064,-0.003137,0.020527,0.020504,0.001105,0.960140,0.960207,0.000067,0.00261280,1.82455027,0.974328
pkdd8,PKDD-8,276,278.000,283.000,2752,150,26,0.092857,5.200000,66.035316,24.879696,0.825441,0.254943,0.355352,3.441381,0.032883,71.810867,1443,0.355352,-1.6595473289489746,13,0.500000,0.00534531,0.00534532,-0.00000039,0.00534531,0.00531691,0.00531424,1.161197,1.164082,-0.002484,0.020798,0.020769,0.001397,0.959872,0.959947,0.000075,0.00241270,1.82852301,0.976632
pkdd8,PKDD-8,277,279.000,284.000,2773,150,24,0.085714,4.800000,66.535095,24.839119,0.831689,0.269461,0.367864,3.572539,0.032883,74.922386,1437,0.367864,-1.5891094207763672,15,0.625000,0.00523260,0.00523260,-0.00000010,0.00523260,0.00520412,0.00544170,1.156763,1.160408,-0.003152,0.020295,0.020263,0.001582,0.960824,0.960905,0.000081,0.00238016,1.80119417,0.976376
pkdd8,PKDD-8,278,280.000,285.000,2743,150,22,0.078571,4.400000,66.357948,24.689556,0.829474,0.258617,0.358241,3.592942,0.032883,75.524757,1406,0.358241,-1.6076834201812744,23,1.045455,0.00488167,0.00488167,-0.00000011,0.00488167,0.00485401,0.00566633,1.160311,1.163035,-0.002347,0.020705,0.020673,0.001556,0.960014,0.960092,0.000078,0.00263405,1.67865378,0.978813
pkdd8,PKDD-8,279,281.000,286.000,2570,150,22,0.078571,4.400000,65.605774,25.117163,0.820072,0.244188,0.341983,3.570302,0.032883,74.628227,1259,0.341983,-1.598834753036499,23,1.045455,0.00451967,0.00451967,-0.00000011,0.00451967,0.00449339,0.00581435,1.153911,1.156013,-0.001822,0.020044,0.020007,0.001811,0.961353,0.961431,0.000078,0.00253482,1.58456319,0.980509
pkdd8,PKDD-8,280,282.000,287.000,2378,150,20,0.071429,4.000000,64.822372,25.750219,0.810280,0.233109,0.325891,3.524858,0.032883,72.823280,1097,0.325891,-1.6481142044067383,20,1.000000,0.00427965,0.00427965,-0.00000060,0.00427965,0.00425466,0.00583982,1.152029,1.153812,-0.001548,0.019874,0.019840,0.001683,0.961633,0.961707,0.000074,0.00243616,1.54455216,0.970909
pkdd8,PKDD-8,281,283.000,288.000,2243,150,21,0.075000,4.200000,64.331032,26.334803,0.804138,0.226297,0.313721,3.667806,0.670961,74.979729,982,0.313721,-1.445394515991211,12,0.571429,0.00410754,0.00410755,-0.00000025,0.00410754,0.00408227,0.00615416,1.154206,1.156542,-0.002024,0.020210,0.020179,0.001542,0.960766,0.960840,0.000074,0.00226246,1.53212567,0.966145
pkdd8,PKDD-8,282,284.000,289.000,2140,150,20,0.071429,4.000000,64.041626,26.874773,0.800520,0.227249,0.315603,3.826534,0.600764,77.459877,903,0.315603,-1.2766509056091309,14,0.700000,0.00395003,0.00395004,-0.00000052,0.00395003,0.00392534,0.00625274,1.151992,1.152976,-0.000854,0.019831,0.019801,0.001527,0.961501,0.961573,0.000071,0.00236952,1.61356256,0.967462
pkdd8,PKDD-8,283,285.000,290.000,2033,150,19,0.067857,3.800000,64.025436,27.657978,0.800318,0.238208,0.332194,3.910276,0.488787,78.040596,797,0.332194,-1.2066705226898193,14,0.736842,0.00383646,0.00383646,-0.00000060,0.00383646,0.00381160,0.00648050,1.150488,1.152029,-0.001339,0.019665,0.019633,0.001647,0.961912,0.961994,0.000082,0.00246746,1.75178443,0.964869
pkdd8,PKDD-8,284,286.000,291.000,1947,150,15,0.053571,3.000000,63.797749,28.311693,0.797472,0.248835,0.344634,4.127925,0.488787,82.393150,685,0.344634,-1.0292613506317139,16,1.066667,0.00384757,0.00384757,0.00000000,0.00384757,0.00382225,0.00657923,1.157758,1.159315,-0.001345,0.020420,0.020385,0.001687,0.960481,0.960569,0.000089,0.00203312,1.74704654,0.966373
pkdd8,PKDD-8,285,287.000,292.000,1927,150,17,0.060714,3.400000,63.285938,28.423101,0.791074,0.235624,0.335792,4.505716,0.488787,88.668991,639,0.335792,-0.5409801006317139,16,0.941176,0.00378818,0.00378818,0.00000027,0.00378818,0.00376206,0.00689720,1.163014,1.164618,-0.001379,0.021037,0.020996,0.001952,0.959367,0.959466,0.000099,0.00192975,1.70632208,0.969695
pkdd8,PKDD-8,286,288.000,293.000,1871,150,19,0.067857,3.800000,62.521912,28.719675,0.781524,0.221430,0.330703,4.916345,0.488787,95.841652,583,0.330703,-0.002866029739379883,16,0.842105,0.00366149,0.00366149,0.00000063,0.00366149,0.00363568,0.00704865,1.165174,1.166853,-0.001442,0.021134,0.021090,0.002090,0.959314,0.959416,0.000103,0.00247857,1.72234640,0.971277
pkdd8,PKDD-8,287,289.000,294.000,1786,150,19,0.067857,3.800000,61.531727,29.201918,0.769147,0.215953,0.341484,5.101791,0.488787,97.625282,501,0.341484,0.2611982822418213,10,0.526316,0.00355496,0.00355496,0.00000087,0.00355496,0.00352990,0.00705041,1.162507,1.164829,-0.001997,0.020679,0.020639,0.001949,0.960333,0.960431,0.000098,0.00238215,1.62206583,0.967092
pkdd8,PKDD-8,288,290.000,295.000,1723,150,17,0.060714,3.400000,60.528229,29.435184,0.756603,0.225739,0.354188,5.079501,1.219479,95.126122,474,0.354188,0.26688337326049805,2,0.117647,0.00373140,0.00373140,0.00000069,0.00373140,0.00370621,0.00674971,1.155000,1.157222,-0.001924,0.019724,0.019686,0.001956,0.962213,0.962304,0.000091,0.00197475,1.60977358,0.970500
pkdd8,PKDD-8,289,291.000,296.000,1800,150,18,0.064286,3.600000,60.081375,29.215660,0.751017,0.239110,0.357929,5.439538,1.915204,97.648033,582,0.357929,0.7199277877807617,1,0.055556,0.00389276,0.00389276,0.00000059,0.00389276,0.00386685,0.00665626,1.161411,1.164083,-0.002301,0.020829,0.020780,0.002354,0.960020,0.960140,0.000120,0.00238629,1.70143400,0.967531
pkdd8,PKDD-8,290,292.000,297.000,1871,150,16,0.057143,3.200000,60.030502,29.239780,0.750381,0.248355,0.361082,5.509650,1.822342,98.000908,679,0.361082,0.7616883516311646,1,0.062500,0.00389749,0.00389749,0.00000112,0.00389749,0.00387083,0.00684069,1.153600,1.156800,-0.002774,0.020001,0.019958,0.002140,0.961292,0.961402,0.000110,0.00240266,1.78118787,0.965680
pkdd8,PKDD-8,291,293.000,298.000,1875,150,16,0.057143,3.200000,59.335987,29.591068,0.741700,0.260067,0.370942,5.107874,1.706151,87.229858,683,0.370942,0.3657867908477783,1,0.062500,0.00405749,0.00405749,0.00000063,0.00405749,0.00402991,0.00679796,1.151204,1.154280,-0.002671,0.019937,0.019899,0.001872,0.961172,0.961276,0.000104,0.00219438,1.81102054,0.958483
pkdd8,PKDD-8,292,294.000,299.000,1951,150,17,0.060714,3.400000,58.759930,29.376451,0.734499,0.261722,0.363639,4.899330,1.693275,81.362091,730,0.363639,0.19555068016052246,2,0.117647,0.00419508,0.00419508,0.00000086,0.00419508,0.00416665,0.00677685,1.153122,1.156095,-0.002578,0.020205,0.020165,0.001997,0.960476,0.960583,0.000107,0.00217503,1.89342165,0.961868
pkdd8,PKDD-8,293,295.000,300.000,2018,150,17,0.060714,3.400000,57.926704,28.991777,0.724084,0.254033,0.342201,4.787133,1.693275,77.469551,769,0.342201,0.12285232543945312,3,0.176471,0.00417517,0.00417517,0.00000062,0.00417517,0.00414665,0.00683178,1.155446,1.159406,-0.003428,0.020367,0.020327,0.001974,0.960122,0.960233,0.000111,0.00240014,1.87976929,0.961238
pkdd8,PKDD-8,294,296.000,301.000,2020,150,18,0.064286,3.600000,57.145809,28.599360,0.714323,0.238398,0.325516,4.429289,1.693275,70.937523,770,0.325516,-0.20564532279968262,2,0.111111,0.00416055,0.00416054,0.00000111,0.00416055,0.00413283,0.00666352,1.150813,1.154263,-0.002998,0.019764,0.019709,0.002777,0.961219,0.961369,0.000149,0.00221282,1.91273918,0.960744
pkdd8,PKDD-8,295,297.000,302.000,2029,150,17,0.060714,3.400000,56.420689,28.068783,0.705259,0.239183,0.329448,4.189107,1.693275,66.690514,779,0.329448,-0.44112956523895264,2,0.117647,0.00429100,0.00429100,0.00000084,0.00429100,0.00426402,0.00628867,1.155746,1.158594,-0.002465,0.020294,0.020240,0.002672,0.960272,0.960418,0.000146,0.00251880,2.01291927,0.963462
pkdd8,PKDD-8,296,298.000,303.000,2106,150,17,0.060714,3.400000,56.207764,27.239868,0.702597,0.225020,0.330916,4.197556,1.440907,68.627098,856,0.330916,-0.42105090618133545,2,0.117647,0.00421750,0.00421750,0.00000043,0.00421750,0.00419138,0.00619273,1.153404,1.156280,-0.002494,0.019769,0.019713,0.002831,0.961464,0.961610,0.000145,0.00268219,2.06990443,0.968289
pkdd8,PKDD-8,297,299.000,304.000,2086,150,16,0.057143,3.200000,55.431446,26.939566,0.692893,0.239804,0.389341,4.157316,0.695065,69.522812,894,0.389341,-0.4398338794708252,1,0.062500,0.00412619,0.00412619,0.00000000,0.00412619,0.00410060,0.00620317,1.158126,1.160566,-0.002107,0.020225,0.020167,0.002866,0.960980,0.961129,0.000149,0.00296059,2.09013988,0.967496
pkdd8,PKDD-8,298,300.000,305.000,2049,150,16,0.057143,3.200000,54.609249,27.062527,0.682616,0.259343,0.441107,4.175270,0.001065,71.684235,906,0.441107,-0.37339353561401367,0,0.000000,0.00398495,0.00398495,0.00000026,0.00398495,0.00395967,0.00634368,1.149722,1.151239,-0.001320,0.019287,0.019226,0.003124,0.962689,0.962836,0.000147,0.00339391,2.12299150,0.963809
pkdd8,PKDD-8,299,301.000,306.000,1977,150,15,0.053571,3.000000,53.562145,27.570807,0.669527,0.267231,0.449137,4.165437,0.001065,73.164688,864,0.449137,-0.3444317579269409,0,0.000000,0.00381292,0.00381292,-0.00000067,0.00381292,0.00378763,0.00663247,1.145281,1.146341,-0.000926,0.018612,0.018580,0.001737,0.963927,0.964001,0.000074,0.00322001,2.16144441,0.953950
pkdd8,PKDD-8,300,302.000,307.000,1886,150,16,0.057143,3.200000,51.999329,28.085800,0.649992,0.254827,0.444077,4.057299,0.001065,71.946823,790,0.444077,-0.35414624214172363,3,0.187500,0.00360083,0.00360083,-0.00000129,0.00360083,0.00357578,0.00695531,1.145833,1.146959,-0.000983,0.018533,0.018498,0.001916,0.964144,0.964225,0.000081,0.00302709,2.11804047,0.940456
pkdd8,PKDD-8,301,303.000,308.000,1776,150,16,0.057143,3.200000,50.202465,28.694790,0.627531,0.240674,0.424182,4.162086,0.001065,74.535568,680,0.424182,-0.12884771823883057,3,0.187500,0.00349270,0.00349270,-0.00000088,0.00349270,0.00346683,0.00740668,1.138192,1.138775,-0.000512,0.017526,0.017489,0.002103,0.966062,0.966142,0.000081,0.00261763,2.22626740,0.927055
pkdd8,PKDD-8,302,304.000,309.000,1715,150,15,0.053571,3.000000,49.084774,29.220573,0.613560,0.207361,0.353492,4.330255,0.001065,78.165543,590,0.353492,0.10869991779327393,3,0.200000,0.00350323,0.00350323,-0.00000081,0.00350323,0.00347634,0.00767585,1.139766,1.140351,-0.000513,0.017866,0.017831,0.001962,0.965191,0.965269,0.000078,0.00289850,2.61498957,0.911579
pkdd8,PKDD-8,303,305.000,310.000,1710,150,16,0.057143,3.200000,48.699558,29.329823,0.608744,0.187994,0.282507,4.877975,1.483547,88.623611,568,0.282507,0.766258716583252,6,0.375000,0.00367113,0.00367113,-0.00000077,0.00367113,0.00364408,0.00736671,1.139091,1.139652,-0.000492,0.017572,0.017542,0.001722,0.966119,0.966189,0.000070,0.00309648,2.49668072,0.905356
pkdd8,PKDD-8,304,306.000,311.000,1783,150,17,0.060714,3.400000,49.554577,29.136154,0.619432,0.187070,0.282414,5.266194,1.483547,96.371872,612,0.282414,1.1665602922439575,6,0.352941,0.00377718,0.00377718,-0.00000027,0.00377718,0.00375065,0.00702431,1.137780,1.138874,-0.000961,0.017508,0.017475,0.001883,0.966441,0.966514,0.000072,0.00305395,2.27044077,0.910443
pkdd8,PKDD-8,305,307.000,312.000,1829,150,15,0.053571,3.000000,50.412632,29.224527,0.630158,0.186955,0.279664,5.588925,1.483547,103.264137,641,0.279664,1.4315743446350098,3,0.200000,0.00379139,0.00379139,-0.00000027,0.00379139,0.00376405,0.00721109,1.144809,1.145902,-0.000955,0.018727,0.018698,0.001546,0.963840,0.963906,0.000065,0.00309256,1.99264567,0.921066
pkdd8,PKDD-8,306,308.000,313.000,1830,150,15,0.053571,3.000000,51.009506,29.626034,0.637619,0.189166,0.279982,5.636207,1.483547,104.067711,642,0.279982,1.4517334699630737,3,0.200000,0.00393196,0.00393196,-0.00000065,0.00393196,0.00390689,0.00637526,1.143008,1.144597,-0.001390,0.018531,0.018507,0.001315,0.964218,0.964277,0.000060,0.00369883,1.81311255,0.931833
pkdd8,PKDD-8,307,309.000,314.000,1888,150,17,0.060714,3.400000,51.501163,29.688166,0.643765,0.226613,0.422643,5.598097,1.483547,103.194031,671,0.422643,1.4246127605438232,3,0.176471,0.00410832,0.00410832,-0.00000050,0.00410832,0.00408871,0.00477389,1.138407,1.139939,-0.001346,0.018070,0.018045,0.001432,0.964831,0.964900,0.000069,0.00401440,1.69056800,0.943233
pkdd8,PKDD-8,308,310.000,315.000,1958,150,18,0.064286,3.600000,51.996391,29.450783,0.649955,0.255410,0.518942,5.014128,0.655312,92.508217,700,0.518942,0.7669163942337036,1,0.055556,0.00414065,0.00414066,-0.00000087,0.00414065,0.00412633,0.00345987,1.149056,1.150077,-0.000889,0.019546,0.019518,0.001417,0.961847,0.961918,0.000071,0.00379001,1.62989153,0.950153
pkdd8,PKDD-8,309,311.000,316.000,1959,150,19,0.067857,3.800000,51.709446,29.518862,0.646368,0.260254,0.536492,4.512543,0.655312,80.038391,691,0.536492,0.26185476779937744,2,0.105263,0.00449751,0.00449751,-0.00000069,0.00449751,0.00448755,0.00221415,1.151415,1.152359,-0.000819,0.019738,0.019715,0.001144,0.961331,0.961400,0.000069,0.00415424,1.48255474,0.960307
pkdd8,PKDD-8,310,312.000,317.000,2120,150,20,0.071429,4.000000,52.097942,28.728533,0.651224,0.272873,0.530976,4.203813,0.462821,69.774704,852,0.530976,-0.06311666965484619,2,0.100000,0.00508848,0.00508848,0.00000000,0.00508848,0.00508415,0.00085052,1.152789,1.154871,-0.001806,0.019699,0.019670,0.001434,0.961724,0.961808,0.000084,0.00482408,1.41238872,0.960096
pkdd8,PKDD-8,311,313.000,318.000,2402,150,23,0.082143,4.600000,52.878315,27.397259,0.660979,0.272418,0.519962,4.099979,0.462821,65.491318,1134,0.519962,-0.14873826503753662,2,0.086957,0.00561343,0.00561343,0.00000028,0.00561343,0.00561283,0.00010653,1.153208,1.155472,-0.001963,0.019894,0.019870,0.001192,0.961372,0.961451,0.000079,0.00504825,1.39691706,0.966887
pkdd8,PKDD-8,312,314.000,319.000,2650,150,24,0.085714,4.800000,53.562996,26.283072,0.669537,0.273123,0.506549,3.964983,0.462821,61.671932,1411,0.506549,-0.30684518814086914,2,0.083333,0.00601738,0.00601738,0.00000077,0.00601738,0.00601733,0.00000812,1.161982,1.164441,-0.002117,0.020903,0.020876,0.001316,0.959606,0.959689,0.000083,0.00521907,1.38690075,0.972488
pkdd8,PKDD-8,313,315.000,320.000,2846,150,24,0.085714,4.800000,53.838676,25.439829,0.672983,0.285975,0.519396,3.838203,0.462821,57.967346,1637,0.519396,-0.44566088914871216,1,0.041667,0.00653202,0.00653201,0.00000095,0.00653202,0.00653202,0.00000000,1.157658,1.160553,-0.002501,0.020366,0.020340,0.001283,0.960660,0.960745,0.000085,0.00556249,1.40915021,0.976400
pkdd8,PKDD-8,314,316.000,321.000,3108,150,26,0.092857,5.200000,54.495487,24.540194,0.681194,0.350876,0.745957,3.575298,0.462821,53.726234,1879,0.745957,-0.7282992005348206,4,0.153846,0.00682598,0.00682597,0.00000090,0.00682598,0.00682598,0.00000000,1.163328,1.166102,-0.002384,0.021216,0.021184,0.001512,0.958882,0.958974,0.000091,0.00607002,1.46278717,0.978921
pkdd8,PKDD-8,315,317.000,322.000,3245,150,27,0.096429,5.400000,54.614166,23.770567,0.682677,0.411018,0.870140,3.111824,0.161954,47.218655,2002,0.870140,-1.2166011333465576,6,0.222222,0.00718803,0.00718802,0.00000072,0.00718803,0.00718803,0.00000000,1.169651,1.171999,-0.002008,0.022105,0.022067,0.001733,0.957119,0.957224,0.000105,0.00645660,1.51635864,0.983490
pkdd8,PKDD-8,316,318.000,323.000,3407,150,31,0.110714,6.200000,54.718540,22.910986,0.683982,0.481808,0.980501,2.693903,0.000559,41.034016,2142,0.980501,-1.5942659378051758,15,0.483871,0.00755603,0.00755602,0.00000054,0.00755603,0.00755603,0.00000000,1.168762,1.170998,-0.001913,0.021789,0.021749,0.001837,0.957869,0.957974,0.000105,0.00619035,1.60994868,0.984409
pkdd8,PKDD-8,317,319.000,324.000,3579,150,32,0.114286,6.400000,54.968834,22.072109,0.687110,0.521300,1.016315,2.504908,0.000559,37.523777,2254,1.016315,-1.7868560552597046,18,0.562500,0.00790779,0.00790779,0.00000020,0.00790779,0.00790779,0.00000000,1.173077,1.175481,-0.002049,0.022536,0.022493,0.001934,0.956186,0.956296,0.000111,0.00615523,1.71362377,0.986538
pkdd8,PKDD-8,318,320.000,325.000,3744,150,31,0.110714,6.200000,55.183071,21.300442,0.689788,0.549428,1.045727,2.379481,0.000165,35.590179,2375,1.045727,-1.948669672012329,21,0.677419,0.00818864,0.00818864,0.00000019,0.00818864,0.00818864,0.00000000,1.184401,1.186467,-0.001744,0.023990,0.023931,0.002457,0.953307,0.953448,0.000141,0.00591774,1.77891743,0.987565
pkdd8,PKDD-8,319,321.000,326.000,3872,150,30,0.107143,6.000000,54.874020,20.281187,0.685925,0.535021,0.958026,2.285844,0.000165,34.343948,2532,0.958026,-2.0430634021759033,18,0.600000,0.00844827,0.00844827,0.00000030,0.00844827,0.00844827,0.00000000,1.180819,1.182817,-0.001692,0.023403,0.023350,0.002268,0.954621,0.954752,0.000132,0.00540938,1.86040703,0.989773
pkdd8,PKDD-8,320,322.000,327.000,4004,150,29,0.103571,5.800000,54.956940,19.423893,0.686962,0.516839,0.880753,2.296581,0.000165,34.472958,2678,0.880753,-2.056565761566162,16,0.551724,0.00843451,0.00843451,0.00000055,0.00843451,0.00843451,0.00000000,1.180549,1.182793,-0.001901,0.023419,0.023375,0.001898,0.954540,0.954658,0.000119,0.00488529,1.96678205,0.993042
pkdd8,PKDD-8,321,323.000,328.000,4010,150,28,0.100000,5.600000,55.086037,18.808455,0.688575,0.496548,0.778182,2.288225,0.000165,34.563393,2680,0.778182,-2.0980467796325684,8,0.285714,0.00831559,0.00831559,0.00000025,0.00831559,0.00831559,0.00000000,1.183586,1.186111,-0.002134,0.023983,0.023937,0.001942,0.953343,0.953472,0.000128,0.00470497,2.00686043,0.993864
pkdd8,PKDD-8,322,324.000,329.000,3960,150,28,0.100000,5.600000,55.205273,18.238712,0.690066,0.479663,0.710944,2.152867,0.000165,33.466183,2660,0.710944,-2.264836311340332,9,0.321429,0.00806880,0.00806880,0.00000006,0.00806880,0.00806880,0.00000000,1.189414,1.192527,-0.002618,0.024520,0.024474,0.001877,0.952600,0.952737,0.000137,0.00398515,2.06344016,0.992294
pkdd8,PKDD-8,323,325.000,330.000,3854,150,27,0.096429,5.400000,55.359852,17.753122,0.691998,0.447536,0.601263,2.018979,0.074228,31.868538,2573,0.601263,-2.4557368755340576,6,0.222222,0.00771842,0.00771842,-0.00000013,0.00771842,0.00771842,0.00000000,1.176950,1.179940,-0.002540,0.022861,0.022830,0.001340,0.955850,0.955954,0.000104,0.00389181,2.04235612,0.991071
pkdd8,PKDD-8,324,326.000,331.000,3679,150,28,0.100000,5.600000,55.657883,17.415434,0.695724,0.433313,0.547441,2.022202,0.503985,32.314198,2378,0.547441,-2.463512897491455,9,0.321429,0.00738896,0.00738896,0.00000000,0.00738896,0.00738896,0.00000000,1.183499,1.187198,-0.003125,0.023921,0.023888,0.001383,0.953643,0.953759,0.000117,0.00415946,2.02395326,0.987070
pkdd8,PKDD-8,325,327.000,332.000,3515,150,29,0.103571,5.800000,56.135372,17.185442,0.701692,0.423544,0.525772,2.072771,0.503985,33.371159,2185,0.525772,-2.43154239654541,9,0.310345,0.00702013,0.00702013,-0.00000015,0.00702013,0.00702013,0.00000000,1.179194,1.182802,-0.003060,0.023271,0.023231,0.001756,0.954973,0.955095,0.000122,0.00441989,2.03548634,0.982411
pkdd8,PKDD-8,326,328.000,333.000,3326,150,29,0.103571,5.800000,56.471249,17.000160,0.705891,0.397554,0.496836,2.124135,0.503985,34.645733,1992,0.496836,-2.4089694023132324,9,0.310345,0.00666416,0.00666416,0.00000000,0.00666416,0.00666416,0.00000000,1.180172,1.183349,-0.002693,0.023375,0.023335,0.001731,0.954636,0.954747,0.000111,0.00464167,1.99282491,0.980267
pkdd8,PKDD-8,327,329.000,334.000,3147,150,29,0.103571,5.800000,56.974152,16.855648,0.712177,0.365116,0.446055,2.380805,0.574252,40.117653,1813,0.446055,-2.1676101684570312,5,0.172414,0.00635195,0.00635195,-0.00000008,0.00635195,0.00635195,0.00000000,1.167611,1.169610,-0.001712,0.021912,0.021871,0.001878,0.957343,0.957441,0.000098,0.00427805,1.95298378,0.983505
pkdd8,PKDD-8,328,330.000,335.000,3001,150,27,0.096429,5.400000,57.554008,16.808119,0.719425,0.340719,0.412076,2.760349,0.654472,47.896622,1662,0.412076,-1.835236668586731,5,0.185185,0.00601114,0.00601114,0.00000017,0.00601114,0.00601114,0.00000000,1.174431,1.176883,-0.002088,0.022818,0.022775,0.001868,0.955561,0.955660,0.000099,0.00374543,1.97478515,0.985972
pkdd8,PKDD-8,329,331.000,336.000,2855,150,25,0.089286,5.000000,58.315105,16.991783,0.728939,0.314234,0.387756,3.116007,0.826771,55.555248,1506,0.387756,-1.5384045839309692,1,0.040000,0.00573399,0.00573398,0.00000027,0.00573399,0.00573399,0.00000000,1.169708,1.172628,-0.002496,0.022118,0.022076,0.001892,0.956941,0.957033,0.000092,0.00349840,1.97974632,0.985055
pkdd8,PKDD-8,330,332.000,337.000,2740,150,25,0.089286,5.000000,59.136837,17.221508,0.739210,0.274622,0.382511,3.763497,0.826771,69.323166,1390,0.382511,-0.8851763010025024,1,0.040000,0.00538271,0.00538271,0.00000048,0.00538271,0.00538271,0.00000000,1.167878,1.170172,-0.001965,0.021810,0.021771,0.001818,0.957520,0.957607,0.000087,0.00336327,1.99574430,0.984340
pkdd8,PKDD-8,331,333.000,338.000,2615,150,25,0.089286,5.000000,60.049850,17.542788,0.750623,0.249768,0.377863,4.404572,0.826771,82.430008,1265,0.377863,-0.24432969093322754,0,0.000000,0.00504447,0.00504447,0.00000082,0.00504447,0.00504447,0.00000000,1.171211,1.173617,-0.002054,0.022083,0.022038,0.002067,0.957152,0.957249,0.000097,0.00333376,2.02434789,0.983581
pkdd8,PKDD-8,332,334.000,339.000,2494,150,25,0.089286,5.000000,60.495277,18.054396,0.756191,0.239964,0.387766,4.757974,1.282042,88.246353,1144,0.387766,0.11617612838745117,0,0.000000,0.00495443,0.00495443,0.00000093,0.00495443,0.00495443,0.00000000,1.173085,1.176327,-0.002764,0.022304,0.022267,0.001654,0.956720,0.956805,0.000085,0.00357163,1.96596881,0.980847
pkdd8,PKDD-8,333,335.000,340.000,2467,150,26,0.092857,5.200000,61.195507,18.450323,0.764944,0.249927,0.413880,5.020992,1.274181,91.275261,1127,0.413880,0.3888002634048462,0,0.000000,0.00509909,0.00509909,0.00000091,0.00509909,0.00509909,0.00000000,1.174990,1.178529,-0.003012,0.022491,0.022451,0.001754,0.956575,0.956667,0.000093,0.00351929,1.92415455,0.981243
pkdd8,PKDD-8,334,336.000,341.000,2543,150,27,0.096429,5.400000,61.807007,18.558384,0.772588,0.229937,0.395111,5.030575,1.208406,89.094330,1233,0.395111,0.38295459747314453,0,0.000000,0.00516257,0.00516256,0.00000040,0.00516257,0.00516257,0.00000000,1.163700,1.166796,-0.002660,0.020881,0.020828,0.002558,0.959977,0.960088,0.000111,0.00345910,1.88959721,0.981540
pkdd8,PKDD-8,335,337.000,342.000,2584,150,28,0.100000,5.600000,62.127327,18.660383,0.776592,0.234726,0.399971,4.810141,1.208406,81.668427,1304,0.399971,0.1513657569885254,0,0.000000,0.00552196,0.00552196,0.00000019,0.00552196,0.00552196,0.00000000,1.176363,1.179290,-0.002488,0.022810,0.022753,0.002475,0.955919,0.956047,0.000127,0.00390099,1.75994222,0.982547
pkdd8,PKDD-8,336,338.000,343.000,2733,150,26,0.092857,5.200000,62.490269,18.621904,0.781128,0.282393,0.517040,4.527683,1.208406,74.443329,1483,0.517040,-0.2072964906692505,0,0.000000,0.00597273,0.00597274,-0.00000026,0.00597273,0.00597273,0.00000000,1.171838,1.175247,-0.002910,0.022354,0.022303,0.002276,0.956801,0.956920,0.000119,0.00436261,1.65717745,0.982202
pkdd8,PKDD-8,337,339.000,344.000,2933,150,27,0.096429,5.400000,62.965256,18.479383,0.787066,0.296142,0.537625,4.302108,1.161797,69.765961,1713,0.537625,-0.4568239450454712,0,0.000000,0.00626486,0.00626486,-0.00000016,0.00626486,0.00626486,0.00000000,1.173133,1.176068,-0.002501,0.022594,0.022543,0.002250,0.956127,0.956249,0.000123,0.00424863,1.59713530,0.980926
pkdd8,PKDD-8,338,340.000,345.000,3067,150,27,0.096429,5.400000,63.002220,18.570402,0.787528,0.288410,0.514189,3.977922,0.856262,63.548248,1867,0.514189,-0.8051403760910034,1,0.037037,0.00662835,0.00662835,-0.00000031,0.00662835,0.00662835,0.00000000,1.177231,1.180308,-0.002614,0.023163,0.023104,0.002548,0.954972,0.955110,0.000138,0.00460191,1.59498079,0.983246
pkdd8,PKDD-8,339,341.000,346.000,3250,150,29,0.103571,5.800000,63.195335,18.597679,0.789942,0.305257,0.515446,3.712850,0.000211,59.112171,2046,0.515446,-1.0590198040008545,1,0.034483,0.00697518,0.00697518,-0.00000044,0.00697518,0.00697518,0.00000000,1.184318,1.186659,-0.001976,0.023938,0.023886,0.002172,0.953539,0.953664,0.000125,0.00495357,1.59241960,0.984596
pkdd8,PKDD-8,340,342.000,347.000,3418,150,28,0.100000,5.600000,63.402767,18.714964,0.792535,0.306902,0.497665,3.534946,0.000211,56.382278,2197,0.497665,-1.282214641571045,5,0.178571,0.00715863,0.00715863,-0.00000043,0.00715863,0.00715863,0.00000000,1.178926,1.181483,-0.002168,0.023208,0.023159,0.002081,0.955159,0.955277,0.000118,0.00474247,1.60287195,0.985047
pkdd8,PKDD-8,341,343.000,348.000,3521,150,28,0.100000,5.600000,63.488987,18.843182,0.793612,0.292019,0.421595,3.313150,0.000211,53.063953,2297,0.421595,-1.5315381288528442,9,0.321429,0.00721405,0.00721405,-0.00000014,0.00721405,0.00721405,0.00000000,1.180692,1.182662,-0.001669,0.023420,0.023376,0.001912,0.954709,0.954820,0.000111,0.00438913,1.61974497,0.985182
pkdd8,PKDD-8,342,344.000,349.000,3553,150,28,0.100000,5.600000,63.596432,18.921194,0.794955,0.298671,0.417533,3.059114,0.000211,50.121536,2299,0.417533,-1.8166656494140625,11,0.392857,0.00730412,0.00730412,-0.00000014,0.00730412,0.00730412,0.00000000,1.179950,1.181894,-0.001647,0.023277,0.023230,0.002037,0.954940,0.955054,0.000114,0.00400608,1.66301598,0.985379
pkdd8,PKDD-8,343,345.000,350.000,3601,150,28,0.100000,5.600000,63.883331,18.716936,0.798542,0.304983,0.435619,2.896780,0.000211,49.322212,2317,0.435619,-2.016587018966675,11,0.392857,0.00725481,0.00725482,-0.00000043,0.00725481,0.00725481,0.00000000,1.185714,1.187115,-0.001181,0.023850,0.023810,0.001687,0.953947,0.954048,0.000102,0.00375686,1.63500508,0.981597
pkdd8,PKDD-8,344,346.000,351.000,3570,150,31,0.110714,6.200000,63.998058,18.580978,0.799976,0.307351,0.441991,2.922865,0.344025,51.519108,2260,0.441991,-1.935168981552124,12,0.387097,0.00727378,0.00727378,-0.00000014,0.00727378,0.00727378,0.00000000,1.185890,1.187850,-0.001652,0.023941,0.023905,0.001535,0.953622,0.953721,0.000099,0.00383707,1.63481505,0.981733
pkdd8,PKDD-8,345,347.000,352.000,3572,150,32,0.114286,6.400000,63.968399,18.279142,0.799605,0.305653,0.440955,2.828019,0.390264,52.067719,2249,0.440955,-2.019773483276367,11,0.343750,0.00724774,0.00724774,-0.00000036,0.00724774,0.00724774,0.00000000,1.175942,1.177909,-0.001673,0.022561,0.022561,-0.000012,0.956348,0.956386,0.000038,0.00389039,1.69765710,0.983052
pkdd8,PKDD-8,346,348.000,353.000,3558,150,31,0.110714,6.200000,63.621536,17.923620,0.795269,0.288659,0.417811,2.781802,0.390638,52.955532,2208,0.417811,-2.0676419734954834,7,0.225806,0.00728041,0.00728041,-0.00000035,0.00728041,0.00728041,0.00000000,1.185774,1.187448,-0.001411,0.023891,0.023885,0.000281,0.953681,0.953735,0.000054,0.00353846,1.78409326,0.983180
pkdd8,PKDD-8,347,349.000,354.000,3585,150,34,0.121429,6.800000,63.311596,17.475702,0.791395,0.260809,0.367920,2.778128,0.209947,53.096695,2235,0.367920,-1.996885061264038,11,0.323529,0.00718092,0.00718092,-0.00000029,0.00718092,0.00718092,0.00000000,1.184997,1.186689,-0.001428,0.023799,0.023794,0.000219,0.954078,0.954128,0.000049,0.00368256,1.86163147,0.983883
pkdd8,PKDD-8,348,350.000,355.000,3546,150,31,0.110714,6.200000,63.037209,17.236721,0.787965,0.244913,0.330121,2.829963,0.209947,53.902737,2196,0.330121,-1.981214165687561,10,0.322581,0.00717891,0.00717892,-0.00000029,0.00717891,0.00717891,0.00000000,1.173386,1.175078,-0.001442,0.022517,0.022514,0.000116,0.956356,0.956398,0.000042,0.00405173,1.97640595,0.986045
pkdd8,PKDD-8,349,351.000,356.000,3547,150,32,0.114286,6.400000,63.009884,16.976694,0.787624,0.230877,0.311459,2.739384,0.209947,52.309872,2197,0.311459,-2.0624940395355225,19,0.593750,0.00711908,0.00711909,-0.00000058,0.00711908,0.00711908,0.00000000,1.175454,1.176587,-0.000965,0.022973,0.022971,0.000089,0.955425,0.955466,0.000041,0.00380825,2.06075102,0.985969
pkdd8,PKDD-8,350,352.000,357.000,3528,150,32,0.114286,6.400000,63.151051,16.850334,0.789388,0.209709,0.283646,2.741383,0.209947,52.352806,2178,0.283646,-2.0722997188568115,16,0.500000,0.00703471,0.00703472,-0.00000037,0.00703471,0.00703471,0.00000000,1.178745,1.179891,-0.000972,0.023375,0.023341,0.001432,0.954628,0.954717,0.000089,0.00363471,2.05578296,0.986078
pkdd8,PKDD-8,351,353.000,358.000,3491,150,30,0.107143,6.000000,63.562244,16.930174,0.794528,0.203510,0.276904,2.718479,0.209947,51.963940,2141,0.276904,-2.1644446849823,16,0.533333,0.00699405,0.00699405,-0.00000015,0.00699405,0.00699405,0.00000000,1.172683,1.174704,-0.001724,0.022614,0.022581,0.001429,0.956091,0.956184,0.000092,0.00366582,2.01889272,0.985966
pkdd8,PKDD-8,352,354.000,359.000,3463,150,29,0.103571,5.800000,64.133972,17.126804,0.801675,0.198030,0.272765,2.730039,0.234660,52.495693,2113,0.272765,-2.201551914215088,10,0.344828,0.00714871,0.00714871,-0.00000058,0.00714871,0.00714871,0.00000000,1.171485,1.173186,-0.001452,0.022331,0.022300,0.001412,0.956663,0.956752,0.000089,0.00347617,2.01045911,0.985332
pkdd8,PKDD-8,353,355.000,360.000,3528,150,30,0.107143,6.000000,64.674171,17.239084,0.808427,0.205443,0.300487,2.887446,0.261782,55.583405,2178,0.300487,-2.0455474853515625,11,0.366667,0.00703543,0.00703544,-0.00000044,0.00703543,0.00703543,0.00000000,1.182446,1.184460,-0.001704,0.023743,0.023707,0.001518,0.953912,0.954013,0.000102,0.00340712,2.06612746,0.982907
pkdd8,PKDD-8,354,356.000,361.000,3475,150,30,0.107143,6.000000,65.006683,17.612007,0.812584,0.213405,0.321593,2.925296,0.293067,56.181946,2125,0.321593,-2.0259556770324707,1,0.033333,0.00699667,0.00699668,-0.00000029,0.00699667,0.00699667,0.00000000,1.172454,1.174479,-0.001727,0.022517,0.022481,0.001591,0.956189,0.956289,0.000099,0.00333475,2.16378275,0.982161
pkdd8,PKDD-8,355,357.000,362.000,3456,150,30,0.107143,6.000000,65.342270,17.960512,0.816778,0.240181,0.365487,3.003579,0.324140,57.108871,2106,0.365487,-1.958917498588562,1,0.033333,0.00703310,0.00703310,-0.00000029,0.00703310,0.00703310,0.00000000,1.176725,1.178458,-0.001472,0.022956,0.022915,0.001798,0.955602,0.955710,0.000108,0.00353751,2.23053811,0.980508
pkdd8,PKDD-8,356,358.000,363.000,3463,150,31,0.110714,6.200000,65.740433,18.125151,0.821755,0.264144,0.402949,3.147414,0.383253,59.151276,2113,0.402949,-1.805505633354187,1,0.032258,0.00701456,0.00701456,-0.00000044,0.00701456,0.00701456,0.00000000,1.184241,1.185689,-0.001223,0.023851,0.023800,0.002154,0.953938,0.954057,0.000119,0.00369052,2.40003293,0.980446
pkdd8,PKDD-8,357,359.000,364.000,3452,150,32,0.114286,6.400000,65.776817,18.379347,0.822210,0.289983,0.456452,3.272640,0.430594,60.000439,2127,0.456452,-1.658699870109558,2,0.062500,0.00676054,0.00676054,0.00000000,0.00676054,0.00676054,0.00000000,1.179958,1.181763,-0.001530,0.023313,0.023258,0.002367,0.955006,0.955139,0.000132,0.00361248,2.51879838,0.979687
pkdd8,PKDD-8,358,360.000,365.000,3323,150,29,0.103571,5.800000,65.861870,18.864523,0.823273,0.331253,0.517964,3.269475,0.527328,58.170300,2050,0.517964,-1.7313520908355713,6,0.206897,0.00663217,0.00663217,0.00000047,0.00663217,0.00663217,0.00000000,1.176597,1.177826,-0.001044,0.022584,0.022523,0.002670,0.956615,0.956754,0.000138,0.00353660,2.54677205,0.979269
pkdd8,PKDD-8,359,361.000,366.000,3256,150,28,0.100000,5.600000,65.824600,19.393778,0.822808,0.356157,0.548756,3.197041,0.527328,56.963249,2014,0.548756,-1.8406853675842285,14,0.500000,0.00631793,0.00631793,0.00000033,0.00631793,0.00631793,0.00000000,1.183587,1.185209,-0.001370,0.023286,0.023226,0.002594,0.955420,0.955561,0.000141,0.00319096,2.46641934,0.978690
pkdd8,PKDD-8,360,362.000,367.000,3083,150,25,0.089286,5.000000,65.616707,20.334581,0.820209,0.375989,0.573599,3.058094,0.483361,54.513126,1901,0.573599,-2.0581114292144775,14,0.560000,0.00584923,0.00584923,0.00000000,0.00584923,0.00584923,0.00000000,1.183415,1.185875,-0.002078,0.023360,0.023302,0.002443,0.955051,0.955189,0.000138,0.00286580,2.16481862,0.980868
pkdd8,PKDD-8,361,363.000,368.000,2846,150,24,0.085714,4.800000,65.060417,21.796192,0.813255,0.360624,0.568386,2.936848,0.369305,52.063541,1724,0.568386,-2.2006585597991943,15,0.625000,0.00521849,0.00521849,-0.00000020,0.00521849,0.00521849,0.00000000,1.169774,1.172551,-0.002374,0.021535,0.021491,0.002060,0.958658,0.958776,0.000118,0.00286921,1.93187652,0.978223
pkdd8,PKDD-8,362,364.000,369.000,2521,150,23,0.082143,4.600000,64.445442,23.679892,0.805568,0.344430,0.540962,2.767133,0.369305,49.932606,1441,0.540962,-2.3902382850646973,15,0.652174,0.00466893,0.00466893,-0.00000044,0.00466893,0.00466893,0.00000000,1.168524,1.171645,-0.002671,0.021466,0.021429,0.001738,0.958705,0.958807,0.000103,0.00242564,1.69823919,0.971311
pkdd8,PKDD-8,363,365.000,370.000,2243,150,22,0.078571,4.400000,63.230927,25.424566,0.790387,0.290803,0.462081,2.466082,0.369305,46.612759,1201,0.462081,-2.6867904663085938,10,0.454545,0.00414429,0.00414429,-0.00000106,0.00414429,0.00414429,0.00000000,1.166751,1.170299,-0.003041,0.021612,0.021586,0.001163,0.958283,0.958364,0.000081,0.00205967,1.44479765,0.961455
pkdd8,PKDD-8,364,366.000,371.000,1973,150,21,0.075000,4.200000,61.787125,27.062027,0.772339,0.243494,0.395908,2.469814,0.369305,46.723114,990,0.395908,-2.628002643585205,2,0.095238,0.00369782,0.00369783,-0.00000090,0.00369782,0.00369782,0.00000000,1.158558,1.161420,-0.002470,0.020446,0.020420,0.001261,0.960561,0.960642,0.000081,0.00191285,1.20012965,0.951832
pkdd8,PKDD-8,365,367.000,372.000,1747,150,18,0.064286,3.600000,59.969654,28.315193,0.749621,0.199235,0.314029,2.597154,0.369305,48.937332,794,0.314029,-2.439011573791504,2,0.111111,0.00349198,0.00349198,-0.00000015,0.00349198,0.00349198,0.00000000,1.152635,1.156269,-0.003153,0.019774,0.019743,0.001576,0.961703,0.961789,0.000087,0.00191727,1.09494653,0.936493
pkdd8,PKDD-8,366,368.000,373.000,1651,150,16,0.057143,3.200000,58.502876,28.433178,0.731286,0.208162,0.302867,2.784897,1.150022,53.146561,699,0.302867,-2.1790037155151367,1,0.062500,0.00345947,0.00345947,0.00000045,0.00345947,0.00345947,0.00000000,1.163415,1.165854,-0.002096,0.021076,0.021043,0.001559,0.959224,0.959311,0.000087,0.00181990,1.06189664,0.934695
pkdd8,PKDD-8,367,369.000,374.000,1640,150,15,0.053571,3.000000,57.766762,27.870913,0.722085,0.233011,0.339571,3.385646,1.327770,60.112514,679,0.339571,-1.4866453409194946,0,0.000000,0.00344568,0.00344568,-0.00000015,0.00344568,0.00344568,0.00000000,1.162607,1.165652,-0.002619,0.021008,0.020977,0.001473,0.959396,0.959481,0.000085,0.00188297,1.12280070,0.943544
pkdd8,PKDD-8,368,370.000,375.000,1642,150,16,0.057143,3.200000,57.497730,27.302307,0.718722,0.235454,0.330855,3.963205,1.455639,64.012733,681,0.330855,-0.808173656463623,0,0.000000,0.00348276,0.00348276,0.00000007,0.00348276,0.00348276,0.00000000,1.154812,1.158398,-0.003106,0.020115,0.020091,0.001197,0.960948,0.961026,0.000078,0.00200329,1.29998049,0.957502
pkdd8,PKDD-8,369,371.000,376.000,1673,150,16,0.057143,3.200000,57.921474,26.759563,0.724018,0.253740,0.336448,3.972013,1.447579,59.405907,683,0.336448,-0.8162854909896851,0,0.000000,0.00371944,0.00371944,0.00000014,0.00371944,0.00371944,0.00000000,1.167504,1.172529,-0.004304,0.021748,0.021572,0.008100,0.958252,0.958698,0.000446,0.00217100,1.52687919,0.971357
pkdd8,PKDD-8,370,372.000,377.000,1791,150,18,0.064286,3.600000,59.229153,25.776869,0.740364,0.267917,0.346050,3.796610,0.654463,55.192028,771,0.346050,-1.0428521633148193,0,0.000000,0.00401386,0.00401386,-0.00000026,0.00401386,0.00401386,0.00000000,1.187923,1.191567,-0.003068,0.025011,0.024764,0.009868,0.950979,0.951682,0.000703,0.00229657,1.81465176,0.985242
pkdd8,PKDD-8,371,373.000,378.000,1921,150,19,0.067857,3.800000,61.198040,25.027979,0.764976,0.273452,0.354949,3.542784,0.654463,50.766407,871,0.354949,-1.4174209833145142,0,0.000000,0.00431574,0.00431574,-0.00000030,0.00431574,0.00431574,0.00000000,1.188047,1.191448,-0.002863,0.024684,0.024410,0.011121,0.951817,0.952526,0.000710,0.00231604,2.14544780,0.994096
pkdd8,PKDD-8,372,374.000,379.000,2058,150,19,0.067857,3.800000,63.253574,24.246683,0.790670,0.274720,0.361214,3.157813,0.654463,47.546967,980,0.361214,-1.956912636756897,0,0.000000,0.00476898,0.00476898,0.00000000,0.00476898,0.00476898,0.00000000,1.190413,1.193076,-0.002237,0.024783,0.024524,0.010460,0.951714,0.952374,0.000660,0.00288737,2.86657934,0.998402
pkdd8,PKDD-8,373,375.000,380.000,2253,150,19,0.067857,3.800000,65.307655,23.084440,0.816346,0.289241,0.400005,2.765331,0.396949,45.580791,1126,0.400005,-2.5060057640075684,4,0.210526,0.00518558,0.00518558,0.00000000,0.00518558,0.00518558,0.00000000,1.199345,1.201392,-0.001706,0.026086,0.025828,0.009873,0.949190,0.949834,0.000644,0.00340725,2.24316565,1.000000
pkdd8,PKDD-8,374,376.000,381.000,2443,150,21,0.075000,4.200000,67.063805,21.890686,0.838298,0.294220,0.417169,2.637726,0.396949,46.929287,1315,0.417169,-2.705500841140747,5,0.238095,0.00554204,0.00554203,0.00000046,0.00554204,0.00554204,0.00000000,1.199389,1.200917,-0.001274,0.026047,0.025910,0.005281,0.949084,0.949435,0.000352,0.00390767,1.88900720,1.000000
pkdd8,PKDD-8,375,377.000,382.000,2618,150,23,0.082143,4.600000,68.532280,20.785494,0.856653,0.289640,0.422995,2.505430,0.396949,46.540436,1490,0.422995,-2.8978772163391113,5,0.217391,0.00574250,0.00574249,0.00000072,0.00574250,0.00574250,0.00000000,1.178874,1.180346,-0.001249,0.022959,0.022890,0.003044,0.955651,0.955779,0.000128,0.00372725,1.69989478,1.000000
pkdd8,PKDD-8,376,378.000,383.000,2717,150,22,0.078571,4.400000,69.402237,19.841347,0.867528,0.291138,0.425394,2.391951,0.396949,45.292637,1618,0.425394,-3.0859103202819824,5,0.227273,0.00607240,0.00607240,0.00000025,0.00607240,0.00607240,0.00000000,1.173838,1.175920,-0.001774,0.022501,0.022467,0.001505,0.956479,0.956568,0.000089,0.00403849,1.55279452,1.000000
pkdd8,PKDD-8,377,379.000,384.000,2882,150,25,0.089286,5.000000,69.662018,18.860706,0.870775,0.282332,0.413913,2.573633,0.396949,47.430267,1813,0.413913,-2.8289589881896973,5,0.200000,0.00641718,0.00641717,0.00000048,0.00641718,0.00641718,0.00000000,1.192220,1.194508,-0.001919,0.025031,0.024988,0.001694,0.951359,0.951497,0.000138,0.00422617,1.48264774,1.000000
pkdd8,PKDD-8,378,380.000,385.000,3059,150,27,0.096429,5.400000,69.519913,18.084181,0.868999,0.275267,0.402243,2.844902,0.287517,50.554249,2009,0.402243,-2.4700934886932373,4,0.148148,0.00667961,0.00667961,0.00000031,0.00667961,0.00667961,0.00000000,1.186713,1.189232,-0.002123,0.024095,0.024061,0.001431,0.953317,0.953438,0.000121,0.00426900,1.48590922,1.000000
pkdd8,PKDD-8,379,381.000,386.000,3176,150,26,0.092857,5.200000,69.073959,17.438442,0.863424,0.275927,0.398005,3.065652,0.287517,52.584229,2126,0.398005,-2.2116897106170654,3,0.115385,0.00681934,0.00681933,0.00000023,0.00681934,0.00681934,0.00000000,1.177329,1.179503,-0.001846,0.022906,0.022869,0.001627,0.955578,0.955702,0.000125,0.00403181,1.51243297,1.000000
pkdd8,PKDD-8,380,382.000,387.000,3220,150,26,0.092857,5.200000,68.303337,16.879137,0.853792,0.282078,0.395943,3.168728,0.287517,53.053795,2170,0.395943,-2.043257236480713,5,0.192308,0.00697014,0.00697014,0.00000000,0.00697014,0.00697014,0.00000000,1.188800,1.190637,-0.001544,0.024393,0.024350,0.001798,0.952824,0.952961,0.000136,0.00420930,1.54323947,1.000000
pkdd8,PKDD-8,381,383.000,388.000,3268,150,28,0.100000,5.600000,67.518730,16.167133,0.843984,0.273850,0.382493,3.355445,0.287517,55.415329,2218,0.382493,-1.7461165189743042,6,0.214286,0.00700602,0.00700602,0.00000044,0.00700602,0.00700602,0.00000000,1.198956,1.200491,-0.001280,0.025725,0.025665,0.002360,0.950186,0.950354,0.000168,0.00397868,1.61612405,1.000000
pkdd8,PKDD-8,382,384.000,389.000,3257,150,30,0.107143,6.000000,66.761246,15.256371,0.834516,0.266523,0.369269,3.256052,0.287517,53.983200,2207,0.369269,-1.7677371501922607,7,0.233333,0.00704809,0.00704809,0.00000044,0.00704809,0.00704809,0.00000000,1.194949,1.196489,-0.001289,0.025080,0.025028,0.002078,0.951653,0.951777,0.000125,0.00381659,1.70884385,1.000000
pkdd8,PKDD-8,383,385.000,390.000,3247,150,33,0.117857,6.600000,65.802940,14.193141,0.822537,0.250468,0.340528,3.075634,0.305677,51.399841,2168,0.340528,-1.8448200225830078,13,0.393939,0.00714591,0.00714591,0.00000072,0.00714591,0.00714591,0.00000000,1.183374,1.184902,-0.001291,0.023548,0.023499,0.002061,0.954627,0.954743,0.000116,0.00373779,1.80625275,1.000000
pkdd8,PKDD-8,384,386.000,391.000,3272,150,31,0.110714,6.200000,64.991943,13.102275,0.812399,0.231673,0.308338,2.883845,0.432693,48.378078,2163,0.308338,-2.035928726196289,15,0.483871,0.00741074,0.00741074,0.00000083,0.00741074,0.00741074,0.00000000,1.202293,1.204058,-0.001467,0.026115,0.026064,0.001958,0.949606,0.949732,0.000126,0.00380979,1.98565325,1.000000
pkdd8,PKDD-8,385,387.000,392.000,3401,150,33,0.117857,6.600000,64.477127,11.999084,0.805964,0.220582,0.294574,2.812316,0.532726,47.041653,2262,0.294574,-2.0330541133880615,13,0.393939,0.00769151,0.00769150,0.00000107,0.00769151,0.00769151,0.00000000,1.202435,1.204417,-0.001648,0.026084,0.026032,0.001994,0.949347,0.949472,0.000124,0.00390361,2.22011783,1.000000
pkdd8,PKDD-8,386,388.000,393.000,3532,150,31,0.110714,6.200000,64.099007,11.174786,0.801238,0.229674,0.329301,2.675360,0.508449,44.613239,2363,0.329301,-2.1900501251220703,12,0.387097,0.00797164,0.00797163,0.00000071,0.00797164,0.00797164,0.00000000,1.193900,1.195806,-0.001597,0.025030,0.024989,0.001639,0.951528,0.951628,0.000101,0.00381861,2.43091697,1.000000
pkdd8,PKDD-8,387,389.000,394.000,3672,150,31,0.110714,6.200000,63.738766,10.621015,0.796735,0.222007,0.320098,2.642111,0.500153,43.812904,2473,0.320098,-2.2052001953125,15,0.483871,0.00794574,0.00794573,0.00000065,0.00794574,0.00794574,0.00000000,1.186888,1.188792,-0.001604,0.024250,0.024213,0.001551,0.953011,0.953107,0.000096,0.00351319,2.80689067,1.000000
pkdd8,PKDD-8,388,390.000,395.000,3676,150,30,0.107143,6.000000,63.669537,10.318834,0.795869,0.218553,0.318484,2.578131,0.466390,42.976227,2476,0.318484,-2.2943427562713623,10,0.333333,0.00786809,0.00786808,0.00000059,0.00786809,0.00786809,0.00000000,1.195896,1.198085,-0.001830,0.025463,0.025422,0.001613,0.950619,0.950723,0.000105,0.00335516,2.80915322,1.000000
pkdd8,PKDD-8,389,391.000,396.000,3655,150,30,0.107143,6.000000,63.565136,10.045276,0.794564,0.214740,0.316349,2.501931,0.466390,42.161049,2472,0.316349,-2.3773651123046875,8,0.266667,0.00773105,0.00773105,0.00000020,0.00773105,0.00773105,0.00000000,1.190238,1.192180,-0.001631,0.024621,0.024580,0.001664,0.952361,0.952463,0.000101,0.00305964,2.59927182,1.000000
pkdd8,PKDD-8,390,392.000,397.000,3606,150,31,0.110714,6.200000,63.711472,9.933570,0.796393,0.208789,0.301808,2.416646,0.466390,41.293884,2424,0.301808,-2.462881088256836,11,0.354839,0.00769353,0.00769353,-0.00000020,0.00769353,0.00769353,0.00000000,1.182751,1.184970,-0.001876,0.023573,0.023535,0.001621,0.954647,0.954743,0.000096,0.00326332,2.50020698,1.000000
pkdd8,PKDD-8,391,393.000,398.000,3606,150,30,0.107143,6.000000,63.898720,9.781455,0.798734,0.193583,0.258787,2.395217,0.466390,41.696781,2424,0.258787,-2.52036190032959,11,0.366667,0.00763284,0.00763284,0.00000040,0.00763284,0.00763284,0.00000000,1.194599,1.197383,-0.002330,0.025111,0.025074,0.001496,0.951547,0.951645,0.000098,0.00313070,2.32057410,1.000000
pkdd8,PKDD-8,392,394.000,399.000,3592,150,31,0.110714,6.200000,64.340286,9.687023,0.804254,0.202188,0.277742,2.367503,0.466390,42.017681,2410,0.277742,-2.562124729156494,7,0.225806,0.00755508,0.00755507,0.00000068,0.00755508,0.00755508,0.00000000,1.190583,1.193386,-0.002354,0.024409,0.024372,0.001532,0.952967,0.953064,0.000097,0.00312541,2.23330622,1.000000
pkdd8,PKDD-8,393,395.000,400.000,3568,150,29,0.103571,5.800000,64.833855,9.666674,0.810423,0.213743,0.302168,2.371530,0.479182,42.451088,2386,0.302168,-2.63142728805542,3,0.103448,0.00746496,0.00746496,0.00000076,0.00746496,0.00746496,0.00000000,1.193256,1.195806,-0.002137,0.024686,0.024653,0.001364,0.952410,0.952498,0.000088,0.00333706,2.29133537,1.000000
pkdd8,PKDD-8,394,396.000,401.000,3529,150,28,0.100000,5.600000,65.405327,9.595985,0.817567,0.217954,0.304683,2.370115,0.555104,43.148075,2339,0.304683,-2.6926870346069336,4,0.142857,0.00735642,0.00735641,0.00000070,0.00735642,0.00735642,0.00000000,1.186908,1.189205,-0.001935,0.023757,0.023724,0.001384,0.954242,0.954325,0.000083,0.00350062,2.50226425,1.000000
pkdd8,PKDD-8,395,397.000,402.000,3483,150,31,0.110714,6.200000,66.011719,9.282209,0.825146,0.215008,0.303048,2.466992,0.555104,45.989483,2322,0.303048,-2.572861909866333,3,0.096774,0.00712951,0.00712950,0.00000130,0.00712951,0.00712951,0.00000000,1.193881,1.196234,-0.001971,0.024782,0.024771,0.000452,0.952257,0.952321,0.000064,0.00366892,2.95040416,1.000000
pkdd8,PKDD-8,396,398.000,403.000,3399,150,33,0.117857,6.600000,66.656242,8.941243,0.833203,0.217965,0.306223,2.481349,0.555104,47.059525,2268,0.306223,-2.571546792984009,15,0.454545,0.00677013,0.00677013,0.00000076,0.00677013,0.00677013,0.00000000,1.190859,1.192712,-0.001556,0.024291,0.024280,0.000453,0.953247,0.953309,0.000061,0.00369873,2.46668218,1.000000
pkdd8,PKDD-8,397,399.000,404.000,3238,150,30,0.107143,6.000000,67.271049,8.664333,0.840888,0.216157,0.296293,2.541369,0.555104,49.073372,2137,0.296293,-2.6139044761657715,15,0.500000,0.00646904,0.00646904,0.00000032,0.00646904,0.00646904,0.00000000,1.186838,1.189085,-0.001893,0.023865,0.023853,0.000484,0.953975,0.954037,0.000062,0.00361071,2.14080184,1.000000
pkdd8,PKDD-8,398,400.000,405.000,3115,150,27,0.096429,5.400000,67.816826,8.427880,0.847710,0.209424,0.275755,2.626643,0.560855,51.506756,2044,0.275755,-2.6246864795684814,15,0.555556,0.00614705,0.00614705,0.00000050,0.00614705,0.00614705,0.00000000,1.189678,1.192359,-0.002253,0.024484,0.024470,0.000554,0.952733,0.952799,0.000066,0.00363943,2.02310535,1.000000
pkdd8,PKDD-8,399,401.000,406.000,2984,150,26,0.092857,5.200000,68.328568,8.149071,0.854107,0.208903,0.273472,2.783719,0.579660,54.827244,1954,0.273472,-2.5216493606567383,14,0.538462,0.00562919,0.00562918,0.00000037,0.00562919,0.00562919,0.00000000,1.197301,1.200583,-0.002741,0.025575,0.025564,0.000410,0.950498,0.950567,0.000070,0.00345379,1.97061543,1.000000
pkdd8,PKDD-8,400,402.000,407.000,2742,150,25,0.089286,5.000000,68.765579,8.104269,0.859570,0.209620,0.274938,3.015476,0.608127,59.196564,1742,0.274938,-2.328134536743164,12,0.480000,0.00519069,0.00519069,-0.00000010,0.00519069,0.00519069,0.00000000,1.184064,1.187251,-0.002692,0.023732,0.023702,0.001269,0.954158,0.954243,0.000085,0.00333901,1.92933827,1.000000
pkdd8,PKDD-8,401,403.000,408.000,2510,150,24,0.085714,4.800000,69.490173,7.953052,0.868627,0.213162,0.282453,3.312498,0.406910,65.136467,1555,0.282453,-2.0796570777893066,0,0.000000,0.00477096,0.00477096,-0.00000022,0.00477096,0.00477096,0.00000000,1.179118,1.182176,-0.002594,0.023075,0.023045,0.001306,0.955415,0.955498,0.000083,0.00311917,1.93925462,1.000000
pkdd8,PKDD-8,402,404.000,409.000,2289,150,23,0.082143,4.600000,70.193741,7.566441,0.877422,0.217841,0.296088,3.527400,0.201422,69.251244,1394,0.296088,-1.9136037826538086,1,0.043478,0.00454803,0.00454803,0.00000000,0.00454803,0.00454803,0.00000000,1.195450,1.197772,-0.001942,0.025091,0.025057,0.001350,0.951806,0.951898,0.000092,0.00280106,2.17023813,1.000000
pkdd8,PKDD-8,403,405.000,410.000,2154,150,24,0.085714,4.800000,70.876976,7.013078,0.885962,0.226026,0.315313,3.721622,0.201422,72.532944,1290,0.315313,-1.7293833494186401,1,0.041667,0.00433801,0.00433801,-0.00000071,0.00433801,0.00433801,0.00000000,1.187562,1.190030,-0.002078,0.023960,0.023931,0.001208,0.953946,0.954033,0.000087,0.00244375,2.56388968,1.000000
pkdd8,PKDD-8,404,406.000,411.000,2026,150,20,0.071429,4.000000,71.641212,6.609242,0.895515,0.230977,0.322877,3.743769,0.201422,72.564377,1180,0.322877,-1.835892677307129,2,0.100000,0.00422320,0.00422320,-0.00000037,0.00422320,0.00422320,0.00000000,1.177914,1.179959,-0.001736,0.022732,0.022701,0.001369,0.956343,0.956423,0.000080,0.00199754,2.54642404,1.000000
pkdd8,PKDD-8,405,407.000,412.000,1956,150,20,0.071429,4.000000,72.182167,6.552766,0.902277,0.242467,0.335323,3.391358,0.201422,65.731812,1140,0.335323,-2.2671971321105957,2,0.100000,0.00405002,0.00405002,-0.00000044,0.00405002,0.00405002,0.00000000,1.196486,1.198616,-0.001780,0.025250,0.025211,0.001548,0.951423,0.951520,0.000097,0.00161063,1.95939614,1.000000
pkdd8,PKDD-8,406,408.000,413.000,1878,150,17,0.060714,3.400000,72.341393,6.701475,0.904267,0.247633,0.340829,3.109771,0.201422,60.185932,1077,0.340829,-2.649468183517456,5,0.294118,0.00402397,0.00402397,-0.00000032,0.00402397,0.00402397,0.00000000,1.197867,1.200533,-0.002226,0.025586,0.025550,0.001432,0.950632,0.950728,0.000096,0.00149339,1.67876253,1.000000
pkdd8,PKDD-8,407,409.000,414.000,1875,150,18,0.064286,3.600000,72.061417,7.286088,0.900768,0.246581,0.331483,3.085915,0.359213,58.846901,1045,0.331483,-2.643554925918579,4,0.222222,0.00389132,0.00389132,-0.00000007,0.00389132,0.00389132,0.00000000,1.185247,1.187465,-0.001872,0.024072,0.024041,0.001291,0.953383,0.953461,0.000078,0.00176070,1.53369396,1.000000
pkdd8,PKDD-8,408,410.000,415.000,1803,150,17,0.060714,3.400000,71.980698,7.725461,0.899759,0.260731,0.343927,2.816309,0.359213,53.986134,972,0.343927,-2.957965135574341,4,0.235294,0.00386866,0.00386866,0.00000013,0.00386866,0.00386866,0.00000000,1.192630,1.193747,-0.000936,0.024656,0.024613,0.001738,0.952507,0.952599,0.000092,0.00181373,1.47173439,1.000000
pkdd8,PKDD-8,409,411.000,416.000,1791,150,17,0.060714,3.400000,71.779053,7.867285,0.897238,0.274874,0.363910,2.830013,0.359213,54.563183,952,0.363910,-2.927557945251465,8,0.470588,0.00393620,0.00393620,0.00000020,0.00393620,0.00393620,0.00000000,1.199005,1.200663,-0.001383,0.025832,0.025791,0.001590,0.949726,0.949818,0.000093,0.00172514,1.43675761,1.000000
pkdd8,PKDD-8,410,412.000,417.000,1809,150,17,0.060714,3.400000,71.484413,7.789419,0.893555,0.297332,0.396819,3.104450,0.359213,59.603218,940,0.396819,-2.6011271476745605,8,0.470588,0.00403151,0.00403151,0.00000013,0.00403151,0.00403151,0.00000000,1.190164,1.191257,-0.000918,0.024594,0.024554,0.001616,0.952324,0.952407,0.000083,0.00164787,1.43313267,1.000000
pkdd8,PKDD-8,411,413.000,418.000,1830,150,16,0.057143,3.200000,71.067894,7.619335,0.888349,0.293371,0.390615,3.424735,1.387099,65.179749,942,0.390615,-2.236515760421753,10,0.625000,0.00410890,0.00410890,-0.00000025,0.00410890,0.00410890,0.00000000,1.192765,1.194384,-0.001358,0.024770,0.024723,0.001907,0.952011,0.952106,0.000096,0.00160729,1.38772384,1.000000
pkdd8,PKDD-8,412,414.000,419.000,1852,150,17,0.060714,3.400000,70.878914,6.992141,0.885986,0.288298,0.388050,3.506421,1.320557,67.639336,993,0.388050,-2.1082043647766113,11,0.647059,0.00427445,0.00427445,-0.00000054,0.00427445,0.00427445,0.00000000,1.203599,1.205141,-0.001282,0.026201,0.026150,0.001917,0.949086,0.949191,0.000105,0.00147847,1.43793109,1.000000
pkdd8,PKDD-8,413,415.000,420.000,1945,150,18,0.064286,3.600000,70.870941,6.369773,0.885887,0.269329,0.371181,3.798222,1.320557,73.060455,1087,0.371181,-1.7589454650878906,11,0.611111,0.00442232,0.00442232,-0.00000023,0.00442232,0.00442232,0.00000000,1.188557,1.190050,-0.001256,0.024348,0.024304,0.001789,0.952842,0.952937,0.000095,0.00172760,1.51640064,1.000000
pkdd8,PKDD-8,414,416.000,421.000,2010,150,19,0.067857,3.800000,70.866837,5.892047,0.885835,0.269094,0.369111,4.051371,1.320557,77.788132,1152,0.369111,-1.4507232904434204,6,0.315789,0.00462579,0.00462579,-0.00000078,0.00462579,0.00462579,0.00000000,1.190431,1.191378,-0.000796,0.024440,0.024395,0.001842,0.952868,0.952965,0.000097,0.00228815,1.62969131,1.000000
pkdd8,PKDD-8,415,417.000,422.000,2111,150,21,0.075000,4.200000,70.991905,5.659747,0.887399,0.243636,0.330827,4.058778,0.813598,78.185585,1253,0.330827,-1.4018330574035645,7,0.333333,0.00487363,0.00487364,-0.00000106,0.00487363,0.00487363,0.00000000,1.198226,1.199557,-0.001110,0.025448,0.025398,0.001992,0.950935,0.951049,0.000113,0.00220329,1.77640436,1.000000
pkdd8,PKDD-8,416,418.000,423.000,2255,150,23,0.082143,4.600000,71.140816,5.734637,0.889260,0.251126,0.338317,3.868358,0.813598,74.730621,1357,0.338317,-1.5750449895858765,3,0.130435,0.00508842,0.00508843,-0.00000101,0.00508842,0.00508842,0.00000000,1.188497,1.188917,-0.000353,0.024401,0.024363,0.001556,0.952831,0.952921,0.000090,0.00235832,1.95753804,1.000000
pkdd8,PKDD-8,417,419.000,424.000,2382,150,22,0.078571,4.400000,71.464180,5.932380,0.893302,0.252393,0.336788,3.611694,0.795166,69.797058,1433,0.336788,-1.8942821025848389,3,0.136364,0.00523429,0.00523429,-0.00000079,0.00523429,0.00523429,0.00000000,1.180635,1.181448,-0.000689,0.023469,0.023433,0.001572,0.954606,0.954698,0.000092,0.00230973,2.16269468,1.000000
pkdd8,PKDD-8,418,420.000,425.000,2458,150,22,0.078571,4.400000,71.478325,6.154471,0.893479,0.262997,0.343828,3.376078,0.785457,65.436073,1508,0.343828,-2.1490981578826904,4,0.181818,0.00543225,0.00543226,-0.00000038,0.00543225,0.00543225,0.00000000,1.194714,1.195880,-0.000976,0.025336,0.025297,0.001530,0.950919,0.951016,0.000097,0.00237407,2.32517169,1.000000
pkdd8,PKDD-8,419,421.000,426.000,2573,150,22,0.078571,4.400000,71.202499,6.595715,0.890031,0.258627,0.337303,3.105983,0.785457,60.332771,1594,0.337303,-2.4283721446990967,4,0.181818,0.00550961,0.00550961,0.00000028,0.00550961,0.00550961,0.00000000,1.182612,1.183751,-0.000963,0.023621,0.023583,0.001612,0.954493,0.954587,0.000093,0.00227755,2.53614763,1.000000
pkdd8,PKDD-8,420,422.000,427.000,2634,150,23,0.082143,4.600000,70.946953,6.929412,0.886837,0.269241,0.348065,2.943990,0.785457,57.393433,1625,0.348065,-2.570521593093872,3,0.130435,0.00555609,0.00555609,0.00000019,0.00555609,0.00555609,0.00000000,1.175177,1.176295,-0.000951,0.022847,0.022818,0.001262,0.955664,0.955739,0.000075,0.00241932,3.01436630,1.000000
pkdd8,PKDD-8,421,423.000,428.000,2683,150,24,0.085714,4.800000,70.736900,7.273594,0.884211,0.271713,0.344660,2.784473,0.400032,54.457375,1673,0.344660,-2.707770824432373,4,0.166667,0.00573764,0.00573763,0.00000063,0.00573764,0.00573764,0.00000000,1.185252,1.187050,-0.001517,0.024190,0.024158,0.001335,0.953081,0.953169,0.000088,0.00280668,2.37227694,1.000000
pkdd8,PKDD-8,422,424.000,429.000,2780,150,25,0.089286,5.000000,70.636635,7.590095,0.882958,0.290409,0.362886,2.692955,0.400032,52.912254,1772,0.362886,-2.775014638900757,13,0.520000,0.00595977,0.00595977,0.00000060,0.00595977,0.00595977,0.00000000,1.180877,1.182603,-0.001462,0.023295,0.023263,0.001375,0.955209,0.955291,0.000082,0.00291405,2.15607474,1.000000
pkdd8,PKDD-8,423,425.000,430.000,2897,150,24,0.085714,4.800000,70.685616,7.818707,0.883570,0.285131,0.358615,2.585468,0.400032,51.186283,1889,0.358615,-2.916538715362549,12,0.500000,0.00597132,0.00597132,0.00000017,0.00597132,0.00597132,0.00000000,1.179883,1.181943,-0.001746,0.023183,0.023152,0.001327,0.955332,0.955417,0.000085,0.00277877,2.05939706,1.000000
pkdd8,PKDD-8,424,426.000,431.000,2913,150,24,0.085714,4.800000,70.823639,8.005204,0.885295,0.292340,0.369408,2.486447,0.400032,49.551723,1921,0.369408,-3.0340118408203125,16,0.666667,0.00599888,0.00599888,0.00000034,0.00599888,0.00599888,0.00000000,1.189208,1.192281,-0.002585,0.024471,0.024439,0.001295,0.952733,0.952822,0.000089,0.00305952,1.94931151,1.000000
pkdd8,PKDD-8,425,427.000,432.000,2928,150,24,0.085714,4.800000,70.704201,8.285388,0.883803,0.293607,0.378418,2.417419,0.400032,48.179363,1907,0.378418,-3.106794834136963,16,0.666667,0.00589799,0.00589799,0.00000052,0.00589799,0.00589799,0.00000000,1.188133,1.190925,-0.002350,0.024050,0.024016,0.001418,0.953682,0.953773,0.000092,0.00341406,1.93235542,1.000000
pkdd8,PKDD-8,426,428.000,433.000,2865,150,25,0.089286,5.000000,70.890404,8.326929,0.886130,0.292666,0.390187,2.545238,0.403700,50.848782,1840,0.390187,-2.9621777534484863,15,0.600000,0.00576140,0.00576139,0.00000054,0.00576140,0.00576140,0.00000000,1.183456,1.186029,-0.002175,0.023342,0.023304,0.001623,0.955109,0.955201,0.000092,0.00372114,1.81098114,1.000000
pkdd8,PKDD-8,427,429.000,434.000,2720,150,26,0.092857,5.200000,71.174644,8.311287,0.889683,0.275630,0.381395,2.633003,0.416694,53.019569,1705,0.381395,-2.8677146434783936,6,0.230769,0.00563679,0.00563679,0.00000018,0.00563679,0.00563679,0.00000000,1.189179,1.191514,-0.001964,0.024443,0.024403,0.001666,0.952512,0.952610,0.000098,0.00376865,1.68772773,1.000000
pkdd8,PKDD-8,428,430.000,435.000,2569,150,27,0.096429,5.400000,71.520317,8.263866,0.894004,0.286239,0.398241,2.680847,0.434103,54.516502,1525,0.398241,-2.8159098625183105,6,0.222222,0.00565943,0.00565943,0.00000000,0.00565943,0.00565943,0.00000000,1.199278,1.200882,-0.001337,0.025756,0.025706,0.001954,0.949870,0.949976,0.000106,0.00404132,1.61661494,1.000000
pkdd8,PKDD-8,429,431.000,436.000,2494,150,25,0.089286,5.000000,72.107056,8.242176,0.901338,0.262556,0.374454,2.768467,0.434103,57.060902,1433,0.374454,-2.793360471725464,2,0.080000,0.00570436,0.00570437,-0.00000009,0.00570436,0.00570436,0.00000000,1.202552,1.203788,-0.001027,0.026369,0.026324,0.001693,0.948430,0.948532,0.000102,0.00406020,1.69609735,1.000000
pkdd8,PKDD-8,430,432.000,437.000,2429,150,25,0.089286,5.000000,72.527740,8.639946,0.906597,0.251310,0.358052,2.823307,0.434103,58.146667,1368,0.358052,-2.7514426708221436,3,0.120000,0.00590866,0.00590866,0.00000009,0.00590866,0.00590866,0.00000000,1.200495,1.202558,-0.001718,0.026159,0.026114,0.001753,0.948908,0.949012,0.000105,0.00382745,1.84018161,1.000000
pkdd8,PKDD-8,431,433.000,438.000,2424,150,23,0.082143,4.600000,72.620514,9.202104,0.907756,0.244226,0.335774,2.626220,0.434103,53.763683,1337,0.335774,-3.0087974071502686,2,0.086957,0.00608035,0.00608035,0.00000008,0.00608035,0.00608035,0.00000000,1.209907,1.212343,-0.002013,0.027354,0.027296,0.002100,0.946790,0.946918,0.000128,0.00328118,2.29004413,1.000000
pkdd8,PKDD-8,432,434.000,439.000,2463,150,23,0.082143,4.600000,72.380287,9.850303,0.904754,0.248704,0.332103,2.607514,0.485704,51.963890,1328,0.332103,-3.0120935440063477,1,0.043478,0.00614290,0.00614289,0.00000017,0.00614290,0.00614290,0.00000000,1.219384,1.221817,-0.001995,0.028387,0.028328,0.002072,0.944926,0.945056,0.000130,0.00293088,2.29443505,1.000000
pkdd8,PKDD-8,433,435.000,440.000,2466,150,24,0.085714,4.800000,72.210243,10.623605,0.902628,0.230462,0.306313,2.728961,0.485704,52.446747,1330,0.306313,-2.843769073486328,4,0.166667,0.00623084,0.00623084,0.00000025,0.00623084,0.00623084,0.00000000,1.205066,1.208283,-0.002669,0.026580,0.026531,0.001824,0.948702,0.948816,0.000114,0.00253265,1.91312781,1.000000
pkdd8,PKDD-8,434,436.000,441.000,2487,150,24,0.085714,4.800000,72.573578,11.953838,0.907170,0.234712,0.308459,2.932558,0.485704,54.840244,1322,0.308459,-2.6375062465667725,4,0.166667,0.00632137,0.00632137,0.00000033,0.00632137,0.00632137,0.00000000,1.209813,1.212605,-0.002308,0.027023,0.026965,0.002156,0.947826,0.947956,0.000129,0.00232562,1.81037768,1.000000
pkdd8,PKDD-8,435,437.000,442.000,2507,150,23,0.082143,4.600000,73.380501,12.815022,0.917256,0.239020,0.319907,3.276864,0.485704,60.612644,1341,0.319907,-2.3265671730041504,3,0.130435,0.00631062,0.00631062,-0.00000016,0.00631062,0.00631062,0.00000000,1.218211,1.220217,-0.001646,0.028179,0.028118,0.002161,0.945725,0.945857,0.000133,0.00246567,1.72714674,1.000000
pkdd8,PKDD-8,436,438.000,443.000,2493,150,22,0.078571,4.400000,74.126152,13.639383,0.926577,0.230844,0.314946,3.570857,0.493186,65.046120,1327,0.314946,-2.0771398544311523,6,0.272727,0.00604256,0.00604256,-0.00000009,0.00604256,0.00604256,0.00000000,1.204395,1.206468,-0.001721,0.026407,0.026358,0.001877,0.948941,0.949048,0.000107,0.00228840,1.68468593,1.000000
pkdd8,PKDD-8,437,439.000,444.000,2412,150,20,0.071429,4.000000,74.935677,14.517803,0.936696,0.238603,0.321130,3.656779,0.503468,66.547997,1271,0.321130,-2.0831069946289062,11,0.550000,0.00574831,0.00574831,-0.00000018,0.00574831,0.00574831,0.00000000,1.210482,1.213890,-0.002816,0.027264,0.027202,0.002245,0.947349,0.947482,0.000132,0.00231806,1.73098480,1.000000
pkdd8,PKDD-8,438,440.000,445.000,2347,150,19,0.067857,3.800000,75.590981,15.237666,0.944887,0.248046,0.339127,3.535848,0.506810,65.303909,1206,0.339127,-2.288480520248413,14,0.736842,0.00547037,0.00547037,0.00000019,0.00547037,0.00547037,0.00000000,1.212766,1.215425,-0.002193,0.027505,0.027434,0.002566,0.946620,0.946766,0.000147,0.00243821,1.73749986,1.000000
pkdd8,PKDD-8,439,441.000,446.000,2256,150,19,0.067857,3.800000,75.583420,15.445823,0.944793,0.265518,0.369991,3.445519,0.523145,63.818363,1175,0.369991,-2.4028773307800293,41,2.157895,0.00507495,0.00507495,0.00000010,0.00507495,0.00507495,0.00000000,1.193959,1.196319,-0.001976,0.024974,0.024913,0.002460,0.951828,0.951952,0.000125,0.00240162,1.72587774,1.000000
pkdd8,PKDD-8,440,442.000,447.000,2119,150,19,0.067857,3.800000,75.672401,15.592990,0.945905,0.285683,0.396405,3.219798,0.546813,59.617065,1099,0.396405,-2.6736032962799072,58,3.052632,0.00467651,0.00467650,0.00000066,0.00467651,0.00467651,0.00000000,1.202112,1.205631,-0.002928,0.025993,0.025934,0.002288,0.949590,0.949724,0.000135,0.00215146,1.75853145,1.000000
pkdd8,PKDD-8,441,443.000,448.000,1989,150,18,0.064286,3.600000,75.714516,15.515657,0.946431,0.293526,0.406245,3.353579,0.590108,63.528530,999,0.406245,-2.5600838661193848,59,3.277778,0.00433979,0.00433979,0.00000071,0.00433979,0.00433979,0.00000000,1.209140,1.211828,-0.002223,0.026878,0.026817,0.002245,0.947841,0.947982,0.000141,0.00200675,1.81380938,1.000000
pkdd8,PKDD-8,442,444.000,449.000,1860,150,18,0.064286,3.600000,75.227890,14.991929,0.940349,0.272656,0.390618,3.469370,0.628160,66.604141,888,0.390618,-2.4158902168273926,55,3.055556,0.00394038,0.00394037,0.00000150,0.00394038,0.00394038,0.00000000,1.188948,1.190731,-0.001499,0.024218,0.024170,0.001995,0.953023,0.953141,0.000118,0.00183556,1.85330911,1.000000
pkdd8,PKDD-8,443,445.000,450.000,1683,150,17,0.060714,3.400000,74.380516,14.437783,0.929756,0.268466,0.387450,3.926088,0.688205,74.679848,741,0.387450,-1.888932704925537,49,2.882353,0.00358521,0.00358520,0.00000043,0.00358521,0.00358521,0.00000000,1.189644,1.192233,-0.002176,0.024370,0.024336,0.001382,0.952648,0.952747,0.000099,0.00158877,1.88335664,1.000000
pkdd8,PKDD-8,444,446.000,451.000,1545,150,17,0.060714,3.400000,73.751076,13.553820,0.921888,0.245985,0.358215,4.353505,0.747343,82.900375,599,0.358215,-1.3850983381271362,22,1.294118,0.00332214,0.00332214,0.00000000,0.00332214,0.00332214,0.00000000,1.204828,1.208276,-0.002862,0.026438,0.026402,0.001326,0.948548,0.948650,0.000102,0.00174721,1.92138600,1.000000
pkdd8,PKDD-8,445,447.000,452.000,1450,150,16,0.057143,3.200000,72.794312,12.495380,0.909929,0.202189,0.298298,4.676365,0.518575,89.776192,503,0.298298,-0.9929286241531372,6,0.375000,0.00314898,0.00314898,0.00000016,0.00314898,0.00314898,0.00000000,1.188937,1.192529,-0.003021,0.024605,0.024558,0.001929,0.951835,0.951946,0.000111,0.00135222,1.89521220,1.000000
pkdd8,PKDD-8,446,448.000,453.000,1392,150,16,0.057143,3.200000,71.601189,11.615843,0.895015,0.190434,0.274290,4.312451,0.518575,81.989143,475,0.274290,-1.323834776878357,2,0.125000,0.00308239,0.00308239,-0.00000017,0.00308239,0.00308239,0.00000000,1.189366,1.193736,-0.003674,0.024282,0.024234,0.001974,0.953008,0.953124,0.000116,0.00141047,1.81597321,1.000000
pkdd8,PKDD-8,447,449.000,454.000,1373,150,12,0.042857,2.400000,71.145439,11.419816,0.889318,0.199337,0.279054,4.286773,0.518575,79.553795,470,0.279054,-1.3984299898147583,1,0.083333,0.00318633,0.00318634,-0.00000073,0.00318633,0.00318633,0.00000000,1.204196,1.207692,-0.002904,0.026201,0.026153,0.001828,0.948971,0.949078,0.000107,0.00153768,1.72842330,1.000000
pkdd8,PKDD-8,448,450.000,455.000,1430,150,13,0.046429,2.600000,71.024063,11.332289,0.887801,0.195520,0.269307,4.058641,0.518575,73.849030,527,0.269307,-1.6259719133377075,1,0.076923,0.00313597,0.00313597,-0.00000025,0.00313597,0.00313597,0.00000000,1.196229,1.199721,-0.002919,0.025368,0.025317,0.002002,0.950612,0.950723,0.000111,0.00166863,1.62705424,1.000000
pkdd8,PKDD-8,449,451.000,456.000,1432,150,12,0.042857,2.400000,70.239815,11.380757,0.877998,0.198851,0.273849,3.769494,0.518575,66.612915,558,0.273849,-1.9120842218399048,1,0.083333,0.00326578,0.00326578,-0.00000032,0.00326578,0.00326578,0.00000000,1.186307,1.189598,-0.002775,0.024046,0.023990,0.002348,0.953359,0.953490,0.000130,0.00171517,1.80769279,1.000000
pkdd8,PKDD-8,450,452.000,457.000,1519,150,15,0.053571,3.000000,70.084221,11.058517,0.876053,0.213285,0.293199,4.279585,0.686562,76.444496,646,0.293199,-1.2726762294769287,0,0.000000,0.00339866,0.00339866,-0.00000038,0.00339866,0.00339866,0.00000000,1.183240,1.185741,-0.002114,0.023750,0.023706,0.001860,0.954231,0.954338,0.000107,0.00153798,2.14896014,1.000000
pkdd8,PKDD-8,451,453.000,458.000,1599,150,16,0.057143,3.200000,70.446854,10.603230,0.880586,0.231888,0.318124,4.609143,0.986609,84.350784,726,0.318124,-0.9036037921905518,0,0.000000,0.00358086,0.00358086,-0.00000007,0.00358086,0.00358086,0.00000000,1.190224,1.192580,-0.001979,0.024568,0.024525,0.001726,0.952635,0.952730,0.000095,0.00202753,4.09322026,1.000000
pkdd8,PKDD-8,452,454.000,459.000,1698,150,16,0.057143,3.200000,70.780853,10.074534,0.884761,0.237265,0.329425,4.591799,1.283859,85.718124,825,0.329425,-0.9387428760528564,0,0.000000,0.00371872,0.00371872,-0.00000042,0.00371872,0.00371872,0.00000000,1.192417,1.195246,-0.002373,0.024925,0.024883,0.001687,0.952085,0.952181,0.000096,0.00276425,2.02256388,1.000000
pkdd8,PKDD-8,453,455.000,460.000,1767,150,17,0.060714,3.400000,71.464912,9.482311,0.893311,0.245971,0.345058,4.362370,0.875884,82.286499,920,0.345058,-1.2116541862487793,6,0.352941,0.00385090,0.00385091,-0.00000033,0.00385090,0.00385090,0.00000000,1.186543,1.188731,-0.001844,0.023989,0.023950,0.001624,0.953841,0.953928,0.000087,0.00282490,1.71860041,1.000000
pkdd8,PKDD-8,454,456.000,461.000,1828,150,16,0.057143,3.200000,72.077957,8.876555,0.900974,0.253475,0.353206,4.090270,0.875884,77.787941,985,0.353206,-1.5748540163040161,6,0.375000,0.00376517,0.00376517,-0.00000014,0.00376517,0.00376517,0.00000000,1.194273,1.197080,-0.002351,0.024957,0.024927,0.001200,0.951942,0.952014,0.000072,0.00261594,1.62883269,1.000000
pkdd8,PKDD-8,455,457.000,462.000,1781,150,15,0.053571,3.000000,72.252716,8.503530,0.903159,0.246561,0.342212,3.384585,0.853870,64.893738,967,0.342212,-2.39410138130188,6,0.400000,0.00360368,0.00360368,0.00000000,0.00360368,0.00360368,0.00000000,1.201528,1.204465,-0.002445,0.025794,0.025766,0.001100,0.950155,0.950228,0.000073,0.00241006,1.54776336,1.000000
pkdd8,PKDD-8,456,458.000,463.000,1702,150,14,0.050000,2.800000,72.139771,8.278581,0.901747,0.239419,0.333390,2.764362,0.851853,53.209400,918,0.333390,-3.096302032470703,6,0.428571,0.00355377,0.00355377,-0.00000043,0.00355377,0.00355377,0.00000000,1.189737,1.192721,-0.002508,0.024662,0.024648,0.000561,0.951984,0.952039,0.000056,0.00233725,1.42454295,1.000000
pkdd8,PKDD-8,457,459.000,464.000,1676,150,15,0.053571,3.000000,72.482933,8.319362,0.906037,0.245523,0.341502,2.462502,0.851853,48.288368,922,0.341502,-3.429811954498291,6,0.400000,0.00363924,0.00363924,-0.00000014,0.00363924,0.00363924,0.00000000,1.181449,1.184348,-0.002453,0.023371,0.023365,0.000266,0.954438,0.954484,0.000047,0.00262805,1.42977213,1.000000
pkdd8,PKDD-8,458,460.000,465.000,1725,150,16,0.057143,3.200000,73.055717,9.038118,0.913196,0.255393,0.346117,2.670000,0.851853,53.949104,946,0.346117,-3.208566188812256,0,0.000000,0.00384185,0.00384185,0.00000027,0.00384185,0.00384185,0.00000000,1.200878,1.204171,-0.002742,0.025793,0.025778,0.000594,0.950036,0.950102,0.000066,0.00286378,1.39616187,1.000000
pkdd8,PKDD-8,459,461.000,466.000,1822,150,16,0.057143,3.200000,73.865982,9.593522,0.923325,0.235431,0.326083,2.940647,0.851853,60.671478,1013,0.326083,-2.951005458831787,0,0.000000,0.00406924,0.00406924,0.00000013,0.00406924,0.00406924,0.00000000,1.189501,1.192651,-0.002648,0.024192,0.024174,0.000712,0.953293,0.953358,0.000064,0.00317869,1.31515812,1.000000
pkdd8,PKDD-8,460,462.000,467.000,1905,150,17,0.060714,3.400000,74.434669,10.138260,0.930433,0.251290,0.347186,3.061107,0.851853,63.714176,1066,0.347186,-2.81697678565979,0,0.000000,0.00451531,0.00451531,-0.00000023,0.00451531,0.00451531,0.00000000,1.197237,1.200095,-0.002388,0.024957,0.024927,0.001186,0.951988,0.952066,0.000078,0.00338950,1.31666926,1.000000
pkdd8,PKDD-8,461,463.000,468.000,2099,150,21,0.075000,4.200000,74.566772,10.531466,0.932085,0.259453,0.356212,3.412264,0.857062,69.458000,1230,0.356212,-2.3447771072387695,0,0.000000,0.00484955,0.00484955,0.00000000,0.00484955,0.00484955,0.00000000,1.202588,1.205266,-0.002226,0.025643,0.025604,0.001525,0.950743,0.950833,0.000090,0.00380233,1.39559812,1.000000
pkdd8,PKDD-8,462,464.000,469.000,2241,150,22,0.078571,4.400000,74.318123,10.850422,0.928977,0.250339,0.343239,3.727185,0.885593,73.952530,1342,0.343239,-1.956718921661377,0,0.000000,0.00494384,0.00494384,-0.00000042,0.00494384,0.00494384,0.00000000,1.201417,1.204515,-0.002579,0.025438,0.025394,0.001715,0.951210,0.951306,0.000096,0.00367696,1.41585985,1.000000
pkdd8,PKDD-8,463,465.000,470.000,2259,150,22,0.078571,4.400000,73.926224,10.915998,0.924078,0.234659,0.324887,3.822086,0.923791,74.301598,1359,0.324887,-1.8195573091506958,0,0.000000,0.00513867,0.00513867,-0.00000040,0.00513867,0.00513867,0.00000000,1.195343,1.198361,-0.002525,0.024507,0.024462,0.001841,0.953181,0.953279,0.000098,0.00353048,1.50850292,1.000000
pkdd8,PKDD-8,464,466.000,471.000,2319,150,24,0.085714,4.800000,73.398376,10.804060,0.917480,0.250072,0.339818,3.784320,0.976931,71.980194,1419,0.339818,-1.7822554111480713,0,0.000000,0.00531629,0.00531629,-0.00000039,0.00531629,0.00531629,0.00000000,1.210921,1.213005,-0.001721,0.026740,0.026691,0.001836,0.948535,0.948637,0.000102,0.00339513,1.67942078,1.000000
pkdd8,PKDD-8,465,467.000,472.000,2399,150,22,0.078571,4.400000,73.088776,10.495695,0.913610,0.260873,0.352755,3.838212,1.015684,71.805107,1499,0.352755,-1.7407135963439941,0,0.000000,0.00536001,0.00536001,-0.00000010,0.00536001,0.00536001,0.00000000,1.211554,1.214048,-0.002058,0.026984,0.026941,0.001598,0.948034,0.948128,0.000094,0.00336224,1.81102840,1.000000
pkdd8,PKDD-8,466,468.000,473.000,2406,150,22,0.078571,4.400000,72.993698,10.055933,0.912421,0.258394,0.348268,3.658197,0.836656,68.119255,1506,0.348268,-1.9364087581634521,2,0.090909,0.00530464,0.00530464,0.00000019,0.00530464,0.00530464,0.00000000,1.192308,1.195266,-0.002481,0.024335,0.024300,0.001422,0.953220,0.953304,0.000084,0.00311839,1.88966781,1.000000
pkdd8,PKDD-8,467,469.000,474.000,2366,150,20,0.071429,4.000000,72.689575,9.497187,0.908620,0.259537,0.351746,3.303073,0.836656,61.213982,1466,0.351746,-2.346543312072754,6,0.300000,0.00540861,0.00540861,0.00000038,0.00540861,0.00540861,0.00000000,1.203086,1.206005,-0.002426,0.025985,0.025950,0.001384,0.949830,0.949917,0.000087,0.00295754,1.90067019,1.000000
pkdd8,PKDD-8,468,470.000,475.000,2398,150,21,0.075000,4.200000,72.192734,8.795814,0.902409,0.279007,0.372253,2.950587,0.783811,55.084698,1498,0.372253,-2.6802942752838135,10,0.476190,0.00557482,0.00557482,-0.00000009,0.00557482,0.00557482,0.00000000,1.200573,1.203029,-0.002046,0.025721,0.025687,0.001331,0.950144,0.950224,0.000081,0.00300429,1.85555254,1.000000
pkdd8,PKDD-8,469,471.000,476.000,2443,150,22,0.078571,4.400000,71.546028,8.076654,0.894325,0.279226,0.371345,2.816482,0.783811,53.325794,1514,0.371345,-2.7588393688201904,15,0.681818,0.00583785,0.00583785,0.00000000,0.00583785,0.00583785,0.00000000,1.197161,1.199527,-0.001976,0.025197,0.025157,0.001581,0.951442,0.951531,0.000090,0.00279790,1.84296845,1.000000
pkdd8,PKDD-8,470,472.000,477.000,2536,150,24,0.085714,4.800000,70.714447,7.473816,0.883931,0.260538,0.347641,2.716570,0.783811,51.784653,1565,0.347641,-2.7650704383850098,20,0.833333,0.00618388,0.00618388,-0.00000017,0.00618388,0.00618388,0.00000000,1.202403,1.204281,-0.001561,0.025992,0.025947,0.001723,0.949783,0.949885,0.000102,0.00320485,1.79577600,1.000000
pkdd8,PKDD-8,471,473.000,478.000,2663,150,25,0.089286,5.000000,69.903404,7.110423,0.873793,0.246901,0.334780,2.786911,0.783811,53.112793,1662,0.334780,-2.6002542972564697,18,0.720000,0.00661610,0.00661610,-0.00000008,0.00661610,0.00661610,0.00000000,1.208818,1.210935,-0.001751,0.027050,0.027001,0.001794,0.947553,0.947662,0.000109,0.00365195,1.78802714,1.000000
pkdd8,PKDD-8,472,474.000,479.000,2835,150,24,0.085714,4.800000,69.502129,6.979428,0.868777,0.236714,0.328103,3.027818,0.732226,57.830124,1804,0.328103,-2.31548810005188,15,0.625000,0.00693942,0.00693943,-0.00000015,0.00693942,0.00693942,0.00000000,1.204446,1.205793,-0.001119,0.026595,0.026549,0.001743,0.948450,0.948556,0.000106,0.00356005,1.85705227,1.000000
pkdd8,PKDD-8,473,475.000,480.000,2969,150,24,0.085714,4.800000,69.225121,6.959865,0.865314,0.225050,0.313332,3.270856,0.713669,62.166374,1908,0.313332,-2.0277864933013916,11,0.458333,0.00695939,0.00695939,-0.00000015,0.00695939,0.00695939,0.00000000,1.205470,1.207805,-0.001937,0.026861,0.026813,0.001758,0.947822,0.947937,0.000114,0.00329205,1.96324516,1.000000
pkdd8,PKDD-8,474,476.000,481.000,2998,150,24,0.085714,4.800000,69.044167,7.040444,0.863052,0.221361,0.305536,3.443681,0.669410,64.938835,1922,0.305536,-1.8305082321166992,8,0.333333,0.00680421,0.00680421,-0.00000038,0.00680421,0.00680421,0.00000000,1.201488,1.203854,-0.001970,0.026548,0.026501,0.001763,0.948204,0.948319,0.000115,0.00331065,1.99408352,1.000000
pkdd8,PKDD-8,475,477.000,482.000,2958,150,24,0.085714,4.800000,69.020706,7.099973,0.862759,0.207981,0.290297,3.565648,0.640871,67.202713,1865,0.290297,-1.7112064361572266,4,0.166667,0.00633542,0.00633542,-0.00000032,0.00633542,0.00633542,0.00000000,1.195307,1.197473,-0.001812,0.025796,0.025753,0.001672,0.949695,0.949803,0.000108,0.00330256,2.05255281,1.000000
pkdd8,PKDD-8,476,478.000,483.000,2770,150,24,0.085714,4.800000,69.258476,7.031454,0.865731,0.210091,0.288870,3.637877,0.640871,68.555756,1677,0.288870,-1.6684787273406982,4,0.166667,0.00573294,0.00573294,-0.00000018,0.00573294,0.00573294,0.00000000,1.204671,1.205859,-0.000986,0.026894,0.026842,0.001952,0.947758,0.947876,0.000117,0.00298452,2.14160355,1.000000
pkdd8,PKDD-8,477,479.000,484.000,2526,150,22,0.078571,4.400000,69.446274,7.049348,0.868078,0.217739,0.294459,3.632805,0.640871,67.963943,1433,0.294459,-1.73908269405365,3,0.136364,0.00536134,0.00536134,0.00000019,0.00536134,0.00536134,0.00000000,1.204602,1.205858,-0.001042,0.026618,0.026567,0.001917,0.948337,0.948451,0.000114,0.00275671,2.03949658,1.000000
pkdd8,PKDD-8,478,480.000,485.000,2390,150,24,0.085714,4.800000,69.613564,7.276250,0.870170,0.229495,0.313793,3.883988,0.640871,72.209297,1297,0.313793,-1.4387917518615723,3,0.125000,0.00517147,0.00517147,0.00000030,0.00517147,0.00517147,0.00000000,1.206253,1.206687,-0.000360,0.026899,0.026846,0.001967,0.947957,0.948070,0.000113,0.00277848,1.88277083,1.000000
pkdd8,PKDD-8,479,481.000,486.000,2303,150,24,0.085714,4.800000,69.617035,7.514817,0.870213,0.246150,0.342897,4.019462,0.640871,74.884224,1224,0.342897,-1.2887786626815796,2,0.083333,0.00517138,0.00517137,0.00000030,0.00517138,0.00517138,0.00000000,1.208405,1.209272,-0.000717,0.027179,0.027132,0.001761,0.947308,0.947416,0.000107,0.00327316,1.73441591,1.000000
pkdd8,PKDD-8,480,482.000,487.000,2308,150,23,0.082143,4.600000,69.363869,8.107013,0.867048,0.265089,0.365643,4.287305,0.968481,78.543388,1258,0.365643,-0.9951704740524292,3,0.130435,0.00517975,0.00517975,0.00000010,0.00517975,0.00517975,0.00000000,1.197021,1.199574,-0.002133,0.025829,0.025788,0.001596,0.949840,0.949942,0.000102,0.00348504,1.64161667,1.000000
pkdd8,PKDD-8,481,483.000,488.000,2350,150,21,0.075000,4.200000,68.915054,8.689254,0.861438,0.278495,0.384494,4.288968,0.968481,79.168571,1300,0.384494,-0.9964803457260132,3,0.142857,0.00539297,0.00539298,-0.00000038,0.00539297,0.00539297,0.00000000,1.197437,1.200240,-0.002341,0.026050,0.026009,0.001584,0.949260,0.949367,0.000107,0.00347881,1.54285111,1.000000
pkdd8,PKDD-8,482,484.000,489.000,2497,150,23,0.082143,4.600000,68.691628,9.008613,0.858645,0.277382,0.388837,4.067781,0.879047,75.938118,1420,0.388837,-1.1889251470565796,6,0.260870,0.00537757,0.00537757,-0.00000029,0.00537757,0.00537757,0.00000000,1.185053,1.188217,-0.002669,0.024461,0.024421,0.001667,0.952520,0.952626,0.000106,0.00366463,1.47383069,1.000000
pkdd8,PKDD-8,483,485.000,490.000,2529,150,23,0.082143,4.600000,68.687218,9.239275,0.858590,0.276352,0.395100,3.607157,0.670906,67.308075,1452,0.395100,-1.7050976753234863,10,0.434783,0.00522573,0.00522573,-0.00000039,0.00522573,0.00522573,0.00000000,1.189403,1.192171,-0.002327,0.024808,0.024769,0.001569,0.951791,0.951890,0.000099,0.00385211,1.38173819,1.000000
pkdd8,PKDD-8,484,486.000,491.000,2529,150,24,0.085714,4.800000,68.852760,9.419267,0.860660,0.277996,0.405752,3.276707,0.639333,60.144821,1452,0.405752,-2.0726497173309326,17,0.708333,0.00494752,0.00494752,-0.00000031,0.00494752,0.00494752,0.00000000,1.190749,1.194024,-0.002750,0.024735,0.024701,0.001345,0.952122,0.952210,0.000088,0.00368878,1.30272785,1.000000
pkdd8,PKDD-8,485,487.000,492.000,2443,150,23,0.082143,4.600000,69.163185,9.306169,0.864540,0.296489,0.438860,2.643480,0.549861,49.432831,1375,0.438860,-2.8179216384887695,15,0.652174,0.00484402,0.00484403,-0.00000021,0.00484402,0.00484402,0.00000000,1.190871,1.192946,-0.001742,0.024577,0.024540,0.001489,0.952423,0.952511,0.000089,0.00376172,1.22616990,1.000000
pkdd8,PKDD-8,486,488.000,493.000,2410,150,21,0.075000,4.200000,69.353630,9.115554,0.866920,0.292679,0.431687,2.251180,0.463297,41.870823,1372,0.431687,-3.309748649597168,15,0.714286,0.00469719,0.00469719,-0.00000022,0.00469719,0.00469719,0.00000000,1.181082,1.183639,-0.002164,0.023136,0.023104,0.001349,0.955333,0.955413,0.000081,0.00382348,1.11477397,1.000000
pkdd8,PKDD-8,487,489.000,494.000,2347,150,21,0.075000,4.200000,69.264961,9.162858,0.865812,0.300686,0.437076,2.016895,0.305673,37.147343,1344,0.437076,-3.568342685699463,20,0.952381,0.00457972,0.00457972,-0.00000045,0.00457972,0.00457972,0.00000000,1.194602,1.197649,-0.002551,0.024802,0.024769,0.001359,0.951993,0.952084,0.000091,0.00392672,1.00543173,1.000000
pkdd8,PKDD-8,488,490.000,495.000,2297,150,18,0.064286,3.600000,69.182480,9.041104,0.864781,0.296558,0.426990,1.848486,0.296544,34.290749,1324,0.426990,-3.81367826461792,19,1.055556,0.00445158,0.00445158,-0.00000012,0.00445158,0.00445158,0.00000000,1.190775,1.194357,-0.003009,0.024233,0.024196,0.001523,0.953116,0.953214,0.000098,0.00403089,0.93565659,1.000000
pkdd8,PKDD-8,489,491.000,496.000,2233,150,18,0.064286,3.600000,68.963783,8.936153,0.862047,0.284955,0.405531,1.666427,0.241434,31.860220,1290,0.405531,-4.00607442855835,11,0.611111,0.00433656,0.00433656,0.00000024,0.00433656,0.00433656,0.00000000,1.180027,1.183692,-0.003106,0.022672,0.022632,0.001754,0.956350,0.956460,0.000110,0.00404050,0.86018057,1.000000
pkdd8,PKDD-8,490,492.000,497.000,2183,150,17,0.060714,3.400000,68.825768,8.776366,0.860322,0.262384,0.359188,1.760926,0.150821,33.731323,1278,0.359188,-3.9187631607055664,12,0.705882,0.00416176,0.00416176,0.00000000,0.00416176,0.00416176,0.00000000,1.186102,1.189910,-0.003210,0.023388,0.023348,0.001718,0.955018,0.955131,0.000114,0.00409859,0.78441694,1.000000
pkdd8,PKDD-8,491,493.000,498.000,2101,150,17,0.060714,3.400000,68.685944,8.556651,0.858574,0.260413,0.362772,1.926620,0.150821,36.667789,1226,0.362772,-3.7314260005950928,15,0.882353,0.00402153,0.00402153,0.00000032,0.00402153,0.00402153,0.00000000,1.193501,1.196947,-0.002888,0.024120,0.024073,0.001952,0.953701,0.953835,0.000134,0.00408603,0.69222805,1.000000
pkdd8,PKDD-8,492,494.000,499.000,2031,150,18,0.064286,3.600000,68.500992,8.130979,0.856262,0.258002,0.360501,2.325076,0.150821,43.275806,1217,0.360501,-3.264224052429199,7,0.388889,0.00386063,0.00386063,0.00000053,0.00386063,0.00386063,0.00000000,1.189841,1.193433,-0.003019,0.023643,0.023600,0.001820,0.954972,0.955107,0.000135,0.00395612,0.59423342,1.000000
pkdd8,PKDD-8,493,495.000,500.000,1949,150,18,0.064286,3.600000,68.198082,7.713487,0.852476,0.253500,0.351364,2.754979,0.150821,50.649345,1195,0.351364,-2.777341365814209,4,0.222222,0.00362054,0.00362054,0.00000021,0.00362054,0.00362054,0.00000000,1.180921,1.184211,-0.002786,0.022759,0.022726,0.001477,0.956588,0.956710,0.000121,0.00392587,0.47599174,1.000000
pkdd8,PKDD-8,494,496.000,501.000,1824,150,17,0.060714,3.400000,68.167610,7.297203,0.852095,0.269281,0.364479,3.279757,0.150821,59.868790,1130,0.364479,-2.217571973800659,4,0.235294,0.00350154,0.00350154,0.00000000,0.00350154,0.00350154,0.00000000,1.193364,1.196224,-0.002397,0.024774,0.024742,0.001295,0.952323,0.952435,0.000112,0.00384259,0.36117655,1.000000
pkdd8,PKDD-8,495,497.000,502.000,1748,150,19,0.067857,3.800000,67.764114,7.386546,0.847051,0.280545,0.373165,3.581824,0.488394,65.534225,1097,0.373165,-1.8238193988800049,3,0.157895,0.00334090,0.00334090,0.00000046,0.00334090,0.00334090,0.00000000,1.188257,1.191283,-0.002547,0.024204,0.024174,0.001258,0.953415,0.953525,0.000111,0.00380061,0.24915965,1.000000
pkdd8,PKDD-8,496,498.000,503.000,1652,150,18,0.064286,3.600000,67.652420,7.588603,0.845655,0.287647,0.369287,3.615935,0.577676,66.274261,1031,0.369287,-1.8065626621246338,0,0.000000,0.00312748,0.00312748,0.00000016,0.00312748,0.00312748,0.00000000,1.192283,1.195553,-0.002743,0.025025,0.025004,0.000858,0.951551,0.951637,0.000086,0.00363272,0.10448037,1.000000
pkdd8,PKDD-8,497,499.000,504.000,1529,150,17,0.060714,3.400000,68.002403,7.891813,0.850030,0.289327,0.366986,3.361670,0.652538,62.729942,949,0.366986,-2.136028528213501,3,0.176471,0.00297177,0.00297177,0.00000035,0.00297177,0.00297177,0.00000000,1.179666,1.182451,-0.002361,0.023457,0.023436,0.000935,0.954241,0.954313,0.000072,0.00341898,0.08233058,1.000000
pkdd8,PKDD-8,498,500.000,505.000,1436,150,14,0.050000,2.800000,68.324272,8.445755,0.854053,0.300849,0.373858,3.069844,0.935232,58.466293,886,0.373858,-2.536860466003418,4,0.285714,0.00302721,0.00302721,-0.00000025,0.00302721,0.00302721,0.00000000,1.190311,1.193080,-0.002326,0.024858,0.024831,0.001089,0.951521,0.951610,0.000090,0.00342888,0.08273409,1.000000
pkdd8,PKDD-8,499,501.000,506.000,1445,150,14,0.050000,2.800000,68.481056,9.049892,0.856013,0.294827,0.369228,2.654529,0.956514,51.649948,925,0.369228,-3.002082109451294,4,0.285714,0.00316738,0.00316738,-0.00000016,0.00316738,0.00316738,0.00000000,1.190033,1.192691,-0.002233,0.024842,0.024817,0.001003,0.951541,0.951626,0.000085,0.00343849,0.40519226,1.000000
pkdd8,PKDD-8,500,502.000,507.000,1505,150,15,0.053571,3.000000,69.074547,9.185242,0.863432,0.304932,0.399286,2.450583,0.985718,48.066471,929,0.399286,-3.2322444915771484,4,0.266667,0.00353606,0.00353606,-0.00000044,0.00353606,0.00353606,0.00000000,1.206691,1.208483,-0.001485,0.026722,0.026694,0.001042,0.948086,0.948179,0.000093,0.00383758,0.68825900,1.000000
pkdd8,PKDD-8,501,503.000,508.000,1674,150,17,0.060714,3.400000,69.253609,9.426525,0.865670,0.314477,0.423267,2.378517,0.613828,46.433250,1009,0.423267,-3.2723312377929688,4,0.235294,0.00385245,0.00385245,-0.00000060,0.00385245,0.00385245,0.00000000,1.188430,1.190634,-0.001854,0.024416,0.024390,0.001062,0.952644,0.952727,0.000083,0.00391488,0.88895242,1.000000
pkdd8,PKDD-8,502,504.000,509.000,1815,150,16,0.057143,3.200000,69.235298,9.940104,0.865441,0.330012,0.447683,2.361892,0.613828,45.438450,1040,0.447683,-3.2974720001220703,1,0.062500,0.00417011,0.00417011,-0.00000074,0.00417011,0.00417011,0.00000000,1.194686,1.196730,-0.001711,0.025338,0.025308,0.001199,0.950939,0.951027,0.000088,0.00377915,1.05251757,1.000000
pkdd8,PKDD-8,503,505.000,510.000,1957,150,16,0.057143,3.200000,69.166420,10.577617,0.864580,0.326742,0.459399,2.346008,0.613828,43.962532,1062,0.459399,-3.3024399280548096,0,0.000000,0.00439360,0.00439361,-0.00000047,0.00439360,0.00439360,0.00000000,1.200580,1.202997,-0.002013,0.026084,0.026045,0.001500,0.949557,0.949664,0.000106,0.00350567,1.20855411,1.000000
pkdd8,PKDD-8,504,506.000,511.000,2069,150,17,0.060714,3.400000,69.045410,11.329193,0.863068,0.326581,0.484926,2.379396,0.613828,42.533089,1054,0.484926,-3.240304708480835,2,0.117647,0.00433511,0.00433511,-0.00000047,0.00433511,0.00433511,0.00000000,1.186523,1.188477,-0.001646,0.024068,0.024026,0.001725,0.953721,0.953832,0.000111,0.00317302,1.32673821,1.000000
pkdd8,PKDD-8,505,507.000,512.000,2048,150,17,0.060714,3.400000,68.824738,12.474540,0.860309,0.330189,0.493437,2.315468,0.613828,40.382370,999,0.493437,-3.3013038635253906,3,0.176471,0.00422738,0.00422738,-0.00000030,0.00422738,0.00422738,0.00000000,1.183042,1.185536,-0.002108,0.023783,0.023740,0.001808,0.954253,0.954363,0.000110,0.00281959,1.40848219,1.000000
pkdd8,PKDD-8,506,508.000,513.000,2005,150,17,0.060714,3.400000,68.517700,13.663343,0.856471,0.316664,0.491793,2.549718,0.659441,44.802952,955,0.491793,-3.0238592624664307,3,0.176471,0.00418277,0.00418277,-0.00000018,0.00418277,0.00418277,0.00000000,1.192868,1.194375,-0.001263,0.024843,0.024797,0.001828,0.952270,0.952388,0.000118,0.00260411,1.49716801,1.000000
pkdd8,PKDD-8,507,509.000,514.000,1991,150,19,0.067857,3.800000,67.940529,14.797057,0.849257,0.311552,0.509398,2.851530,0.657298,50.690414,941,0.509398,-2.6138670444488525,3,0.157895,0.00417252,0.00417252,-0.00000018,0.00417252,0.00417252,0.00000000,1.180814,1.182320,-0.001276,0.023174,0.023128,0.001979,0.955417,0.955542,0.000125,0.00245320,1.62784861,1.000000
pkdd8,PKDD-8,508,510.000,515.000,1991,150,18,0.064286,3.600000,67.085907,16.064156,0.838574,0.304989,0.510220,3.233453,0.623028,57.825226,949,0.510220,-2.1574363708496094,3,0.166667,0.00413899,0.00413899,0.00000012,0.00413899,0.00413899,0.00000000,1.174112,1.175635,-0.001297,0.022288,0.022253,0.001601,0.957149,0.957247,0.000098,0.00255514,1.80146268,0.998629
pkdd8,PKDD-8,509,511.000,516.000,1970,150,17,0.060714,3.400000,66.223511,17.413586,0.827794,0.276998,0.462534,3.556770,0.607172,64.884399,958,0.462534,-1.7630157470703125,1,0.058824,0.00417264,0.00417264,0.00000037,0.00417264,0.00417264,0.00000000,1.194937,1.196962,-0.001695,0.024974,0.024936,0.001500,0.951864,0.951971,0.000107,0.00252448,2.02420374,0.995899
pkdd8,PKDD-8,510,512.000,517.000,1975,150,16,0.057143,3.200000,65.360840,18.294720,0.817010,0.246034,0.419723,3.950406,0.584676,71.923309,993,0.419723,-1.2968640327453613,0,0.000000,0.00403753,0.00403752,0.00000013,0.00403753,0.00403753,0.00000000,1.169110,1.171204,-0.001791,0.021469,0.021435,0.001608,0.958678,0.958775,0.000097,0.00203119,2.42398882,0.992932
pkdd8,PKDD-8,511,513.000,518.000,1910,150,15,0.053571,3.000000,64.317070,19.200909,0.803963,0.235349,0.391074,4.123691,0.573194,73.706505,958,0.391074,-1.067238688468933,0,0.000000,0.00380654,0.00380654,0.00000000,0.00380654,0.00380654,0.00000000,1.172471,1.174682,-0.001886,0.021987,0.021952,0.001569,0.957692,0.957785,0.000093,0.00206352,2.50988453,0.985075
pkdd8,PKDD-8,512,514.000,519.000,1809,150,14,0.050000,2.800000,63.178551,20.038034,0.789732,0.209979,0.321216,4.289845,0.562521,75.082458,887,0.321216,-0.8389891386032104,0,0.000000,0.00359067,0.00359067,-0.00000029,0.00359067,0.00359067,0.00000000,1.180604,1.182927,-0.001967,0.023246,0.023218,0.001214,0.954988,0.955068,0.000080,0.00236934,2.25164073,0.977265
pkdd8,PKDD-8,513,515.000,520.000,1722,150,15,0.053571,3.000000,62.425571,20.608971,0.780320,0.193968,0.271810,4.441195,0.562521,76.454758,793,0.271810,-0.6133347749710083,0,0.000000,0.00334148,0.00334148,-0.00000054,0.00334148,0.00334148,0.00000000,1.171004,1.173482,-0.002116,0.022022,0.021993,0.001349,0.957368,0.957452,0.000084,0.00200204,2.24132296,0.972677
pkdd8,PKDD-8,514,516.000,521.000,1614,150,15,0.053571,3.000000,61.678650,21.094400,0.770983,0.186798,0.265661,4.666355,0.562521,79.322433,660,0.265661,-0.32486534118652344,0,0.000000,0.00311945,0.00311945,-0.00000049,0.00311945,0.00311945,0.00000000,1.150166,1.152159,-0.001733,0.019251,0.019205,0.002436,0.962802,0.962903,0.000101,0.00192620,2.34778115,0.969801
pkdd8,PKDD-8,515,517.000,522.000,1505,150,15,0.053571,3.000000,61.307579,21.830759,0.766345,0.187683,0.269342,4.867697,0.562521,84.229019,551,0.269342,-0.08452701568603516,0,0.000000,0.00294996,0.00294997,-0.00000052,0.00294996,0.00294996,0.00000000,1.179052,1.182590,-0.003001,0.023081,0.023033,0.002071,0.955422,0.955543,0.000121,0.00217625,1.96147888,0.963694
pkdd8,PKDD-8,516,518.000,523.000,1413,150,14,0.050000,2.800000,61.197147,22.666346,0.764964,0.191418,0.276178,5.335104,0.562521,95.379662,459,0.276178,0.4227471351623535,0,0.000000,0.00299457,0.00299457,0.00000034,0.00299457,0.00299457,0.00000000,1.167247,1.171429,-0.003582,0.021491,0.021450,0.001892,0.958587,0.958699,0.000112,0.00220194,1.69943369,0.964251
pkdd8,PKDD-8,517,519.000,524.000,1435,150,15,0.053571,3.000000,62.965805,23.632206,0.787073,0.187723,0.277197,5.764895,0.570852,113.741600,481,0.277197,0.8043935298919678,0,0.000000,0.00290686,0.00290686,0.00000053,0.00290686,0.00290686,0.00000000,1.170014,1.174319,-0.003679,0.021653,0.021598,0.002541,0.958409,0.958539,0.000131,0.00211857,1.58173191,0.962231
pkdd8,PKDD-8,518,520.000,525.000,1394,150,14,0.050000,2.800000,64.339851,24.871546,0.804248,0.175833,0.264602,5.787528,2.344726,121.536377,469,0.264602,0.721245527267456,0,0.000000,0.00285144,0.00285144,0.00000090,0.00285144,0.00285144,0.00000000,1.162201,1.166546,-0.003738,0.020434,0.020385,0.002399,0.960755,0.960872,0.000116,0.00200080,1.54921540,0.957639
pkdd8,PKDD-8,519,521.000,526.000,1381,150,13,0.046429,2.600000,66.015816,25.890169,0.825198,0.182862,0.271597,5.416723,2.231709,118.865875,481,0.271597,0.18518733978271484,0,0.000000,0.00286073,0.00286073,0.00000117,0.00286073,0.00286073,0.00000000,1.166314,1.171247,-0.004230,0.021182,0.021152,0.001407,0.959108,0.959196,0.000087,0.00187464,1.66611931,0.954017
pkdd8,PKDD-8,520,522.000,527.000,1419,150,13,0.046429,2.600000,67.607315,26.296492,0.845091,0.184052,0.269744,4.956295,1.215758,111.329224,490,0.269744,-0.42392468452453613,0,0.000000,0.00290606,0.00290605,0.00000097,0.00290606,0.00290606,0.00000000,1.160243,1.163624,-0.002914,0.020425,0.020397,0.001379,0.960547,0.960620,0.000074,0.00181778,1.78503315,0.954361
pkdd8,PKDD-8,521,523.000,528.000,1479,150,13,0.046429,2.600000,69.198441,26.344784,0.864981,0.208996,0.309954,4.325329,0.214328,99.479492,520,0.309954,-1.2241315841674805,0,0.000000,0.00289778,0.00289778,0.00000053,0.00289778,0.00289778,0.00000000,1.162252,1.164238,-0.001709,0.020733,0.020622,0.005347,0.960153,0.960327,0.000174,0.00179039,1.83840715,0.961258
pkdd8,PKDD-8,522,524.000,529.000,1510,150,15,0.053571,3.000000,69.846458,25.950594,0.873081,0.246779,0.397928,4.144413,0.001196,91.683762,510,0.397928,-1.4246740341186523,0,0.000000,0.00293947,0.00293947,0.00000088,0.00293947,0.00293947,0.00000000,1.160897,1.162820,-0.001656,0.020493,0.020396,0.004751,0.960695,0.960849,0.000154,0.00192432,1.93248268,0.971154
pkdd8,PKDD-8,523,525.000,530.000,1560,150,12,0.042857,2.400000,70.302162,24.977673,0.878777,0.298994,0.489263,4.231826,0.001196,85.356026,530,0.489263,-1.405112385749817,0,0.000000,0.00321730,0.00321729,0.00000032,0.00321730,0.00321730,0.00000000,1.185586,1.187387,-0.001520,0.023811,0.023695,0.004840,0.954174,0.954386,0.000211,0.00190895,2.24363624,0.981081
pkdd8,PKDD-8,524,526.000,531.000,1665,150,14,0.050000,2.800000,70.620865,23.239769,0.882761,0.354140,0.562006,4.745500,0.001196,89.293686,626,0.562006,-0.7996295690536499,4,0.285714,0.00366317,0.00366317,-0.00000014,0.00366317,0.00366317,0.00000000,1.195759,1.199021,-0.002729,0.025139,0.025037,0.004029,0.951518,0.951719,0.000201,0.00240116,2.71804557,0.990212
pkdd8,PKDD-8,525,527.000,532.000,1839,150,18,0.064286,3.600000,71.163628,21.002613,0.889545,0.388373,0.597364,5.174958,0.001196,95.446480,771,0.597364,-0.26776623725891113,7,0.388889,0.00396203,0.00396203,0.00000006,0.00396203,0.00396203,0.00000000,1.193416,1.196502,-0.002586,0.024679,0.024573,0.004309,0.952393,0.952592,0.000200,0.00204226,2.67321453,0.997685
pkdd8,PKDD-8,526,528.000,533.000,1944,150,18,0.064286,3.600000,71.625496,18.882189,0.895319,0.384706,0.591051,5.402000,0.001196,98.106125,846,0.591051,-0.0424346923828125,7,0.388889,0.00403309,0.00403309,-0.00000013,0.00403309,0.00403309,0.00000000,1.198330,1.201983,-0.003049,0.025350,0.025307,0.001691,0.950882,0.951002,0.000121,0.00199185,2.30080528,1.000000
pkdd8,PKDD-8,527,529.000,534.000,1916,150,18,0.064286,3.600000,72.135620,17.206097,0.901695,0.397391,0.581609,5.172098,0.739437,93.990273,799,0.581609,-0.31803417205810547,7,0.388889,0.00434153,0.00434153,-0.00000024,0.00434153,0.00434153,0.00000000,1.210105,1.213107,-0.002480,0.026742,0.026684,0.002156,0.948212,0.948357,0.000145,0.00216096,1.97396238,1.000000
pkdd8,PKDD-8,528,530.000,535.000,1999,150,20,0.071429,4.000000,72.957497,15.199164,0.911969,0.380004,0.544826,4.809066,0.739437,92.280556,852,0.544826,-0.7231978178024292,7,0.350000,0.00460596,0.00460596,-0.00000045,0.00460596,0.00460596,0.00000000,1.196998,1.199343,-0.001959,0.024937,0.024896,0.001639,0.952038,0.952136,0.000098,0.00281538,1.92172298,1.000000
pkdd8,PKDD-8,529,531.000,536.000,2132,150,23,0.082143,4.600000,73.468910,13.517341,0.918361,0.357814,0.511205,4.328864,0.739437,85.525665,934,0.511205,-1.2270182371139526,3,0.130435,0.00465665,0.00465665,-0.00000044,0.00465665,0.00465665,0.00000000,1.196404,1.196865,-0.000385,0.025019,0.024975,0.001760,0.951764,0.951853,0.000088,0.00221888,1.88142594,1.000000
pkdd8,PKDD-8,530,532.000,537.000,2169,150,22,0.078571,4.400000,73.935608,12.220218,0.924195,0.355294,0.503476,3.893345,0.646267,77.982620,969,0.503476,-1.7489080429077148,0,0.000000,0.00492932,0.00492932,-0.00000104,0.00492932,0.00492932,0.00000000,1.192007,1.192007,0.000000,0.024432,0.024388,0.001778,0.953049,0.953140,0.000090,0.00193924,1.88529081,1.000000
pkdd8,PKDD-8,531,533.000,538.000,2302,150,19,0.067857,3.800000,74.335617,11.139406,0.929195,0.328830,0.481005,3.638556,0.443005,73.599136,1102,0.481005,-2.102118968963623,3,0.157895,0.00529329,0.00529329,-0.00000068,0.00529329,0.00529329,0.00000000,1.197421,1.197824,-0.000336,0.025290,0.025243,0.001875,0.951271,0.951366,0.000095,0.00229917,1.92500209,1.000000
pkdd8,PKDD-8,532,534.000,539.000,2482,150,19,0.067857,3.800000,74.606483,10.450308,0.932581,0.309078,0.466982,3.537570,0.431194,71.131042,1282,0.466982,-2.222299575805664,9,0.473684,0.00553171,0.00553171,-0.00000037,0.00553171,0.00553171,0.00000000,1.186636,1.187404,-0.000647,0.023946,0.023914,0.001353,0.953730,0.953799,0.000069,0.00228335,2.03044473,1.000000
pkdd8,PKDD-8,533,535.000,540.000,2604,150,21,0.075000,4.200000,74.771370,10.081185,0.934642,0.295362,0.447705,3.425298,0.431194,68.404709,1424,0.447705,-2.3186333179473877,12,0.571429,0.00551047,0.00551047,0.00000000,0.00551047,0.00551047,0.00000000,1.194024,1.194800,-0.000650,0.025076,0.025041,0.001396,0.951351,0.951426,0.000076,0.00217569,2.03100568,1.000000
pkdd8,PKDD-8,534,536.000,541.000,2577,150,20,0.071429,4.000000,75.014816,9.667414,0.937685,0.278595,0.412183,3.245006,0.431194,65.691788,1427,0.412183,-2.558742046356201,12,0.600000,0.00537116,0.00537116,0.00000067,0.00537116,0.00537116,0.00000000,1.187374,1.188179,-0.000677,0.023887,0.023852,0.001495,0.954100,0.954179,0.000078,0.00213687,2.06089364,1.000000
pkdd8,PKDD-8,535,537.000,542.000,2487,150,20,0.071429,4.000000,75.031944,9.315944,0.937899,0.246016,0.349827,3.096686,0.431194,63.546349,1367,0.349827,-2.736088752746582,14,0.700000,0.00505402,0.00505401,0.00000132,0.00505402,0.00505402,0.00000000,1.193631,1.194480,-0.000711,0.024774,0.024743,0.001249,0.952116,0.952189,0.000073,0.00220734,2.05785527,1.000000
pkdd8,PKDD-8,536,538.000,543.000,2355,150,21,0.075000,4.200000,74.682526,9.147687,0.933532,0.236928,0.331052,3.189572,0.431194,65.664864,1265,0.331052,-2.6011483669281006,11,0.523810,0.00479227,0.00479226,0.00000150,0.00479227,0.00479227,0.00000000,1.190624,1.191508,-0.000743,0.024409,0.024381,0.001172,0.952810,0.952885,0.000076,0.00216251,2.09603974,1.000000
pkdd8,PKDD-8,537,539.000,544.000,2261,150,23,0.082143,4.600000,73.924911,8.898675,0.924061,0.278107,0.413877,3.384752,0.849270,68.752762,1201,0.413877,-2.309300661087036,5,0.217391,0.00447900,0.00447900,0.00000138,0.00447900,0.00447900,0.00000000,1.190009,1.190476,-0.000392,0.024442,0.024403,0.001576,0.952997,0.953087,0.000091,0.00230079,2.19617280,1.000000
pkdd8,PKDD-8,538,540.000,545.000,2142,150,21,0.075000,4.200000,72.700424,8.565032,0.908755,0.315130,0.476107,3.675156,0.924152,73.217232,1092,0.476107,-1.9537651538848877,2,0.095238,0.00436422,0.00436421,0.00000094,0.00436422,0.00436422,0.00000000,1.175746,1.176694,-0.000806,0.022394,0.022362,0.001440,0.957081,0.957159,0.000078,0.00263884,2.58353322,1.000000
pkdd8,PKDD-8,539,541.000,546.000,2111,150,21,0.075000,4.200000,71.694794,8.073253,0.896185,0.303901,0.470371,3.897254,0.943381,76.755836,1081,0.470371,-1.646780252456665,2,0.095238,0.00429349,0.00429349,0.00000024,0.00429349,0.00429349,0.00000000,1.186641,1.188063,-0.001198,0.024249,0.024212,0.001500,0.952921,0.953010,0.000089,0.00259320,2.54653690,1.000000
pkdd8,PKDD-8,540,542.000,547.000,2111,150,22,0.078571,4.400000,70.919991,7.793157,0.886500,0.298943,0.466069,3.994073,0.943381,78.345947,1130,0.466069,-1.4712227582931519,0,0.000000,0.00428638,0.00428638,0.00000048,0.00428638,0.00428638,0.00000000,1.188599,1.190024,-0.001199,0.024272,0.024236,0.001497,0.953281,0.953369,0.000088,0.00228122,2.24221226,1.000000
pkdd8,PKDD-8,541,543.000,548.000,2105,150,19,0.067857,3.800000,70.757156,7.819343,0.884464,0.307412,0.467523,3.795232,0.943381,75.308617,1184,0.467523,-1.7392656803131104,0,0.000000,0.00431901,0.00431901,0.00000000,0.00431901,0.00431901,0.00000000,1.188330,1.190228,-0.001597,0.023913,0.023878,0.001461,0.954071,0.954159,0.000088,0.00235689,2.11089436,1.000000
pkdd8,PKDD-8,542,544.000,549.000,2108,150,20,0.071429,4.000000,70.887321,7.956221,0.886092,0.247288,0.361146,3.629321,0.943381,73.001732,1247,0.361146,-1.9090160131454468,0,0.000000,0.00439331,0.00439331,0.00000000,0.00439331,0.00439331,0.00000000,1.183817,1.185688,-0.001580,0.023422,0.023390,0.001370,0.954817,0.954899,0.000081,0.00224665,2.10134409,1.000000
pkdd8,PKDD-8,543,545.000,550.000,2138,150,22,0.078571,4.400000,71.179146,8.118473,0.889739,0.194300,0.260492,3.452630,0.943381,70.393501,1308,0.260492,-2.079899549484253,0,0.000000,0.00450337,0.00450337,-0.00000011,0.00450337,0.00450337,0.00000000,1.195937,1.197743,-0.001510,0.025002,0.024965,0.001485,0.951777,0.951868,0.000091,0.00187843,2.20353304,1.000000
pkdd8,PKDD-8,544,546.000,551.000,2215,150,23,0.082143,4.600000,71.635384,8.375007,0.895442,0.195359,0.254398,3.351204,0.950446,69.157661,1395,0.254398,-2.1954445838928223,0,0.000000,0.00466438,0.00466438,-0.00000011,0.00466438,0.00466438,0.00000000,1.192191,1.194794,-0.002183,0.024481,0.024448,0.001369,0.952863,0.952944,0.000081,0.00194764,2.65475570,1.000000
pkdd8,PKDD-8,545,547.000,552.000,2305,150,21,0.075000,4.200000,72.201057,8.448556,0.902513,0.207940,0.271659,3.247326,0.950745,67.493492,1466,0.271659,-2.3801321983337402,0,0.000000,0.00481146,0.00481146,0.00000000,0.00481146,0.00481146,0.00000000,1.180829,1.184178,-0.002836,0.023510,0.023478,0.001369,0.954275,0.954354,0.000080,0.00181768,2.94110967,1.000000
pkdd8,PKDD-8,546,548.000,553.000,2389,150,20,0.071429,4.000000,72.619545,8.413048,0.907744,0.206885,0.274848,3.153210,0.108715,65.548523,1520,0.274848,-2.5236315727233887,1,0.050000,0.00499675,0.00499675,0.00000051,0.00499675,0.00499675,0.00000000,1.175789,1.178186,-0.002039,0.022997,0.022954,0.001859,0.955311,0.955394,0.000083,0.00187624,2.23829844,1.000000
pkdd8,PKDD-8,547,549.000,554.000,2503,150,23,0.082143,4.600000,72.759766,8.933411,0.909497,0.219754,0.326813,3.039852,0.108715,63.369076,1575,0.326813,-2.5957190990448,1,0.043478,0.00508931,0.00508931,0.00000030,0.00508931,0.00508931,0.00000000,1.184940,1.187671,-0.002305,0.024060,0.024019,0.001707,0.953398,0.953484,0.000085,0.00182013,2.06808334,1.000000
pkdd8,PKDD-8,548,550.000,555.000,2563,150,21,0.075000,4.200000,73.087418,9.280008,0.913593,0.226584,0.332343,2.867786,0.108715,60.278542,1604,0.332343,-2.8479812145233154,1,0.047619,0.00504959,0.00504959,0.00000082,0.00504959,0.00504959,0.00000000,1.183649,1.186809,-0.002669,0.024157,0.024118,0.001591,0.953050,0.953131,0.000081,0.00172014,1.93347775,1.000000
pkdd8,PKDD-8,549,551.000,556.000,2532,150,21,0.075000,4.200000,73.119492,9.632967,0.913994,0.217946,0.329490,2.808349,0.108715,59.197529,1543,0.329490,-2.91843581199646,2,0.095238,0.00498175,0.00498175,0.00000093,0.00498175,0.00498175,0.00000000,1.168873,1.170878,-0.001716,0.021987,0.021951,0.001613,0.957439,0.957514,0.000075,0.00188181,1.82742717,1.000000
pkdd8,PKDD-8,550,552.000,557.000,2493,150,23,0.082143,4.600000,73.299286,10.023909,0.916241,0.226563,0.344827,2.925562,0.108715,61.928707,1448,0.344827,-2.75894832611084,6,0.260870,0.00502163,0.00502162,0.00000041,0.00502163,0.00502163,0.00000000,1.187500,1.189490,-0.001676,0.024250,0.024212,0.001553,0.953334,0.953420,0.000086,0.00204609,1.80095394,1.000000
pkdd8,PKDD-8,551,553.000,558.000,2512,150,23,0.082143,4.600000,73.221748,10.236321,0.915272,0.241751,0.367100,3.302228,0.146002,69.545029,1407,0.367100,-2.3386244773864746,5,0.217391,0.00496091,0.00496091,-0.00000031,0.00496091,0.00496091,0.00000000,1.192918,1.195767,-0.002388,0.024985,0.024954,0.001218,0.951904,0.951989,0.000085,0.00207844,1.78240578,1.000000
pkdd8,PKDD-8,552,554.000,559.000,2457,150,23,0.082143,4.600000,73.326576,10.043365,0.916582,0.233956,0.326583,3.686590,0.210539,77.375870,1321,0.326583,-1.9191415309906006,5,0.217391,0.00495680,0.00495680,0.00000000,0.00495680,0.00495680,0.00000000,1.188328,1.190811,-0.002090,0.024584,0.024552,0.001281,0.952479,0.952567,0.000087,0.00203318,1.72811856,1.000000
pkdd8,PKDD-8,553,555.000,560.000,2416,150,24,0.085714,4.800000,73.303802,10.009678,0.916298,0.244395,0.337355,4.010706,0.296308,83.893471,1250,0.337355,-1.535892128944397,5,0.208333,0.00503011,0.00503012,-0.00000041,0.00503011,0.00503011,0.00000000,1.184330,1.186804,-0.002089,0.023838,0.023809,0.001208,0.954105,0.954189,0.000083,0.00216208,1.68211566,1.000000
pkdd8,PKDD-8,554,556.000,561.000,2425,150,24,0.085714,4.800000,73.419022,10.076389,0.917738,0.266176,0.359029,4.247977,0.920892,88.975395,1229,0.359029,-1.2712310552597046,4,0.166667,0.00526671,0.00526672,-0.00000059,0.00526671,0.00526671,0.00000000,1.197399,1.200946,-0.002962,0.025435,0.025406,0.001148,0.951175,0.951271,0.000096,0.00229238,1.71077987,1.000000
pkdd8,PKDD-8,555,557.000,562.000,2538,150,26,0.092857,5.200000,72.943680,10.466242,0.911796,0.298832,0.496153,4.365250,1.263340,89.106567,1338,0.496153,-1.0645451545715332,0,0.000000,0.00546474,0.00546474,-0.00000057,0.00546474,0.00546474,0.00000000,1.197022,1.201222,-0.003509,0.025561,0.025495,0.002548,0.950754,0.950920,0.000166,0.00262692,1.70879131,1.000000
pkdd8,PKDD-8,556,558.000,563.000,2619,150,27,0.096429,5.400000,71.844063,12.837985,0.898051,0.324676,0.539500,3.928641,0.359747,79.900871,1404,0.539500,-1.4485002756118774,3,0.111111,0.00576883,0.00576883,-0.00000054,0.00576883,0.00576883,0.00000000,1.191044,1.194294,-0.002729,0.024777,0.024709,0.002746,0.952192,0.952360,0.000168,0.00272735,1.77054288,1.000000
pkdd8,PKDD-8,557,559.000,564.000,2769,150,27,0.096429,5.400000,70.833336,14.881771,0.885417,0.346297,0.568461,3.512522,0.015858,71.277985,1543,0.568461,-1.8302298784255981,6,0.222222,0.00620130,0.00620130,-0.00000033,0.00620130,0.00620130,0.00000000,1.190827,1.194510,-0.003092,0.024706,0.024641,0.002612,0.952430,0.952589,0.000160,0.00300441,1.85531020,1.000000
pkdd8,PKDD-8,558,560.000,565.000,2987,150,28,0.100000,5.600000,70.168205,16.483814,0.877103,0.379677,0.634324,3.287226,0.015858,66.543205,1761,0.634324,-2.007976531982422,11,0.392857,0.00648490,0.00648489,0.00000032,0.00648490,0.00648490,0.00000000,1.187821,1.191667,-0.003238,0.024497,0.024435,0.002547,0.952543,0.952695,0.000152,0.00311352,1.99779848,1.000000
pkdd8,PKDD-8,559,561.000,566.000,3120,150,27,0.096429,5.400000,69.585945,17.703506,0.869824,0.419554,0.709970,3.056813,0.015858,61.319469,1894,0.709970,-2.236691474914551,11,0.407407,0.00674849,0.00674849,0.00000061,0.00674849,0.00674849,0.00000000,1.188063,1.192104,-0.003401,0.024806,0.024739,0.002682,0.951620,0.951774,0.000155,0.00334079,2.06673673,1.000000
pkdd8,PKDD-8,560,562.000,567.000,3217,150,27,0.096429,5.400000,69.184685,18.627184,0.864809,0.428814,0.719612,2.786849,0.015858,56.896423,1991,0.719612,-2.5052154064178467,16,0.592593,0.00689878,0.00689878,0.00000045,0.00689878,0.00689878,0.00000000,1.187977,1.190723,-0.002312,0.024785,0.024417,0.014852,0.951714,0.952489,0.000776,0.00301834,2.14907565,1.000000
pkdd8,PKDD-8,561,563.000,568.000,3277,150,26,0.092857,5.200000,69.326530,18.695202,0.866582,0.431632,0.733444,2.863174,0.015858,57.949303,2066,0.733444,-2.4459187984466553,13,0.500000,0.00698651,0.00698651,0.00000037,0.00698651,0.00698651,0.00000000,1.198609,1.196191,0.002018,0.025784,0.024620,0.045148,0.950422,0.952244,0.001822,0.00327808,2.26213597,1.000000
pkdd8,PKDD-8,562,564.000,569.000,3308,150,27,0.096429,5.400000,69.562706,18.508909,0.869534,0.433329,0.741908,2.990437,0.244620,59.769470,2108,0.741908,-2.302539825439453,10,0.370370,0.00691790,0.00691790,0.00000030,0.00691790,0.00691790,0.00000000,1.214808,1.211152,0.003010,0.027228,0.025924,0.047898,0.948205,0.950199,0.001995,0.00289982,2.25135867,0.998355
pkdd8,PKDD-8,563,565.000,570.000,3282,150,29,0.103571,5.800000,69.552032,18.242203,0.869400,0.418088,0.718116,3.048464,0.414298,60.043957,2082,0.718116,-2.1989996433258057,6,0.206897,0.00689586,0.00689587,-0.00000030,0.00689586,0.00689586,0.00000000,1.225250,1.221314,0.003212,0.027887,0.026586,0.046665,0.947565,0.949557,0.001992,0.00271952,2.12585432,0.994278
pkdd8,PKDD-8,564,566.000,571.000,3303,150,30,0.107143,6.000000,69.363754,17.953968,0.867047,0.387263,0.655394,3.189535,0.492304,62.073376,2103,0.655394,-2.015911817550659,6,0.200000,0.00676465,0.00676465,-0.00000061,0.00676465,0.00676465,0.00000000,1.222969,1.217776,0.004246,0.026833,0.025523,0.048816,0.950155,0.952154,0.001999,0.00264248,2.05855870,0.990104
pkdd8,PKDD-8,565,567.000,572.000,3274,150,28,0.100000,5.600000,69.180779,17.827562,0.864760,0.352579,0.568783,3.288610,0.492304,63.071396,2074,0.568783,-1.9391111135482788,1,0.035714,0.00662352,0.00662352,-0.00000039,0.00662352,0.00662352,0.00000000,1.230124,1.225155,0.004039,0.026964,0.025967,0.036983,0.950392,0.951736,0.001344,0.00265536,2.02748190,0.985745
pkdd8,PKDD-8,566,568.000,573.000,3220,150,27,0.096429,5.400000,68.928772,17.653433,0.861610,0.327268,0.515609,3.291256,0.492375,63.032265,2020,0.515609,-1.9488035440444946,1,0.037037,0.00638610,0.00638610,-0.00000016,0.00638610,0.00638610,0.00000000,1.231735,1.232378,-0.000523,0.026800,0.026624,0.006562,0.950727,0.950985,0.000258,0.00252000,1.96986705,0.980882
pkdd8,PKDD-8,567,569.000,574.000,3107,150,28,0.100000,5.600000,68.472038,17.644674,0.855900,0.303957,0.470385,3.323317,0.507741,63.557579,1907,0.470385,-1.8749377727508545,1,0.035714,0.00611389,0.00611390,-0.00000042,0.00611389,0.00611389,0.00000000,1.230223,1.231575,-0.001099,0.026422,0.026383,0.001492,0.951339,0.951432,0.000093,0.00251289,1.94677063,0.977181
pkdd8,PKDD-8,568,570.000,575.000,2958,150,25,0.089286,5.000000,67.908775,17.685471,0.848860,0.287305,0.434653,3.558224,0.546245,68.242317,1758,0.434653,-1.6448297500610352,0,0.000000,0.00592981,0.00592981,0.00000000,0.00592981,0.00592981,0.00000000,1.224806,1.225863,-0.000863,0.025479,0.025446,0.001291,0.953357,0.953438,0.000082,0.00273221,1.99647201,0.976216
pkdd8,PKDD-8,569,571.000,576.000,2838,150,27,0.096429,5.400000,67.296600,17.652290,0.841208,0.275237,0.424586,3.680185,0.590603,70.324509,1638,0.424586,-1.4376091957092285,0,0.000000,0.00577069,0.00577069,0.00000036,0.00577069,0.00577069,0.00000000,1.244089,1.245908,-0.001462,0.028221,0.028188,0.001170,0.948116,0.948204,0.000088,0.00269256,2.10517511,0.975446
pkdd8,PKDD-8,570,572.000,577.000,2749,150,28,0.100000,5.600000,66.598778,17.493752,0.832485,0.263995,0.414542,3.697498,0.632988,70.287895,1549,0.414542,-1.3578537702560425,1,0.035714,0.00568857,0.00568857,0.00000036,0.00568857,0.00568857,0.00000000,1.241799,1.244010,-0.001781,0.027807,0.027778,0.001058,0.949059,0.949137,0.000078,0.00248779,2.19559969,0.975120
pkdd8,PKDD-8,571,573.000,578.000,2713,150,26,0.092857,5.200000,66.089699,17.313648,0.826121,0.252784,0.388415,3.775071,0.672127,71.106071,1513,0.388415,-1.2767729759216309,1,0.038462,0.00575151,0.00575151,0.00000089,0.00575151,0.00575151,0.00000000,1.221056,1.223227,-0.001778,0.025283,0.025262,0.000845,0.953943,0.954006,0.000063,0.00276677,2.32040729,0.975579
pkdd8,PKDD-8,572,574.000,579.000,2764,150,27,0.096429,5.400000,65.845398,17.011553,0.823067,0.266736,0.407380,3.796912,0.762749,71.043251,1565,0.407380,-1.2142794132232666,2,0.074074,0.00583800,0.00583799,0.00000079,0.00583800,0.00583800,0.00000000,1.227225,1.229335,-0.001720,0.026155,0.026136,0.000717,0.952232,0.952292,0.000060,0.00288504,2.86763063,0.978948
pkdd8,PKDD-8,573,575.000,580.000,2843,150,25,0.089286,5.000000,65.991798,16.859369,0.824897,0.282226,0.434368,3.607959,0.688274,67.253571,1670,0.434368,-1.4715510606765747,8,0.320000,0.00586021,0.00586021,0.00000070,0.00586021,0.00586021,0.00000000,1.231142,1.232872,-0.001405,0.026973,0.026950,0.000855,0.950217,0.950282,0.000065,0.00314048,3.01518365,0.983962
pkdd8,PKDD-8,574,576.000,581.000,2890,150,26,0.092857,5.200000,66.252388,16.740479,0.828155,0.292230,0.448842,3.442888,0.590820,64.389595,1743,0.448842,-1.6547263860702515,9,0.346154,0.00576937,0.00576936,0.00000054,0.00576937,0.00576937,0.00000000,1.205872,1.206921,-0.000870,0.023980,0.023958,0.000907,0.955525,0.955580,0.000055,0.00315342,2.64759866,0.988518
pkdd8,PKDD-8,575,577.000,582.000,2861,150,24,0.085714,4.800000,66.559517,16.716219,0.831994,0.297172,0.450722,3.422953,0.590820,64.466423,1733,0.450722,-1.7395517826080322,8,0.333333,0.00566075,0.00566075,0.00000027,0.00566075,0.00566075,0.00000000,1.192144,1.192852,-0.000594,0.023055,0.023035,0.000861,0.956564,0.956615,0.000051,0.00316577,2.50953527,0.993153
pkdd8,PKDD-8,576,578.000,583.000,2826,150,24,0.085714,4.800000,66.841301,16.600378,0.835516,0.300756,0.460334,3.311393,0.590820,62.799950,1728,0.460334,-1.8895654678344727,8,0.333333,0.00543054,0.00543054,0.00000000,0.00543054,0.00543054,0.00000000,1.201761,1.202495,-0.000611,0.025003,0.024971,0.001272,0.952158,0.952230,0.000072,0.00291922,2.37896559,0.997854
pkdd8,PKDD-8,577,579.000,584.000,2726,150,22,0.078571,4.400000,67.125252,16.442850,0.839066,0.291677,0.459067,3.119537,0.568693,59.668152,1657,0.459067,-2.163703203201294,7,0.318182,0.00531875,0.00531875,0.00000039,0.00531875,0.00531875,0.00000000,1.175524,1.176647,-0.000955,0.022376,0.022345,0.001409,0.956759,0.956826,0.000066,0.00235278,2.44901310,1.000000
pkdd8,PKDD-8,578,580.000,585.000,2672,150,24,0.085714,4.800000,67.308731,15.922453,0.841359,0.277405,0.439749,3.125110,0.546093,59.659786,1607,0.439749,-2.1330690383911133,1,0.041667,0.00522901,0.00522901,0.00000059,0.00522901,0.00522901,0.00000000,1.167813,1.169725,-0.001637,0.021858,0.021830,0.001284,0.957501,0.957570,0.000069,0.00248454,2.34641790,1.000000
pkdd8,PKDD-8,579,581.000,586.000,2616,150,24,0.085714,4.800000,67.620621,15.342430,0.845258,0.269360,0.413972,3.212209,0.499024,61.526871,1555,0.413972,-2.054241895675659,3,0.125000,0.00527958,0.00527958,0.00000058,0.00527958,0.00527958,0.00000000,1.180365,1.183029,-0.002257,0.023661,0.023638,0.000952,0.953942,0.954021,0.000079,0.00278235,2.50970887,1.000000
pkdd8,PKDD-8,580,582.000,587.000,2628,150,24,0.085714,4.800000,67.715813,14.553032,0.846448,0.270356,0.429163,3.300327,0.472196,63.296814,1578,0.429163,-1.960006594657898,4,0.166667,0.00534716,0.00534716,0.00000019,0.00534716,0.00534716,0.00000000,1.187950,1.190224,-0.001914,0.024286,0.024263,0.000946,0.953021,0.953101,0.000080,0.00269539,3.08634523,1.000000
pkdd8,PKDD-8,581,583.000,588.000,2639,150,25,0.089286,5.000000,67.681427,13.542412,0.846018,0.270420,0.437116,3.524735,0.472196,67.008331,1589,0.437116,-1.6831684112548828,4,0.160000,0.00551241,0.00551241,0.00000019,0.00551241,0.00551241,0.00000000,1.183308,1.187034,-0.003149,0.023568,0.023556,0.000507,0.954485,0.954554,0.000068,0.00260626,2.41966635,1.000000
pkdd8,PKDD-8,582,584.000,589.000,2684,150,26,0.092857,5.200000,67.600594,12.472021,0.845007,0.269623,0.435398,3.796570,0.472196,71.778900,1634,0.435398,-1.3568609952926636,4,0.153846,0.00551503,0.00551503,-0.00000019,0.00551503,0.00551503,0.00000000,1.190369,1.194883,-0.003793,0.024587,0.024575,0.000495,0.952423,0.952501,0.000078,0.00216608,2.14618830,1.000000
pkdd8,PKDD-8,583,585.000,590.000,2658,150,24,0.085714,4.800000,67.391098,11.539432,0.842389,0.265649,0.426157,3.933700,0.472196,74.330101,1608,0.426157,-1.2217841148376465,4,0.166667,0.00576145,0.00576145,0.00000000,0.00576145,0.00576145,0.00000000,1.199854,1.204223,-0.003641,0.025785,0.025766,0.000746,0.950070,0.950162,0.000092,0.00219133,1.81669726,1.000000
pkdd8,PKDD-8,584,586.000,591.000,2747,150,28,0.100000,5.600000,67.014015,10.540169,0.837675,0.267761,0.434139,3.816868,0.263668,71.671677,1668,0.434139,-1.241123914718628,1,0.035714,0.00597100,0.00597100,-0.00000017,0.00597100,0.00597100,0.00000000,1.188920,1.192472,-0.002987,0.024301,0.024272,0.001223,0.952980,0.953071,0.000091,0.00242435,1.62142534,1.000000
pkdd8,PKDD-8,585,587.000,592.000,2816,150,26,0.092857,5.200000,66.567741,9.959640,0.832097,0.263042,0.403246,3.687860,0.229080,68.024376,1707,0.403246,-1.3876641988754272,0,0.000000,0.00617985,0.00617985,0.00000050,0.00617985,0.00617985,0.00000000,1.198130,1.201940,-0.003180,0.025653,0.025620,0.001285,0.950241,0.950337,0.000096,0.00256550,1.47500591,1.000000
pkdd8,PKDD-8,586,588.000,593.000,2887,150,26,0.092857,5.200000,66.445557,9.634811,0.830569,0.255355,0.377707,3.491482,0.170599,63.523346,1771,0.377707,-1.5936005115509033,0,0.000000,0.00629115,0.00629115,0.00000033,0.00629115,0.00629115,0.00000000,1.197881,1.199932,-0.001712,0.025649,0.025614,0.001362,0.950139,0.950232,0.000093,0.00252917,1.41613898,1.000000
pkdd8,PKDD-8,587,589.000,594.000,2926,150,26,0.092857,5.200000,66.355042,9.456735,0.829438,0.259648,0.351720,3.284302,0.112949,59.080334,1810,0.351720,-1.8101329803466797,0,0.000000,0.00649343,0.00649342,0.00000055,0.00649343,0.00649343,0.00000000,1.191221,1.192883,-0.001396,0.024676,0.024643,0.001314,0.952166,0.952252,0.000086,0.00250324,1.35170794,1.000000
pkdd8,PKDD-8,588,590.000,595.000,3007,150,25,0.089286,5.000000,66.289200,9.371067,0.828615,0.252420,0.328503,3.123461,0.074412,55.734596,1891,0.328503,-2.0062544345855713,1,0.040000,0.00643329,0.00643329,0.00000064,0.00643329,0.00643329,0.00000000,1.190955,1.192630,-0.001406,0.024909,0.024883,0.001043,0.951535,0.951606,0.000071,0.00230766,1.32829187,1.000000
pkdd8,PKDD-8,589,591.000,596.000,2985,150,26,0.092857,5.200000,65.991516,9.258277,0.824894,0.247116,0.310730,3.172008,0.051756,56.372158,1898,0.310730,-1.9170557260513306,1,0.038462,0.00635126,0.00635126,0.00000065,0.00635126,0.00635126,0.00000000,1.197373,1.199394,-0.001688,0.025636,0.025619,0.000657,0.950219,0.950280,0.000061,0.00233377,1.29664347,1.000000
pkdd8,PKDD-8,590,592.000,597.000,2969,150,26,0.092857,5.200000,65.645981,8.959817,0.820575,0.240876,0.313004,3.136344,0.051755,55.793427,1912,0.313004,-1.9331852197647095,4,0.153846,0.00639599,0.00639599,0.00000016,0.00639599,0.00639599,0.00000000,1.188698,1.190681,-0.001668,0.024477,0.024462,0.000583,0.952542,0.952603,0.000061,0.00246946,1.37256543,1.000000
pkdd8,PKDD-8,591,593.000,598.000,3026,150,28,0.100000,5.600000,65.940216,9.530645,0.824253,0.245590,0.326910,3.089696,0.051755,56.089317,1976,0.326910,-1.9523272514343262,8,0.285714,0.00671270,0.00671270,0.00000031,0.00671270,0.00671270,0.00000000,1.186633,1.188525,-0.001594,0.024187,0.024167,0.000816,0.953000,0.953080,0.000080,0.00302226,1.40351366,1.000000
pkdd8,PKDD-8,592,594.000,599.000,3172,150,29,0.103571,5.800000,66.150749,10.133671,0.826884,0.247715,0.345382,2.972744,0.051755,54.590656,2122,0.345382,-2.065690040588379,9,0.310345,0.00697940,0.00697940,0.00000029,0.00697940,0.00697940,0.00000000,1.202493,1.204317,-0.001517,0.026400,0.026376,0.000903,0.948599,0.948686,0.000086,0.00280431,1.43092123,1.000000
pkdd8,PKDD-8,593,595.000,600.000,3289,150,28,0.100000,5.600000,66.362350,10.645018,0.829529,0.268505,0.372604,2.815822,0.051755,51.872486,2239,0.372604,-2.258476734161377,9,0.321429,0.00736196,0.00736196,-0.00000035,0.00736196,0.00736196,0.00000000,1.198781,1.199942,-0.000968,0.025765,0.025732,0.001275,0.949965,0.950062,0.000097,0.00261262,1.49135288,1.000000
pkdd8,PKDD-8,594,596.000,601.000,3446,150,29,0.103571,5.800000,66.721313,11.117822,0.834016,0.259248,0.366018,2.664663,0.051755,49.062572,2396,0.366018,-2.421609401702881,9,0.310345,0.00756178,0.00756178,-0.00000014,0.00756178,0.00756178,0.00000000,1.200341,1.201762,-0.001184,0.026017,0.025979,0.001488,0.949640,0.949744,0.000104,0.00263525,1.57048691,1.000000
pkdd8,PKDD-8,595,597.000,602.000,3519,150,30,0.107143,6.000000,67.290092,11.626618,0.841126,0.264347,0.375567,2.644716,0.052666,48.635994,2469,0.375567,-2.457754611968994,6,0.200000,0.00761874,0.00761874,-0.00000014,0.00761874,0.00761874,0.00000000,1.193539,1.194673,-0.000950,0.025121,0.025079,0.001683,0.951446,0.951550,0.000104,0.00292788,1.64517072,1.000000
pkdd8,PKDD-8,596,598.000,603.000,3529,150,32,0.114286,6.400000,67.546120,11.745547,0.844326,0.268298,0.384448,2.576121,0.071460,46.951115,2479,0.384448,-2.518937110900879,2,0.062500,0.00739451,0.00739451,-0.00000014,0.00739451,0.00739451,0.00000000,1.203892,1.205344,-0.001206,0.026546,0.026505,0.001572,0.948738,0.948834,0.000096,0.00318030,1.76528544,1.000000
pkdd8,PKDD-8,597,599.000,604.000,3443,150,31,0.110714,6.200000,67.950150,11.959691,0.849377,0.271455,0.395770,2.587965,0.106222,46.853718,2393,0.395770,-2.559072494506836,5,0.161290,0.00717523,0.00717523,-0.00000029,0.00717523,0.00717523,0.00000000,1.193280,1.194469,-0.000997,0.024940,0.024896,0.001769,0.952085,0.952180,0.000096,0.00296081,1.92727691,1.000000
pkdd8,PKDD-8,598,600.000,605.000,3363,150,30,0.107143,6.000000,68.351021,12.239742,0.854388,0.266507,0.397084,2.674983,0.120393,48.421867,2313,0.397084,-2.521118402481079,4,0.133333,0.00680854,0.00680854,0.00000030,0.00680854,0.00680854,0.00000000,1.189382,1.190624,-0.001044,0.024416,0.024377,0.001586,0.953132,0.953218,0.000085,0.00285330,2.14956230,1.000000
pkdd8,PKDD-8,599,601.000,606.000,3221,150,28,0.100000,5.600000,68.661179,12.390399,0.858265,0.264488,0.397114,2.732949,0.120393,49.818108,2171,0.397114,-2.5287177562713623,4,0.142857,0.00645863,0.00645862,0.00000048,0.00645863,0.00645863,0.00000000,1.190274,1.190927,-0.000548,0.024554,0.024510,0.001798,0.952779,0.952876,0.000097,0.00280926,2.41977517,1.000000
pkdd8,PKDD-8,600,602.000,607.000,3064,150,24,0.085714,4.800000,68.675125,12.079825,0.858439,0.268125,0.406761,2.749133,0.453291,50.730408,2014,0.406761,-2.6027026176452637,4,0.166667,0.00612584,0.00612583,0.00000084,0.00612584,0.00612584,0.00000000,1.197999,1.199034,-0.000864,0.025676,0.025637,0.001501,0.950306,0.950398,0.000091,0.00307896,2.47032259,1.000000
pkdd8,PKDD-8,601,603.000,608.000,2899,150,24,0.085714,4.800000,68.370323,11.649080,0.854629,0.277063,0.419815,2.944312,0.404722,54.416779,1830,0.419815,-2.380741834640503,5,0.208333,0.00575804,0.00575804,0.00000045,0.00575804,0.00575804,0.00000000,1.198308,1.200147,-0.001535,0.025840,0.025798,0.001633,0.949922,0.950022,0.000100,0.00318828,2.44633559,1.000000
pkdd8,PKDD-8,602,604.000,609.000,2718,150,23,0.082143,4.600000,67.939537,10.914061,0.849244,0.259189,0.392861,3.155718,0.404722,58.158215,1639,0.392861,-2.155395269393921,1,0.043478,0.00531291,0.00531290,0.00000087,0.00531291,0.00531291,0.00000000,1.198410,1.200795,-0.001991,0.025768,0.025728,0.001533,0.949955,0.950056,0.000101,0.00298647,2.24756998,1.000000
pkdd8,PKDD-8,603,605.000,610.000,2515,150,24,0.085714,4.800000,67.390579,9.819425,0.842382,0.241762,0.369871,3.318859,0.303093,60.996418,1461,0.369871,-1.9388618469238281,4,0.166667,0.00481220,0.00481220,0.00000021,0.00481220,0.00481220,0.00000000,1.195538,1.199475,-0.003293,0.025497,0.025455,0.001650,0.950531,0.950642,0.000111,0.00311803,2.02703188,1.000000
pkdd8,PKDD-8,604,606.000,611.000,2286,150,21,0.075000,4.200000,66.982323,8.780300,0.837279,0.261639,0.390040,3.514771,0.303093,64.102440,1262,0.390040,-1.765946865081787,4,0.190476,0.00451535,0.00451535,-0.00000068,0.00451535,0.00451535,0.00000000,1.201950,1.207057,-0.004249,0.026280,0.026223,0.002170,0.948938,0.949088,0.000150,0.00282910,1.99253262,1.000000
pkdd8,PKDD-8,605,607.000,612.000,2154,150,21,0.075000,4.200000,67.274628,8.394346,0.840933,0.258352,0.378413,3.795781,0.303093,69.836960,1145,0.378413,-1.4860286712646484,5,0.238095,0.00415765,0.00415766,-0.00000080,0.00415765,0.00415765,0.00000000,1.192753,1.198289,-0.004641,0.024863,0.024794,0.002779,0.952128,0.952300,0.000172,0.00233175,1.88685822,1.000000
pkdd8,PKDD-8,606,608.000,613.000,1987,150,19,0.067857,3.800000,67.417656,8.126672,0.842721,0.251844,0.358308,3.971890,0.303093,73.970825,1021,0.358308,-1.3479686975479126,5,0.263158,0.00391863,0.00391863,-0.00000053,0.00391863,0.00391863,0.00000000,1.190323,1.195161,-0.004065,0.024170,0.024101,0.002874,0.953603,0.953781,0.000178,0.00188098,1.76773590,1.000000
pkdd8,PKDD-8,607,609.000,614.000,1860,150,19,0.067857,3.800000,67.211388,8.296031,0.840142,0.244743,0.345777,4.228621,0.303093,79.112305,939,0.345777,-1.059587001800537,10,0.526316,0.00366823,0.00366823,-0.00000084,0.00366823,0.00366823,0.00000000,1.195308,1.199414,-0.003435,0.024868,0.024785,0.003327,0.952381,0.952584,0.000202,0.00195808,1.76606446,1.000000
pkdd8,PKDD-8,608,610.000,615.000,1705,150,16,0.057143,3.200000,67.431458,8.829125,0.842893,0.242276,0.345266,4.723098,0.305264,88.722496,789,0.345266,-0.5905157327651978,7,0.437500,0.00349590,0.00349590,-0.00000044,0.00349590,0.00349590,0.00000000,1.206087,1.209258,-0.002629,0.026091,0.026001,0.003441,0.950019,0.950235,0.000216,0.00197509,1.71662404,1.000000
pkdd8,PKDD-8,609,611.000,616.000,1577,150,16,0.057143,3.200000,67.891678,9.329415,0.848646,0.212261,0.311063,5.595376,0.305264,105.142860,661,0.311063,0.33943843841552734,7,0.437500,0.00327077,0.00327077,0.00000008,0.00327077,0.00327077,0.00000000,1.196790,1.198883,-0.001749,0.024984,0.024918,0.002634,0.952102,0.952253,0.000151,0.00190941,1.62145029,1.000000
pkdd8,PKDD-8,610,612.000,617.000,1433,150,16,0.057143,3.200000,68.300987,10.034128,0.853762,0.200767,0.294194,6.100832,0.305264,112.003876,532,0.294194,0.8692328929901123,6,0.375000,0.00313750,0.00313750,-0.00000025,0.00313750,0.00313750,0.00000000,1.204936,1.206432,-0.001242,0.026191,0.026128,0.002423,0.949571,0.949712,0.000141,0.00182240,1.61844885,1.000000
pkdd8,PKDD-8,611,613.000,618.000,1337,150,15,0.053571,3.000000,69.022675,10.694777,0.862783,0.172175,0.244096,6.476852,0.305264,115.354073,442,0.244096,1.218005895614624,8,0.533333,0.00305428,0.00305428,0.00000008,0.00305428,0.00305428,0.00000000,1.193925,1.195483,-0.001305,0.024875,0.024816,0.002372,0.952148,0.952270,0.000122,0.00155147,1.58578727,1.000000
pkdd8,PKDD-8,612,614.000,619.000,1284,150,14,0.050000,2.800000,70.313927,10.881430,0.878924,0.198083,0.264830,6.632061,1.054699,114.050941,384,0.264830,1.2923541069030762,3,0.214286,0.00314057,0.00314057,0.00000000,0.00314057,0.00314057,0.00000000,1.196497,1.198781,-0.001910,0.025378,0.025318,0.002350,0.950967,0.951086,0.000119,0.00145623,1.50542735,1.000000
pkdd8,PKDD-8,613,615.000,620.000,1313,150,12,0.042857,2.400000,70.807190,10.952682,0.885090,0.216250,0.292457,6.508725,1.512644,107.126907,413,0.292457,1.0925164222717285,3,0.250000,0.00333792,0.00333792,-0.00000108,0.00333792,0.00333792,0.00000000,1.206112,1.208955,-0.002357,0.026817,0.026768,0.001832,0.947987,0.948103,0.000117,0.00148408,1.51197111,1.000000
pkdd8,PKDD-8,614,616.000,621.000,1407,150,12,0.042857,2.400000,70.748566,11.151165,0.884357,0.259012,0.376683,5.747406,1.393314,93.915466,517,0.376683,0.25856900215148926,7,0.583333,0.00351592,0.00351592,-0.00000073,0.00351592,0.00351592,0.00000000,1.204835,1.208193,-0.002787,0.026447,0.026402,0.001698,0.948825,0.948942,0.000117,0.00144510,1.51528543,1.000000
pkdd8,PKDD-8,615,617.000,622.000,1489,150,12,0.042857,2.400000,70.202225,11.228354,0.877528,0.256732,0.373318,5.618317,1.393314,94.978218,617,0.373318,0.15253043174743652,10,0.833333,0.00358889,0.00358889,-0.00000086,0.00358889,0.00358889,0.00000000,1.198689,1.202623,-0.003282,0.025793,0.025754,0.001507,0.949873,0.949985,0.000112,0.00145512,1.56186719,1.000000
pkdd8,PKDD-8,616,618.000,623.000,1525,150,13,0.046429,2.600000,69.969818,11.479646,0.874623,0.262820,0.376406,5.470746,1.393314,94.334221,624,0.376406,0.022193431854248047,7,0.538462,0.00356207,0.00356208,-0.00000116,0.00356207,0.00356207,0.00000000,1.202640,1.205941,-0.002744,0.026523,0.026486,0.001420,0.948347,0.948460,0.000113,0.00144135,1.66105557,1.000000
pkdd8,PKDD-8,617,619.000,624.000,1515,150,13,0.046429,2.600000,69.831039,11.692695,0.872888,0.274131,0.390123,5.364795,1.393314,94.772507,584,0.390123,-0.08536434173583984,7,0.538462,0.00359423,0.00359423,-0.00000122,0.00359423,0.00359423,0.00000000,1.206740,1.209332,-0.002148,0.027375,0.027353,0.000803,0.946384,0.946471,0.000087,0.00163460,1.94243287,1.000000
pkdd8,PKDD-8,618,620.000,625.000,1543,150,15,0.053571,3.000000,70.056366,11.688068,0.875705,0.281290,0.392470,5.272143,1.393314,97.773140,582,0.392470,-0.1614990234375,7,0.466667,0.00363365,0.00363364,0.00000014,0.00363365,0.00363365,0.00000000,1.195168,1.197076,-0.001596,0.025546,0.025519,0.001068,0.950143,0.950220,0.000077,0.00184727,2.16221976,1.000000
pkdd8,PKDD-8,619,621.000,626.000,1573,150,17,0.060714,3.400000,70.565765,11.684254,0.882072,0.265757,0.344646,5.060826,1.031255,97.468903,572,0.344646,-0.3864152431488037,3,0.176471,0.00369158,0.00369158,-0.00000042,0.00369158,0.00369158,0.00000000,1.200372,1.201613,-0.001034,0.026431,0.026406,0.000922,0.948355,0.948422,0.000066,0.00169488,2.25390468,1.000000
pkdd8,PKDD-8,620,622.000,627.000,1612,150,15,0.053571,3.000000,71.111763,11.624215,0.888897,0.264662,0.337736,4.833372,1.031255,93.764633,567,0.337736,-0.709026575088501,1,0.066667,0.00378152,0.00378153,-0.00000068,0.00378152,0.00378152,0.00000000,1.201439,1.202638,-0.000998,0.026488,0.026460,0.001088,0.948597,0.948672,0.000075,0.00157694,2.29033882,1.000000
pkdd8,PKDD-8,621,623.000,628.000,1668,150,14,0.050000,2.800000,71.386177,11.451601,0.892327,0.261454,0.332684,4.545031,1.031255,87.543488,652,0.332684,-1.057015061378479,1,0.071429,0.00401583,0.00401584,-0.00000090,0.00401583,0.00401583,0.00000000,1.203247,1.204367,-0.000931,0.026336,0.026305,0.001168,0.949237,0.949312,0.000075,0.00156264,2.32047937,1.000000
pkdd8,PKDD-8,622,624.000,629.000,1786,150,16,0.057143,3.200000,71.674194,11.172212,0.895927,0.233814,0.297594,4.215500,1.031255,81.061600,800,0.297594,-1.396036148071289,1,0.062500,0.00415577,0.00415577,-0.00000080,0.00415577,0.00415577,0.00000000,1.189525,1.190605,-0.000908,0.024294,0.024260,0.001390,0.953412,0.953494,0.000082,0.00178679,2.32272807,1.000000
pkdd8,PKDD-8,623,625.000,630.000,1852,150,16,0.057143,3.200000,71.797989,11.048007,0.897475,0.225094,0.290011,3.697998,1.031255,71.722145,867,0.290011,-1.9763257503509521,1,0.062500,0.00419308,0.00419309,-0.00000061,0.00419308,0.00419308,0.00000000,1.204399,1.205472,-0.000891,0.026431,0.026398,0.001227,0.949371,0.949456,0.000085,0.00148311,2.57775392,1.000000
pkdd8,PKDD-8,624,626.000,631.000,1864,150,15,0.053571,3.000000,71.833786,11.009884,0.897922,0.211143,0.279333,3.331289,1.023789,64.900177,879,0.279333,-2.4059488773345947,1,0.066667,0.00416512,0.00416513,-0.00000099,0.00416512,0.00416512,0.00000000,1.190708,1.192328,-0.001361,0.024445,0.024416,0.001189,0.953393,0.953474,0.000081,0.00173542,3.27795633,1.000000
pkdd8,PKDD-8,625,627.000,632.000,1851,150,15,0.053571,3.000000,71.953316,10.896676,0.899416,0.206949,0.277371,3.016434,0.999728,59.158764,876,0.277371,-2.7641215324401855,0,0.000000,0.00412502,0.00412503,-0.00000087,0.00412502,0.00412502,0.00000000,1.197605,1.198694,-0.000909,0.025258,0.025229,0.001178,0.951602,0.951682,0.000079,0.00159051,2.62981976,1.000000
pkdd8,PKDD-8,626,628.000,633.000,1837,150,14,0.050000,2.800000,72.102638,10.481245,0.901283,0.203952,0.277507,2.907989,0.969984,57.644524,862,0.277507,-2.918848991394043,0,0.000000,0.00397989,0.00397989,0.00000000,0.00397989,0.00397989,0.00000000,1.197413,1.198538,-0.000939,0.025354,0.025319,0.001382,0.951240,0.951329,0.000089,0.00191562,2.33383094,1.000000
pkdd8,PKDD-8,627,629.000,634.000,1778,150,15,0.053571,3.000000,72.163574,10.061024,0.902045,0.207938,0.281620,2.808617,0.466299,56.091167,803,0.281620,-3.0207018852233887,3,0.200000,0.00377856,0.00377856,0.00000095,0.00377856,0.00377856,0.00000000,1.208701,1.211052,-0.001945,0.026857,0.026819,0.001405,0.948400,0.948491,0.000091,0.00206945,2.22262821,1.000000
pkdd8,PKDD-8,628,630.000,635.000,1701,150,15,0.053571,3.000000,72.367340,9.659312,0.904592,0.192884,0.261521,2.811951,0.466299,55.876953,772,0.261521,-3.036526679992676,3,0.200000,0.00359857,0.00359857,0.00000029,0.00359857,0.00359857,0.00000000,1.190909,1.193333,-0.002036,0.024625,0.024586,0.001576,0.952315,0.952404,0.000089,0.00210511,2.38887263,1.000000
pkdd8,PKDD-8,629,631.000,636.000,1650,150,18,0.064286,3.600000,72.652710,8.637676,0.908159,0.192477,0.258674,3.246910,0.466299,63.560505,752,0.258674,-2.5135788917541504,3,0.166667,0.00358668,0.00358668,0.00000151,0.00358668,0.00358668,0.00000000,1.196643,1.198441,-0.001503,0.025634,0.025588,0.001800,0.949779,0.949882,0.000103,0.00222230,2.71808143,1.000000
pkdd8,PKDD-8,630,632.000,637.000,1668,150,18,0.064286,3.600000,72.891953,7.650580,0.911149,0.194406,0.263720,3.541974,0.466299,69.176956,786,0.263720,-2.2001662254333496,3,0.166667,0.00362074,0.00362073,0.00000199,0.00362074,0.00362074,0.00000000,1.185512,1.187868,-0.001987,0.024179,0.024135,0.001785,0.952672,0.952769,0.000097,0.00207191,2.67569639,1.000000
pkdd8,PKDD-8,631,633.000,638.000,1698,150,18,0.064286,3.600000,73.061470,7.119109,0.913268,0.196664,0.270504,3.849993,0.466299,75.138161,787,0.270504,-1.8703954219818115,3,0.166667,0.00359036,0.00359035,0.00000115,0.00359036,0.00359036,0.00000000,1.182460,1.185992,-0.002987,0.023882,0.023848,0.001408,0.953336,0.953419,0.000083,0.00198798,2.15610578,1.000000
pkdd8,PKDD-8,632,634.000,639.000,1699,150,18,0.064286,3.600000,73.194214,6.840065,0.914928,0.201151,0.283146,4.164872,0.537449,81.564934,758,0.283146,-1.5335217714309692,0,0.000000,0.00348421,0.00348421,0.00000022,0.00348421,0.00348421,0.00000000,1.183514,1.186522,-0.002542,0.023995,0.023963,0.001309,0.953095,0.953175,0.000080,0.00182217,1.92380950,1.000000
pkdd8,PKDD-8,633,635.000,640.000,1662,150,16,0.057143,3.200000,73.517433,6.503001,0.918968,0.212094,0.295102,4.237551,0.785416,83.079659,676,0.295102,-1.5206745862960815,0,0.000000,0.00326750,0.00326750,0.00000016,0.00326750,0.00326750,0.00000000,1.184901,1.187460,-0.002160,0.023841,0.023805,0.001515,0.953812,0.953901,0.000089,0.00170143,1.81275301,1.000000
pkdd8,PKDD-8,634,636.000,641.000,1563,150,14,0.050000,2.800000,74.034515,6.884470,0.925431,0.225253,0.307173,3.779296,0.873072,74.625359,568,0.307173,-2.1113409996032715,7,0.500000,0.00298265,0.00298265,-0.00000060,0.00298265,0.00298265,0.00000000,1.181502,1.184979,-0.002943,0.023328,0.023300,0.001223,0.955330,0.955406,0.000076,0.00159523,1.72749709,1.000000
pkdd8,PKDD-8,635,637.000,642.000,1438,150,12,0.042857,2.400000,74.687057,7.310913,0.933588,0.236210,0.315192,3.430315,0.939131,68.092262,413,0.315192,-2.587963104248047,7,0.583333,0.00273543,0.00273543,-0.00000094,0.00273543,0.00273543,0.00000000,1.191617,1.195359,-0.003141,0.024551,0.024514,0.001537,0.953132,0.953227,0.000095,0.00130644,1.71374864,1.000000
pkdd8,PKDD-8,636,638.000,643.000,1336,150,12,0.042857,2.400000,75.192879,7.877026,0.939911,0.248617,0.335728,3.234787,1.012298,62.509090,333,0.335728,-2.83772611618042,7,0.583333,0.00270632,0.00270632,0.00000019,0.00270632,0.00270632,0.00000000,1.200300,1.203301,-0.002500,0.025591,0.025550,0.001573,0.951003,0.951106,0.000103,0.00185283,1.97131539,1.000000
pkdd8,PKDD-8,637,639.000,644.000,1333,150,14,0.050000,2.800000,75.491951,8.160704,0.943649,0.268124,0.363511,2.854525,0.511808,52.021568,302,0.363511,-3.232177972793579,7,0.500000,0.00288719,0.00288719,0.00000036,0.00288719,0.00288719,0.00000000,1.174157,1.176264,-0.001794,0.022049,0.022011,0.001752,0.957809,0.957903,0.000094,0.00215600,2.41793987,1.000000
pkdd8,PKDD-8,638,640.000,645.000,1424,150,14,0.050000,2.800000,74.735001,9.113110,0.934188,0.284479,0.382751,3.565899,0.449165,61.289169,361,0.382751,-2.3877646923065186,7,0.500000,0.00309922,0.00309922,0.00000050,0.00309922,0.00309922,0.00000000,1.182237,1.186184,-0.003339,0.023258,0.023229,0.001254,0.955309,0.955391,0.000082,0.00232251,2.64524790,1.000000
pkdd8,PKDD-8,639,641.000,646.000,1520,150,14,0.050000,2.800000,73.413803,9.796499,0.917673,0.293147,0.394271,3.661289,0.407042,62.741421,418,0.394271,-2.190098762512207,0,0.000000,0.00333297,0.00333297,0.00000046,0.00333297,0.00333297,0.00000000,1.187424,1.191087,-0.003085,0.023975,0.023948,0.001142,0.953623,0.953701,0.000078,0.00189615,2.22498672,0.999176
pkdd8,PKDD-8,640,642.000,647.000,1638,150,16,0.057143,3.200000,70.498390,13.723592,0.881230,0.281950,0.381290,3.708626,0.364462,65.256714,507,0.381290,-1.9046235084533691,0,0.000000,0.00360356,0.00360356,0.00000100,0.00360356,0.00360356,0.00000000,1.191610,1.195011,-0.002854,0.024557,0.024524,0.001321,0.952568,0.952657,0.000089,0.00194179,1.83632250,0.996429
pkdd8,PKDD-8,641,643.000,648.000,1764,150,17,0.060714,3.400000,68.038666,16.059748,0.850483,0.272391,0.363685,3.595774,0.336563,65.305870,602,0.363685,-1.853475570678711,0,0.000000,0.00365034,0.00365034,0.00000070,0.00365034,0.00365034,0.00000000,1.171796,1.174594,-0.002388,0.021798,0.021763,0.001598,0.958168,0.958254,0.000085,0.00242319,1.64443056,0.993201
pkdd8,PKDD-8,642,644.000,649.000,1787,150,17,0.060714,3.400000,65.542458,18.048386,0.819281,0.247695,0.339731,3.547635,0.313686,65.881012,655,0.339731,-1.7531723976135254,0,0.000000,0.00355639,0.00355639,0.00000043,0.00355639,0.00355639,0.00000000,1.199427,1.202292,-0.002389,0.025245,0.025209,0.001418,0.951329,0.951423,0.000094,0.00273792,1.41096134,0.986848
pkdd8,PKDD-8,643,645.000,650.000,1745,150,17,0.060714,3.400000,63.249142,19.756514,0.790614,0.244740,0.351403,3.181015,0.257905,61.623165,673,0.351403,-2.0128087997436523,0,0.000000,0.00362404,0.00362404,0.00000085,0.00362404,0.00362404,0.00000000,1.183083,1.184752,-0.001411,0.023208,0.023169,0.001679,0.955374,0.955469,0.000095,0.00313487,1.31387049,0.984725
pkdd8,PKDD-8,644,646.000,651.000,1797,150,17,0.060714,3.400000,61.822525,20.926836,0.772782,0.245020,0.359606,3.320565,0.217318,65.866013,743,0.359606,-1.7593814134597778,1,0.058824,0.00386200,0.00386200,0.00000073,0.00386200,0.00386200,0.00000000,1.174843,1.177975,-0.002665,0.022283,0.022241,0.001893,0.957246,0.957352,0.000106,0.00340747,1.15140724,0.982855
pkdd8,PKDD-8,645,647.000,652.000,1916,150,20,0.071429,4.000000,62.319359,20.521385,0.778992,0.252382,0.359959,3.318145,0.217318,66.009079,891,0.359959,-1.7266292572021484,1,0.050000,0.00406920,0.00406920,0.00000038,0.00406920,0.00406920,0.00000000,1.167984,1.171443,-0.002961,0.021481,0.021453,0.001289,0.958502,0.958589,0.000086,0.00367843,1.08316533,0.983547
pkdd8,PKDD-8,646,648.000,653.000,2024,150,18,0.064286,3.600000,62.792633,20.044804,0.784908,0.235874,0.333062,3.229001,0.217318,64.162979,1007,0.333062,-1.8814669847488403,2,0.111111,0.00442320,0.00442320,0.00000000,0.00442320,0.00442320,0.00000000,1.182399,1.186046,-0.003085,0.023401,0.023373,0.001204,0.954692,0.954782,0.000090,0.00372982,1.09561914,0.985020
pkdd8,PKDD-8,647,649.000,654.000,2193,150,18,0.064286,3.600000,63.538326,19.314056,0.794229,0.244942,0.340959,3.116808,0.217318,61.929741,1174,0.340959,-2.0321600437164307,5,0.277778,0.00497936,0.00497936,0.00000000,0.00497936,0.00497936,0.00000000,1.162536,1.165786,-0.002796,0.021049,0.020996,0.002548,0.959297,0.959417,0.000120,0.00406377,1.15869452,0.986103
pkdd8,PKDD-8,648,650.000,655.000,2461,150,21,0.075000,4.200000,64.546303,18.338678,0.806829,0.241569,0.341166,2.996657,0.217318,59.572525,1412,0.341166,-2.151212692260742,5,0.238095,0.00548101,0.00548101,-0.00000019,0.00548101,0.00548101,0.00000000,1.175491,1.178452,-0.002520,0.022600,0.022544,0.002474,0.956314,0.956438,0.000124,0.00422854,1.15759750,0.986838
pkdd8,PKDD-8,649,651.000,656.000,2701,150,23,0.082143,4.600000,65.079597,17.478188,0.813495,0.235976,0.323719,2.753913,0.377731,54.408501,1651,0.323719,-2.4048264026641846,4,0.173913,0.00574496,0.00574496,0.00000000,0.00574496,0.00574496,0.00000000,1.183386,1.184794,-0.001190,0.023581,0.023525,0.002377,0.954404,0.954518,0.000115,0.00423402,1.20184051,0.985903
pkdd8,PKDD-8,650,652.000,657.000,2841,150,24,0.085714,4.800000,65.243073,16.946535,0.815538,0.272719,0.514219,2.684096,0.512254,52.672798,1791,0.514219,-2.4616661071777344,4,0.166667,0.00604640,0.00604640,-0.00000009,0.00604640,0.00604640,0.00000000,1.174925,1.176588,-0.001415,0.022519,0.022460,0.002610,0.956628,0.956743,0.000116,0.00419680,1.29634658,0.985334
pkdd8,PKDD-8,651,653.000,658.000,3007,150,26,0.092857,5.200000,65.583214,16.220400,0.819790,0.446415,1.649964,2.603383,0.276234,50.900330,1957,1.649964,-2.5261223316192627,3,0.115385,0.00623811,0.00623811,-0.00000016,0.00623811,0.00623811,0.00000000,1.179028,1.180946,-0.001627,0.022977,0.022920,0.002461,0.955752,0.955868,0.000116,0.00404208,1.40468649,0.987628
pkdd8,PKDD-8,652,654.000,659.000,3128,150,26,0.092857,5.200000,66.294205,14.588969,0.828678,0.477407,1.689301,2.524481,0.038471,49.279182,2055,1.689301,-2.660325050354004,3,0.115385,0.00618614,0.00618614,0.00000017,0.00618614,0.00618614,0.00000000,1.192209,1.194125,-0.001607,0.024639,0.024600,0.001556,0.952449,0.952543,0.000095,0.00373089,1.53297817,0.991523
pkdd8,PKDD-8,653,655.000,660.000,3132,150,26,0.092857,5.200000,66.825333,13.045929,0.835317,0.485993,1.691821,2.419400,0.038471,47.133366,2034,1.691821,-2.8164608478546143,3,0.115385,0.00602036,0.00602036,0.00000017,0.00602036,0.00602036,0.00000000,1.178082,1.179713,-0.001384,0.022652,0.022619,0.001467,0.956395,0.956482,0.000087,0.00348104,1.67981717,0.993248
pkdd8,PKDD-8,654,656.000,661.000,3066,150,24,0.085714,4.800000,67.500916,11.436173,0.843761,0.499285,1.715064,2.333609,0.038471,45.436516,1968,1.715064,-2.998460292816162,11,0.458333,0.00588628,0.00588628,-0.00000017,0.00588628,0.00588628,0.00000000,1.183701,1.185371,-0.001411,0.023287,0.023247,0.001747,0.955326,0.955427,0.000102,0.00331303,1.83331736,0.996844
pkdd8,PKDD-8,655,657.000,662.000,2994,150,25,0.089286,5.000000,68.274139,9.524559,0.853427,0.475843,1.693084,2.173324,0.038471,42.545658,1913,1.693084,-3.2123045921325684,14,0.560000,0.00569587,0.00569587,-0.00000045,0.00569587,0.00569587,0.00000000,1.193459,1.194850,-0.001166,0.024616,0.024576,0.001605,0.952511,0.952610,0.000099,0.00314974,1.90065643,1.000000
pkdd8,PKDD-8,656,658.000,663.000,2874,150,25,0.089286,5.000000,68.756004,7.464482,0.859450,0.317527,0.626838,2.168541,0.038471,42.743515,1823,0.626838,-3.2559187412261963,14,0.560000,0.00548151,0.00548151,-0.00000028,0.00548151,0.00548151,0.00000000,1.187205,1.189022,-0.001531,0.023888,0.023850,0.001602,0.953855,0.953952,0.000097,0.00301920,1.89127504,1.000000
pkdd8,PKDD-8,657,659.000,664.000,2751,150,25,0.089286,5.000000,68.826439,7.630776,0.860330,0.276760,0.372346,2.279374,0.247726,45.324318,1753,0.372346,-3.1428287029266357,11,0.440000,0.00533668,0.00533669,-0.00000106,0.00533668,0.00533668,0.00000000,1.179632,1.182638,-0.002549,0.022937,0.022900,0.001605,0.955831,0.955927,0.000096,0.00327276,1.85759816,1.000000
pkdd8,PKDD-8,658,660.000,665.000,2661,150,24,0.085714,4.800000,68.868584,7.735169,0.860857,0.255033,0.355130,2.467127,0.247726,49.233021,1718,0.355130,-2.9652259349823,11,0.458333,0.00511407,0.00511407,-0.00000121,0.00511407,0.00511407,0.00000000,1.190608,1.194554,-0.003315,0.024565,0.024526,0.001589,0.952271,0.952372,0.000101,0.00340806,1.79367220,1.000000
pkdd8,PKDD-8,659,661.000,666.000,2534,150,23,0.082143,4.600000,69.018021,7.831719,0.862725,0.249429,0.343451,2.706359,0.259510,54.286560,1621,0.343451,-2.73708176612854,3,0.130435,0.00489696,0.00489697,-0.00000105,0.00489696,0.00489696,0.00000000,1.190808,1.194912,-0.003446,0.024579,0.024541,0.001515,0.952093,0.952198,0.000105,0.00291280,1.81354786,1.000000
pkdd8,PKDD-8,660,662.000,667.000,2437,150,22,0.078571,4.400000,69.534843,7.824771,0.869186,0.242010,0.336345,3.066208,0.315595,62.324200,1532,0.336345,-2.3913135528564453,6,0.272727,0.00486839,0.00486839,-0.00000085,0.00486839,0.00486839,0.00000000,1.184666,1.188788,-0.003479,0.023676,0.023640,0.001517,0.953968,0.954076,0.000107,0.00261309,1.97877141,1.000000
pkdd8,PKDD-8,661,663.000,668.000,2426,150,26,0.092857,5.200000,70.639931,7.779493,0.882999,0.234218,0.326153,3.366704,0.422454,68.772446,1521,0.326153,-2.049666166305542,7,0.269231,0.00484995,0.00484995,-0.00000064,0.00484995,0.00484995,0.00000000,1.185216,1.188954,-0.003153,0.023798,0.023764,0.001456,0.953827,0.953933,0.000106,0.00259698,2.24591906,1.000000
pkdd8,PKDD-8,662,664.000,669.000,2408,150,26,0.092857,5.200000,71.638275,7.660578,0.895478,0.231971,0.332992,3.589658,0.523632,73.340141,1503,0.332992,-1.8630199432373047,7,0.269231,0.00491090,0.00491091,-0.00000042,0.00491090,0.00491090,0.00000000,1.192611,1.196347,-0.003133,0.024806,0.024770,0.001446,0.951849,0.951954,0.000104,0.00286144,2.54437948,1.000000
pkdd8,PKDD-8,663,665.000,670.000,2409,150,27,0.096429,5.400000,72.687057,7.535680,0.908588,0.231364,0.328543,3.655504,0.523686,75.277687,1504,0.328543,-1.8278512954711914,7,0.259259,0.00513999,0.00513999,-0.00000030,0.00513999,0.00513999,0.00000000,1.191430,1.195835,-0.003697,0.024703,0.024671,0.001294,0.952284,0.952387,0.000102,0.00317300,2.75455602,1.000000
pkdd8,PKDD-8,664,666.000,671.000,2497,150,26,0.092857,5.200000,73.476112,7.457746,0.918451,0.222430,0.311201,3.605671,0.550826,74.610428,1592,0.311201,-1.9431910514831543,7,0.269231,0.00538960,0.00538960,-0.00000019,0.00538960,0.00538960,0.00000000,1.179289,1.183926,-0.003932,0.023253,0.023233,0.000871,0.955045,0.955125,0.000080,0.00335139,2.40681778,1.000000
pkdd8,PKDD-8,665,667.000,672.000,2588,150,25,0.089286,5.000000,73.866272,7.427569,0.923328,0.223041,0.299421,3.350054,0.511701,69.003082,1688,0.299421,-2.270259380340576,2,0.080000,0.00540658,0.00540658,-0.00000019,0.00540658,0.00540658,0.00000000,1.183846,1.188846,-0.004224,0.023964,0.023945,0.000827,0.953561,0.953640,0.000079,0.00298765,2.12413732,1.000000
pkdd8,PKDD-8,666,668.000,673.000,2600,150,24,0.085714,4.800000,73.741074,7.557715,0.921763,0.237147,0.312914,2.967785,0.511701,60.924179,1700,0.312914,-2.7038910388946533,1,0.041667,0.00546232,0.00546232,-0.00000047,0.00546232,0.00546232,0.00000000,1.189642,1.194212,-0.003841,0.024666,0.024640,0.001061,0.952207,0.952296,0.000088,0.00290706,1.90257132,1.000000
pkdd8,PKDD-8,667,669.000,674.000,2626,150,22,0.078571,4.400000,73.563248,7.550768,0.919541,0.251399,0.322242,2.622824,0.138431,53.727802,1726,0.322242,-3.116854429244995,4,0.181818,0.00540115,0.00540115,-0.00000038,0.00540115,0.00540115,0.00000000,1.181018,1.184462,-0.002916,0.023484,0.023457,0.001171,0.954472,0.954560,0.000088,0.00289112,1.83586366,1.000000
pkdd8,PKDD-8,668,670.000,675.000,2613,150,21,0.075000,4.200000,73.231010,7.565412,0.915388,0.270250,0.350716,2.496842,0.120476,50.472790,1713,0.350716,-3.2564773559570312,5,0.238095,0.00536971,0.00536971,-0.00000096,0.00536971,0.00536971,0.00000000,1.186809,1.189096,-0.001927,0.024088,0.024055,0.001390,0.953357,0.953450,0.000093,0.00274697,1.86088211,1.000000
pkdd8,PKDD-8,669,671.000,676.000,2623,150,22,0.078571,4.400000,72.686966,7.469816,0.908587,0.268288,0.353674,2.514920,0.112245,49.930149,1694,0.353674,-3.1879689693450928,6,0.272727,0.00522266,0.00522267,-0.00000099,0.00522266,0.00522266,0.00000000,1.193208,1.195160,-0.001636,0.024976,0.024938,0.001524,0.951600,0.951698,0.000098,0.00274359,1.95420333,1.000000
pkdd8,PKDD-8,670,672.000,677.000,2562,150,22,0.078571,4.400000,72.087639,7.389453,0.901095,0.277184,0.369334,2.617865,0.112245,51.313129,1603,0.369334,-3.043025493621826,5,0.227273,0.00503553,0.00503554,-0.00000061,0.00503553,0.00503553,0.00000000,1.188717,1.189529,-0.000683,0.024309,0.024266,0.001784,0.953033,0.953130,0.000098,0.00286894,2.05897648,1.000000
pkdd8,PKDD-8,671,673.000,678.000,2464,150,20,0.071429,4.000000,71.544823,7.322263,0.894310,0.271090,0.379991,2.797811,0.112245,54.715561,1475,0.379991,-2.8600666522979736,5,0.250000,0.00472798,0.00472798,-0.00000044,0.00472798,0.00472798,0.00000000,1.184642,1.185073,-0.000364,0.023899,0.023855,0.001855,0.953637,0.953733,0.000096,0.00291124,2.19141527,1.000000
pkdd8,PKDD-8,672,674.000,679.000,2318,150,19,0.067857,3.800000,70.967995,7.332264,0.887100,0.261869,0.367182,3.012121,0.014937,58.605839,1301,0.367182,-2.6175522804260254,5,0.263158,0.00441088,0.00441088,0.00000000,0.00441088,0.00441088,0.00000000,1.186324,1.186783,-0.000387,0.024239,0.024196,0.001755,0.952898,0.952992,0.000094,0.00285773,2.36884454,1.000000
pkdd8,PKDD-8,673,675.000,680.000,2179,150,18,0.064286,3.600000,70.368027,7.338789,0.879600,0.261039,0.353745,3.231879,0.014937,62.565342,1132,0.353745,-2.3703041076660156,4,0.222222,0.00401916,0.00401916,0.00000013,0.00401916,0.00401916,0.00000000,1.185577,1.185577,0.000000,0.024405,0.024358,0.001937,0.952476,0.952579,0.000103,0.00279442,2.67349007,1.000000
pkdd8,PKDD-8,674,676.000,681.000,1983,150,18,0.064286,3.600000,69.608818,7.436292,0.870110,0.262640,0.349392,3.634259,0.014937,69.772232,935,0.349392,-1.887333869934082,3,0.166667,0.00372191,0.00372191,0.00000035,0.00372191,0.00372191,0.00000000,1.183651,1.184196,-0.000460,0.024046,0.023990,0.002301,0.953231,0.953347,0.000116,0.00258122,2.99253703,1.000000
pkdd8,PKDD-8,675,677.000,682.000,1835,150,19,0.067857,3.800000,68.691032,7.481630,0.858638,0.245567,0.340319,4.611541,0.014937,87.581375,759,0.340319,-0.7404662370681763,3,0.157895,0.00333626,0.00333627,-0.00000031,0.00333626,0.00333626,0.00000000,1.189106,1.190331,-0.001029,0.024769,0.024719,0.002054,0.951954,0.952074,0.000120,0.00215106,3.08855136,1.000000
pkdd8,PKDD-8,676,678.000,683.000,1634,150,17,0.060714,3.400000,68.220665,7.325285,0.852758,0.237807,0.320377,5.417417,0.014937,101.847191,558,0.320377,0.13230633735656738,3,0.176471,0.00303568,0.00303568,-0.00000025,0.00303568,0.00303568,0.00000000,1.187031,1.189078,-0.001725,0.024348,0.024300,0.001983,0.952923,0.953037,0.000114,0.00192404,2.98335653,1.000000
pkdd8,PKDD-8,677,679.000,684.000,1465,150,16,0.057143,3.200000,67.721199,6.970153,0.846515,0.223174,0.314806,6.325729,1.334720,118.178505,387,0.314806,1.1468267440795898,0,0.000000,0.00291398,0.00291399,-0.00000088,0.00291398,0.00291398,0.00000000,1.197531,1.201888,-0.003639,0.025674,0.025629,0.001749,0.950526,0.950645,0.000119,0.00186554,2.58509290,1.000000
pkdd8,PKDD-8,678,680.000,685.000,1377,150,19,0.067857,3.800000,67.501785,6.429954,0.843772,0.190309,0.274351,7.038323,1.334720,131.630447,299,0.274351,2.009347677230835,0,0.000000,0.00289971,0.00289971,-0.00000071,0.00289971,0.00289971,0.00000000,1.197368,1.202485,-0.004273,0.025593,0.025559,0.001346,0.950267,0.950365,0.000098,0.00194143,2.07594262,1.000000
pkdd8,PKDD-8,679,681.000,686.000,1368,150,17,0.060714,3.400000,67.842575,6.030785,0.848032,0.194228,0.275484,6.538423,1.767408,125.533630,290,0.275484,1.396299123764038,0,0.000000,0.00295651,0.00295651,-0.00000070,0.00295651,0.00295651,0.00000000,1.194544,1.198851,-0.003606,0.025189,0.025165,0.000970,0.951107,0.951186,0.000079,0.00218040,1.72530063,1.000000
pkdd8,PKDD-8,680,682.000,687.000,1393,150,15,0.053571,3.000000,68.666061,5.691351,0.858326,0.191882,0.263013,4.319096,1.492762,86.684753,347,0.263013,-1.147843360900879,0,0.000000,0.00317590,0.00317590,-0.00000032,0.00317590,0.00317590,0.00000000,1.196950,1.200265,-0.002770,0.025463,0.025436,0.001052,0.950403,0.950478,0.000075,0.00234050,1.57382841,1.000000
pkdd8,PKDD-8,681,683.000,688.000,1508,150,14,0.050000,2.800000,69.284645,5.514833,0.866058,0.185312,0.247305,3.563468,1.455877,72.682297,492,0.247305,-2.0340816974639893,0,0.000000,0.00345364,0.00345365,-0.00000089,0.00345364,0.00345364,0.00000000,1.202776,1.205190,-0.002007,0.026465,0.026436,0.001083,0.948247,0.948324,0.000077,0.00253276,1.44190025,1.000000
pkdd8,PKDD-8,682,684.000,689.000,1657,150,15,0.053571,3.000000,70.040604,5.486414,0.875508,0.185161,0.244062,3.237255,1.408755,65.881561,671,0.244062,-2.4139208793640137,0,0.000000,0.00371852,0.00371853,-0.00000111,0.00371852,0.00371852,0.00000000,1.194105,1.195217,-0.000932,0.024918,0.024891,0.001078,0.951567,0.951632,0.000065,0.00261165,1.33560759,1.000000
pkdd8,PKDD-8,683,685.000,690.000,1798,150,16,0.057143,3.200000,70.647255,5.470233,0.883091,0.190950,0.246725,2.943928,0.576640,59.924942,818,0.246725,-2.7477099895477295,0,0.000000,0.00398800,0.00398801,-0.00000090,0.00398800,0.00398800,0.00000000,1.186556,1.187077,-0.000439,0.024170,0.024148,0.000937,0.953035,0.953090,0.000055,0.00271753,1.26903629,1.000000
pkdd8,PKDD-8,684,686.000,691.000,1919,150,17,0.060714,3.400000,71.047478,5.510538,0.888093,0.194148,0.253092,2.594939,0.576640,52.457050,939,0.253092,-3.132439374923706,0,0.000000,0.00419802,0.00419802,-0.00000049,0.00419802,0.00419802,0.00000000,1.201092,1.201589,-0.000413,0.025833,0.025802,0.001203,0.949857,0.949928,0.000072,0.00291363,1.23044947,1.000000
pkdd8,PKDD-8,685,687.000,692.000,2014,150,16,0.057143,3.200000,71.352142,5.579211,0.891902,0.206099,0.268381,2.351590,0.576640,47.158600,1030,0.268381,-3.434420585632324,0,0.000000,0.00437917,0.00437918,-0.00000094,0.00437917,0.00437917,0.00000000,1.185980,1.186457,-0.000402,0.023792,0.023761,0.001306,0.953986,0.954055,0.000069,0.00310971,1.20416874,1.000000
pkdd8,PKDD-8,686,688.000,693.000,2097,150,15,0.053571,3.000000,71.486771,5.856670,0.893585,0.216636,0.284481,2.241751,0.576640,44.781971,1083,0.284481,-3.5811660289764404,0,0.000000,0.00446553,0.00446553,-0.00000035,0.00446553,0.00446553,0.00000000,1.184874,1.185341,-0.000394,0.023500,0.023459,0.001764,0.954724,0.954811,0.000087,0.00337566,1.16053302,1.000000
pkdd8,PKDD-8,687,689.000,694.000,2142,150,15,0.053571,3.000000,71.575600,6.092262,0.894695,0.238259,0.313126,2.209821,0.576640,44.059742,1114,0.313126,-3.6245598793029785,0,0.000000,0.00440114,0.00440114,-0.00000047,0.00440114,0.00440114,0.00000000,1.200283,1.200283,0.000000,0.025932,0.025884,0.001840,0.949621,0.949719,0.000098,0.00367088,1.08506450,1.000000
pkdd8,PKDD-8,688,690.000,695.000,2117,150,15,0.053571,3.000000,71.623024,6.371970,0.895288,0.252307,0.336604,2.184929,0.659562,43.435501,1113,0.336604,-3.666574716567993,4,0.266667,0.00409386,0.00409387,-0.00000057,0.00409386,0.00409386,0.00000000,1.197581,1.198085,-0.000421,0.025366,0.025312,0.002125,0.951083,0.951195,0.000111,0.00372602,1.01620332,1.000000
pkdd8,PKDD-8,689,691.000,696.000,1984,150,15,0.053571,3.000000,71.847038,6.423057,0.898088,0.241772,0.328469,2.060824,0.744664,41.268200,1037,0.328469,-3.8334922790527344,4,0.266667,0.00368534,0.00368534,-0.00000091,0.00368534,0.00368534,0.00000000,1.182934,1.183491,-0.000471,0.023496,0.023443,0.002276,0.954883,0.954992,0.000109,0.00333403,0.92141856,1.000000
pkdd8,PKDD-8,690,692.000,697.000,1793,150,16,0.057143,3.200000,72.288666,6.873960,0.903608,0.249774,0.332815,2.077634,0.762599,42.730030,936,0.332815,-3.835210084915161,4,0.250000,0.00335649,0.00335650,-0.00000038,0.00335649,0.00335649,0.00000000,1.206728,1.207951,-0.001014,0.026519,0.026458,0.002300,0.949051,0.949177,0.000127,0.00308564,0.84265268,1.000000
pkdd8,PKDD-8,691,693.000,698.000,1635,150,16,0.057143,3.200000,72.898918,7.492076,0.911236,0.263539,0.349731,2.374214,0.762599,50.900318,868,0.349731,-3.5530495643615723,4,0.250000,0.00313315,0.00313315,-0.00000041,0.00313315,0.00313315,0.00000000,1.211488,1.212794,-0.001078,0.027386,0.027339,0.001746,0.946966,0.947077,0.000111,0.00279875,0.90707332,1.000000
pkdd8,PKDD-8,692,694.000,699.000,1532,150,18,0.064286,3.600000,72.838303,9.453975,0.910479,0.273129,0.381010,3.238938,0.762599,65.345184,810,0.381010,-2.5597426891326904,4,0.222222,0.00289711,0.00289711,0.00000027,0.00289711,0.00289711,0.00000000,1.195329,1.198868,-0.002960,0.025127,0.025105,0.000904,0.951630,0.951727,0.000097,0.00251075,1.02462478,1.000000
pkdd8,PKDD-8,693,695.000,700.000,1413,150,17,0.060714,3.400000,72.872551,11.225941,0.910907,0.260070,0.371587,4.299156,0.846518,82.664238,721,0.371587,-1.407515287399292,0,0.000000,0.00285240,0.00285240,0.00000081,0.00285240,0.00285240,0.00000000,1.203193,1.206821,-0.003016,0.026201,0.026172,0.001101,0.949354,0.949467,0.000113,0.00220743,1.28572775,1.000000
pkdd8,PKDD-8,694,696.000,701.000,1378,150,16,0.057143,3.200000,73.207748,12.683292,0.915097,0.290436,0.400698,5.421077,0.966913,99.087616,660,0.400698,-0.2008509635925293,0,0.000000,0.00294107,0.00294107,0.00000052,0.00294107,0.00294107,0.00000000,1.198727,1.203678,-0.004130,0.026025,0.025993,0.001222,0.949426,0.949556,0.000130,0.00199397,1.57813060,1.000000
pkdd8,PKDD-8,695,697.000,702.000,1414,150,15,0.053571,3.000000,72.968384,13.712697,0.912105,0.282465,0.393732,6.053936,0.966913,105.568275,636,0.393732,0.4975287914276123,2,0.133333,0.00297275,0.00297275,0.00000035,0.00297275,0.00297275,0.00000000,1.186014,1.190210,-0.003538,0.024324,0.024299,0.001005,0.952779,0.952897,0.000118,0.00201331,2.01484967,1.000000
pkdd8,PKDD-8,696,698.000,703.000,1430,150,15,0.053571,3.000000,72.714897,14.534313,0.908936,0.279164,0.377438,6.012851,0.966913,98.667030,606,0.377438,0.4712057113647461,2,0.133333,0.00306081,0.00306081,0.00000067,0.00306081,0.00306081,0.00000000,1.194921,1.199039,-0.003446,0.025414,0.025373,0.001611,0.951038,0.951190,0.000151,0.00167273,2.80001890,1.000000
pkdd8,PKDD-8,697,699.000,704.000,1457,150,15,0.053571,3.000000,72.782463,14.469102,0.909781,0.268195,0.353590,5.064723,0.722500,81.199203,632,0.353590,-0.5759158134460449,2,0.133333,0.00329086,0.00329086,0.00000070,0.00329086,0.00329086,0.00000000,1.182935,1.184874,-0.001639,0.023493,0.023435,0.002484,0.955031,0.955183,0.000152,0.00157948,1.94740574,1.000000
pkdd8,PKDD-8,698,700.000,705.000,1547,150,15,0.053571,3.000000,72.477020,14.226725,0.905963,0.282855,0.375941,4.405199,0.722500,69.884270,693,0.375941,-1.275156021118164,5,0.333333,0.00363784,0.00363783,0.00000057,0.00363784,0.00363784,0.00000000,1.191452,1.193208,-0.001474,0.024604,0.024546,0.002334,0.952872,0.953016,0.000143,0.00187425,1.74865689,1.000000
pkdd8,PKDD-8,699,701.000,706.000,1708,150,17,0.060714,3.400000,72.080688,13.977338,0.901009,0.287410,0.404272,3.883493,0.544085,63.906963,853,0.404272,-1.7768840789794922,5,0.294118,0.00397449,0.00397448,0.00000091,0.00397449,0.00397449,0.00000000,1.200000,1.201078,-0.000898,0.025702,0.025651,0.001999,0.950621,0.950746,0.000125,0.00217897,1.58262874,1.000000
pkdd8,PKDD-8,700,702.000,707.000,1855,150,17,0.060714,3.400000,71.809097,13.495028,0.897614,0.317286,0.450001,3.478650,0.279102,59.086098,971,0.450001,-2.1929919719696045,3,0.176471,0.00439777,0.00439777,0.00000070,0.00439777,0.00439777,0.00000000,1.198242,1.200195,-0.001630,0.025407,0.025358,0.001916,0.951221,0.951342,0.000120,0.00223944,1.41351055,1.000000
pkdd8,PKDD-8,701,703.000,708.000,2048,150,18,0.064286,3.600000,70.829193,12.699650,0.885365,0.336619,0.474509,3.248529,0.040962,55.906391,1120,0.474509,-2.352175712585449,6,0.333333,0.00479128,0.00479128,0.00000000,0.00479128,0.00479128,0.00000000,1.184388,1.186182,-0.001515,0.023428,0.023396,0.001367,0.954842,0.954927,0.000085,0.00249477,1.31842986,1.000000
pkdd8,PKDD-8,702,704.000,709.000,2229,150,19,0.067857,3.800000,70.040314,11.812767,0.875504,0.344409,0.482782,3.050082,0.040962,53.249157,1241,0.482782,-2.490912437438965,6,0.315789,0.00511370,0.00511370,-0.00000010,0.00511370,0.00511370,0.00000000,1.202431,1.204946,-0.002091,0.026031,0.025995,0.001387,0.949543,0.949643,0.000100,0.00284170,1.29376953,1.000000
pkdd8,PKDD-8,703,705.000,710.000,2386,150,20,0.071429,4.000000,69.379280,10.919846,0.867241,0.357476,0.487665,2.854891,0.040962,50.639103,1367,0.487665,-2.6366682052612305,6,0.300000,0.00536657,0.00536658,-0.00000058,0.00536657,0.00536657,0.00000000,1.187726,1.189731,-0.001689,0.024059,0.024030,0.001230,0.953175,0.953263,0.000088,0.00268232,1.25941143,1.000000
pkdd8,PKDD-8,704,706.000,711.000,2493,150,21,0.075000,4.200000,68.561432,9.818003,0.857018,0.337337,0.464534,2.740287,0.040962,49.365738,1444,0.464534,-2.6837382316589355,13,0.619048,0.00560470,0.00560471,-0.00000101,0.00560470,0.00560470,0.00000000,1.193436,1.195753,-0.001941,0.024764,0.024733,0.001235,0.951810,0.951906,0.000095,0.00231880,1.27353944,1.000000
pkdd8,PKDD-8,705,707.000,712.000,2590,150,22,0.078571,4.400000,67.771729,8.819286,0.847147,0.303304,0.416497,2.702342,0.040962,48.769257,1540,0.416497,-2.6473135948181152,15,0.681818,0.00584976,0.00584977,-0.00000123,0.00584976,0.00584976,0.00000000,1.195076,1.196568,-0.001248,0.024992,0.024955,0.001484,0.951284,0.951391,0.000107,0.00248349,1.31988810,1.000000
pkdd8,PKDD-8,706,708.000,713.000,2681,150,23,0.082143,4.600000,67.482117,8.298493,0.843526,0.273117,0.357943,2.762605,0.112179,50.203011,1631,0.357943,-2.53385329246521,13,0.565217,0.00608426,0.00608426,-0.00000034,0.00608426,0.00608426,0.00000000,1.199567,1.201371,-0.001504,0.025753,0.025712,0.001593,0.949919,0.950039,0.000120,0.00266413,1.36456953,1.000000
pkdd8,PKDD-8,707,709.000,714.000,2771,150,24,0.085714,4.800000,67.287506,7.990943,0.841094,0.256783,0.328063,2.840470,0.267331,51.889099,1721,0.328063,-2.4042696952819824,14,0.583333,0.00638866,0.00638866,-0.00000056,0.00638866,0.00638866,0.00000000,1.192746,1.195164,-0.002027,0.024964,0.024929,0.001428,0.951381,0.951487,0.000106,0.00293991,1.39360913,1.000000
pkdd8,PKDD-8,708,710.000,715.000,2895,150,25,0.089286,5.000000,67.263222,7.841320,0.840790,0.232823,0.301077,2.900611,0.388151,53.331501,1843,0.301077,-2.3052902221679688,15,0.600000,0.00668674,0.00668674,0.00000015,0.00668674,0.00668674,0.00000000,1.201393,1.203716,-0.001933,0.025929,0.025888,0.001586,0.949725,0.949836,0.000111,0.00252191,1.40855386,1.000000
pkdd8,PKDD-8,709,711.000,716.000,3014,150,26,0.092857,5.200000,67.017593,7.802885,0.837720,0.234376,0.304640,2.861534,0.338816,52.263374,1943,0.304640,-2.304326057434082,20,0.769231,0.00693326,0.00693326,0.00000022,0.00693326,0.00693326,0.00000000,1.201404,1.203958,-0.002125,0.025876,0.025835,0.001601,0.950036,0.950150,0.000114,0.00261914,1.29526770,1.000000
pkdd8,PKDD-8,710,712.000,717.000,3133,150,28,0.100000,5.600000,66.540375,7.825092,0.831755,0.231800,0.306525,2.876450,0.338816,51.725620,2092,0.306525,-2.209632396697998,18,0.642857,0.00716896,0.00716896,0.00000014,0.00716896,0.00716896,0.00000000,1.201353,1.204427,-0.002559,0.025962,0.025921,0.001560,0.949800,0.949913,0.000113,0.00304503,1.25618467,1.000000
pkdd8,PKDD-8,711,713.000,718.000,3253,150,30,0.107143,6.000000,66.102936,7.942791,0.826287,0.239406,0.324863,2.942378,0.338816,52.122749,2213,0.324863,-2.057140588760376,21,0.700000,0.00750506,0.00750507,-0.00000027,0.00750506,0.00750506,0.00000000,1.191211,1.194121,-0.002443,0.024391,0.024348,0.001778,0.953135,0.953243,0.000107,0.00326941,1.23580740,1.000000
pkdd8,PKDD-8,712,714.000,719.000,3436,150,34,0.121429,6.800000,65.581535,8.110617,0.819769,0.235607,0.322153,2.992609,0.004588,52.231098,2367,0.322153,-1.879835844039917,32,0.941176,0.00777631,0.00777632,-0.00000053,0.00777631,0.00777631,0.00000000,1.195664,1.198166,-0.002092,0.024948,0.024897,0.002037,0.952134,0.952256,0.000122,0.00335322,1.19595998,1.000000
pkdd8,PKDD-8,713,715.000,720.000,3598,150,35,0.125000,7.000000,64.782555,8.652937,0.809782,0.237575,0.327954,2.947652,0.004538,50.526897,2521,0.327954,-1.8556103706359863,30,0.857143,0.00788667,0.00788667,-0.00000078,0.00788667,0.00788667,0.00000000,1.201626,1.205149,-0.002932,0.026010,0.025958,0.002021,0.949929,0.950061,0.000132,0.00371771,1.21167070,1.000000
pkdd8,PKDD-8,714,716.000,721.000,3690,150,32,0.114286,6.400000,64.304283,9.100987,0.803804,0.256642,0.360621,2.909119,0.004536,49.587925,2631,0.360621,-1.9231966733932495,18,0.562500,0.00799534,0.00799535,-0.00000064,0.00799534,0.00799534,0.00000000,1.189390,1.192308,-0.002453,0.024307,0.024261,0.001930,0.953150,0.953266,0.000117,0.00363015,1.30384178,1.000000
pkdd8,PKDD-8,715,717.000,722.000,3770,150,30,0.107143,6.000000,64.197197,9.621159,0.802465,0.283837,0.410157,2.878197,0.004536,48.982456,2681,0.410157,-1.9843324422836304,23,0.766667,0.00815004,0.00815005,-0.00000063,0.00815004,0.00815004,0.00000000,1.187080,1.189922,-0.002394,0.024103,0.024059,0.001819,0.953387,0.953497,0.000110,0.00325458,1.33023003,1.000000
pkdd8,PKDD-8,716,718.000,723.000,3870,150,33,0.117857,6.600000,64.132507,10.130008,0.801656,0.288553,0.430767,2.834846,0.000015,48.143494,2773,0.430767,-1.977204442024231,19,0.575758,0.00793800,0.00793800,-0.00000052,0.00793800,0.00793800,0.00000000,1.205400,1.208576,-0.002635,0.026620,0.026570,0.001899,0.948309,0.948439,0.000131,0.00282161,1.32766097,1.000000
pkdd8,PKDD-8,717,719.000,724.000,3778,150,31,0.110714,6.200000,64.131874,10.855688,0.801648,0.310603,0.470962,2.755364,0.000015,45.935753,2703,0.470962,-2.1083285808563232,8,0.258065,0.00783896,0.00783896,-0.00000013,0.00783896,0.00783896,0.00000000,1.191461,1.194952,-0.002930,0.024826,0.024779,0.001864,0.951694,0.951816,0.000121,0.00264849,1.34219101,1.000000
pkdd8,PKDD-8,718,720.000,725.000,3724,150,31,0.110714,6.200000,64.455429,11.506010,0.805693,0.330784,0.496932,2.718184,0.000015,45.166019,2642,0.496932,-2.1689372062683105,13,0.419355,0.00786580,0.00786580,-0.00000026,0.00786580,0.00786580,0.00000000,1.193410,1.195821,-0.002020,0.024886,0.024836,0.002000,0.951805,0.951927,0.000121,0.00278817,1.30505011,1.000000
pkdd8,PKDD-8,719,721.000,726.000,3733,150,31,0.110714,6.200000,64.596352,12.290874,0.807454,0.319586,0.485601,2.625204,0.000015,44.327660,2628,0.485601,-2.284210681915283,16,0.516129,0.00777722,0.00777722,-0.00000033,0.00777722,0.00777722,0.00000000,1.191547,1.193714,-0.001819,0.024750,0.024699,0.002036,0.951923,0.952043,0.000120,0.00287727,1.29411760,0.999634
pkdd8,PKDD-8,720,722.000,727.000,3691,150,31,0.110714,6.200000,64.679565,13.177725,0.808495,0.299161,0.456683,2.593110,0.000015,44.846661,2586,0.456683,-2.336353063583374,17,0.548387,0.00747306,0.00747306,-0.00000041,0.00747306,0.00747306,0.00000000,1.192145,1.194405,-0.001896,0.024775,0.024721,0.002170,0.952115,0.952240,0.000124,0.00322690,1.30516201,0.997457
pkdd8,PKDD-8,721,723.000,728.000,3539,150,28,0.100000,5.600000,64.648376,14.066824,0.808105,0.290783,0.431833,2.582302,0.004563,45.740852,2441,0.431833,-2.411879539489746,18,0.642857,0.00729833,0.00729833,-0.00000028,0.00729833,0.00729833,0.00000000,1.185689,1.187428,-0.001466,0.023967,0.023918,0.002033,0.953696,0.953806,0.000110,0.00331835,1.32455196,0.995177
pkdd8,PKDD-8,722,724.000,729.000,3452,150,28,0.100000,5.600000,64.539192,14.725160,0.806740,0.270310,0.395419,2.627977,0.004691,48.533039,2361,0.395419,-2.3690576553344727,18,0.642857,0.00690279,0.00690279,-0.00000022,0.00690279,0.00690279,0.00000000,1.185627,1.186239,-0.000516,0.023919,0.023872,0.001949,0.953813,0.953916,0.000103,0.00303132,1.30015098,0.991606
pkdd8,PKDD-8,723,725.000,730.000,3270,150,29,0.103571,5.800000,64.309204,15.340520,0.803865,0.258478,0.365012,2.681707,0.004691,51.042995,2196,0.365012,-2.2913331985473633,11,0.379310,0.00647217,0.00647216,0.00000048,0.00647217,0.00647217,0.00000000,1.174181,1.175478,-0.001105,0.022465,0.022433,0.001441,0.956534,0.956617,0.000083,0.00310258,1.30574196,0.990659
pkdd8,PKDD-8,724,726.000,731.000,3083,150,29,0.103571,5.800000,64.360542,15.975558,0.804507,0.245599,0.344201,2.861042,0.004784,54.340828,2004,0.344201,-2.1111810207366943,12,0.413793,0.00605564,0.00605564,0.00000051,0.00605564,0.00605564,0.00000000,1.181252,1.182636,-0.001171,0.023379,0.023342,0.001582,0.954828,0.954921,0.000093,0.00298795,1.26690139,0.989415
pkdd8,PKDD-8,725,727.000,732.000,2891,150,26,0.092857,5.200000,64.421387,16.544800,0.805267,0.252504,0.349743,2.989714,0.189548,56.570442,1782,0.349743,-2.0444045066833496,6,0.230769,0.00570394,0.00570393,0.00000072,0.00570394,0.00570394,0.00000000,1.189327,1.190058,-0.000615,0.024314,0.024272,0.001706,0.952947,0.953045,0.000099,0.00276312,1.19791065,0.990954
pkdd8,PKDD-8,726,728.000,733.000,2736,150,26,0.092857,5.200000,64.334671,17.083563,0.804183,0.268688,0.386610,3.046332,0.189548,57.096920,1597,0.386610,-1.9825600385665894,5,0.192308,0.00553174,0.00553174,0.00000074,0.00553174,0.00553174,0.00000000,1.167104,1.168228,-0.000963,0.021331,0.021286,0.002088,0.958719,0.958816,0.000097,0.00243991,1.22952007,0.993593
pkdd8,PKDD-8,727,729.000,734.000,2669,150,27,0.096429,5.400000,64.729973,17.317802,0.809125,0.292633,0.435945,3.333997,0.353689,62.131214,1471,0.435945,-1.6734570264816284,7,0.259259,0.00540589,0.00540589,0.00000057,0.00540589,0.00540589,0.00000000,1.180540,1.181680,-0.000966,0.023025,0.022967,0.002501,0.955581,0.955700,0.000120,0.00243883,1.34724641,0.997606
pkdd8,PKDD-8,728,730.000,735.000,2631,150,27,0.096429,5.400000,65.193901,17.300159,0.814924,0.310470,0.489699,3.699683,0.613837,67.637901,1377,0.489699,-1.3012681007385254,7,0.259259,0.00529499,0.00529500,-0.00000039,0.00529499,0.00529499,0.00000000,1.177718,1.178103,-0.000327,0.022981,0.022919,0.002698,0.955256,0.955379,0.000123,0.00235841,1.44598942,0.998092
pkdd8,PKDD-8,729,731.000,736.000,2594,150,25,0.089286,5.000000,65.368423,17.016861,0.817105,0.351341,0.544696,4.435621,0.808259,74.528603,1339,0.544696,-0.5298236608505249,3,0.120000,0.00544727,0.00544727,-0.00000038,0.00544727,0.00544727,0.00000000,1.172949,1.174427,-0.001260,0.022372,0.022312,0.002647,0.956675,0.956799,0.000124,0.00256338,1.54610705,0.999335
pkdd8,PKDD-8,730,732.000,737.000,2706,150,27,0.096429,5.400000,65.504616,16.243883,0.818808,0.366810,0.571292,4.844533,0.689159,77.141075,1451,0.571292,-0.02964341640472412,3,0.111111,0.00587652,0.00587652,-0.00000009,0.00587652,0.00587652,0.00000000,1.171886,1.173587,-0.001452,0.022174,0.022115,0.002670,0.957335,0.957460,0.000125,0.00239400,1.75336712,1.000000
pkdd8,PKDD-8,731,733.000,738.000,2938,150,30,0.107143,6.000000,66.481117,15.349078,0.831014,0.353678,0.546572,4.905246,0.653972,77.441399,1683,0.546572,0.050765037536621094,6,0.200000,0.00629503,0.00629503,-0.00000049,0.00629503,0.00629503,0.00000000,1.185315,1.187540,-0.001877,0.024045,0.023991,0.002265,0.953559,0.953696,0.000137,0.00278586,1.87273463,1.000000
pkdd8,PKDD-8,732,734.000,739.000,3146,150,31,0.110714,6.200000,67.012489,14.601078,0.837656,0.342243,0.513488,4.576984,0.460077,70.994965,1920,0.513488,-0.30134689807891846,3,0.096774,0.00698636,0.00698636,-0.00000044,0.00698636,0.00698636,0.00000000,1.185398,1.187698,-0.001940,0.023986,0.023939,0.001962,0.953688,0.953816,0.000128,0.00326029,1.89067036,1.000000
pkdd8,PKDD-8,733,735.000,740.000,3479,150,34,0.121429,6.800000,67.173622,13.887512,0.839670,0.321164,0.467906,4.178780,0.422498,64.179001,2279,0.467906,-0.6688987016677856,5,0.147059,0.00766319,0.00766319,-0.00000013,0.00766319,0.00766319,0.00000000,1.185594,1.187960,-0.001996,0.023777,0.023728,0.002069,0.954260,0.954389,0.000129,0.00399216,1.92567796,1.000000
pkdd8,PKDD-8,734,736.000,741.000,3804,150,35,0.125000,7.000000,67.240074,13.302717,0.840501,0.310515,0.441077,3.628819,0.383419,57.250469,2604,0.441077,-1.2407410144805908,7,0.200000,0.00826974,0.00826974,-0.00000012,0.00826974,0.00826974,0.00000000,1.188772,1.191223,-0.002062,0.024265,0.024215,0.002060,0.953034,0.953160,0.000127,0.00447167,1.99597489,1.000000
pkdd8,PKDD-8,735,737.000,742.000,4079,150,36,0.128571,7.200000,67.324188,12.789706,0.841552,0.298803,0.411693,3.093120,0.383419,50.979485,2879,0.411693,-1.802427887916565,8,0.222222,0.00875384,0.00875384,-0.00000024,0.00875384,0.00875384,0.00000000,1.190254,1.192586,-0.001959,0.024459,0.024403,0.002312,0.952506,0.952645,0.000139,0.00448497,2.06223645,1.000000
pkdd8,PKDD-8,736,738.000,743.000,4289,150,35,0.125000,7.000000,67.039635,12.222446,0.837995,0.294198,0.401124,2.687857,0.383419,45.664368,3089,0.401124,-2.2386903762817383,6,0.171429,0.00915462,0.00915461,0.00000034,0.00915462,0.00915462,0.00000000,1.190657,1.192892,-0.001877,0.024512,0.024458,0.002204,0.952541,0.952667,0.000126,0.00409578,2.08056423,1.000000
pkdd8,PKDD-8,737,739.000,744.000,4474,150,36,0.128571,7.200000,66.695137,11.693283,0.833689,0.294633,0.400362,2.375168,0.360029,41.312176,3274,0.400362,-2.5339443683624268,7,0.194444,0.00942736,0.00942735,0.00000044,0.00942736,0.00942736,0.00000000,1.187759,1.190155,-0.002017,0.024230,0.024172,0.002381,0.953062,0.953194,0.000132,0.00384365,2.21698369,1.000000
pkdd8,PKDD-8,738,740.000,745.000,4591,150,37,0.132143,7.400000,66.684219,11.239311,0.833553,0.298933,0.405431,2.103197,0.296558,37.847977,3391,0.405431,-2.8019070625305176,5,0.135135,0.00978453,0.00978453,0.00000021,0.00978453,0.00978453,0.00000000,1.191430,1.194415,-0.002505,0.024874,0.024819,0.002185,0.951679,0.951809,0.000130,0.00342269,2.33417266,1.000000
pkdd8,PKDD-8,739,741.000,746.000,4691,150,37,0.132143,7.400000,66.593201,10.827590,0.832415,0.290244,0.396650,1.987098,0.206797,36.727562,3491,0.396650,-2.9133493900299072,7,0.189189,0.01009579,0.01009578,0.00000061,0.01009579,0.01009579,0.00000000,1.196522,1.199036,-0.002101,0.025519,0.025462,0.002225,0.950562,0.950695,0.000134,0.00335649,2.31047869,1.000000
pkdd8,PKDD-8,740,742.000,747.000,4773,150,39,0.139286,7.800000,66.461708,10.471036,0.830771,0.301420,0.406469,2.000614,0.180605,36.928089,3573,0.406469,-2.839620590209961,7,0.179487,0.01039483,0.01039483,0.00000040,0.01039483,0.01039483,0.00000000,1.196795,1.199260,-0.002060,0.025691,0.025647,0.001737,0.950079,0.950191,0.000112,0.00336150,2.28728115,1.000000
pkdd8,PKDD-8,741,743.000,748.000,4868,150,40,0.142857,8.000000,66.505943,10.238153,0.831324,0.308405,0.412970,2.042403,0.180605,37.645508,3668,0.412970,-2.763624668121338,17,0.425000,0.01073837,0.01073837,0.00000019,0.01073837,0.01073837,0.00000000,1.197432,1.200241,-0.002346,0.025720,0.025678,0.001641,0.950123,0.950233,0.000110,0.00367554,2.24750102,1.000000
pkdd8,PKDD-8,742,744.000,749.000,4984,150,43,0.153571,8.600000,66.729286,9.991323,0.834116,0.302417,0.406144,2.133113,0.180605,39.416588,3784,0.406144,-2.6122851371765137,18,0.418605,0.01089445,0.01089445,0.00000000,0.01089445,0.01089445,0.00000000,1.195448,1.198043,-0.002171,0.025527,0.025492,0.001394,0.950446,0.950542,0.000096,0.00374687,2.20554034,1.000000
pkdd8,PKDD-8,743,745.000,750.000,5009,150,45,0.160714,9.000000,67.032280,9.687412,0.837903,0.296762,0.400393,2.214182,0.180605,41.181282,3809,0.400393,-2.503828287124634,19,0.422222,0.01084850,0.01084850,0.00000019,0.01084850,0.01084850,0.00000000,1.200642,1.202849,-0.001838,0.026221,0.026180,0.001575,0.949150,0.949254,0.000104,0.00381764,2.24104541,1.000000
pkdd8,PKDD-8,744,746.000,751.000,4984,150,42,0.150000,8.400000,67.469009,9.296864,0.843363,0.304486,0.411439,2.213469,0.113238,41.723660,3784,0.411439,-2.5939245223999023,17,0.404762,0.01077340,0.01077341,-0.00000019,0.01077340,0.01077340,0.00000000,1.195270,1.197493,-0.001860,0.025508,0.025468,0.001544,0.950534,0.950631,0.000097,0.00402046,2.43875215,1.000000
pkdd8,PKDD-8,745,747.000,752.000,4947,150,43,0.153571,8.600000,67.997284,8.839673,0.849966,0.360196,1.028646,2.201501,0.113238,41.739754,3767,1.028646,-2.6273465156555176,25,0.581395,0.01059707,0.01059707,0.00000000,0.01059707,0.01059707,0.00000000,1.198191,1.201069,-0.002402,0.025880,0.025862,0.000684,0.949874,0.949953,0.000078,0.00406222,2.47037073,1.000000
pkdd8,PKDD-8,746,748.000,753.000,4864,150,46,0.164286,9.200000,67.812599,9.536744,0.847657,0.390226,1.131398,2.287842,0.113238,42.672081,3714,1.131398,-2.4734575748443604,15,0.326087,0.01026072,0.01026073,-0.00000040,0.01026072,0.01026072,0.00000000,1.199022,1.202637,-0.003015,0.025959,0.025952,0.000253,0.949574,0.949661,0.000087,0.00441754,2.61706612,1.000000
pkdd8,PKDD-8,747,749.000,754.000,4703,150,42,0.150000,8.400000,67.594193,9.958396,0.844927,0.401804,1.158535,2.397764,0.004268,44.102417,3581,1.158535,-2.436563491821289,15,0.357143,0.00972082,0.00972082,-0.00000011,0.00972082,0.00972082,0.00000000,1.202603,1.206417,-0.003172,0.026358,0.026351,0.000273,0.948925,0.949018,0.000093,0.00432447,2.82555469,1.000000
pkdd8,PKDD-8,748,750.000,755.000,4457,150,37,0.132143,7.400000,67.313187,10.353480,0.841415,0.403187,1.190305,2.502727,0.004268,45.332954,3364,1.190305,-2.425842523574829,15,0.405405,0.00904790,0.00904790,-0.00000011,0.00904790,0.00904790,0.00000000,1.205116,1.209218,-0.003404,0.026651,0.026652,-0.000008,0.948266,0.948353,0.000087,0.00431598,3.04795043,1.000000
pkdd8,PKDD-8,749,751.000,756.000,4144,150,36,0.128571,7.200000,67.323486,10.627683,0.841544,0.403065,1.226150,2.582317,0.004268,46.114998,3081,1.226150,-2.376265048980713,13,0.361111,0.00855405,0.00855405,0.00000012,0.00855405,0.00855405,0.00000000,1.204285,1.208365,-0.003388,0.026484,0.026466,0.000685,0.948570,0.948703,0.000133,0.00435360,2.93461343,1.000000
pkdd8,PKDD-8,750,752.000,757.000,3921,150,35,0.125000,7.000000,67.232559,11.023828,0.840407,0.336682,0.677882,2.835763,0.004268,49.754353,2847,0.677882,-2.1256957054138184,5,0.142857,0.00810899,0.00810899,0.00000013,0.00810899,0.00810899,0.00000000,1.199303,1.203058,-0.003131,0.025802,0.025754,0.001889,0.949978,0.950142,0.000164,0.00455317,3.35225258,1.000000
pkdd8,PKDD-8,751,753.000,758.000,3728,150,36,0.128571,7.200000,67.651260,10.277568,0.845641,0.300329,0.461187,3.137323,0.004268,54.794361,2624,0.461187,-1.8180220127105713,11,0.305556,0.00756995,0.00756994,0.00000068,0.00756995,0.00756995,0.00000000,1.195081,1.197342,-0.001893,0.025467,0.025406,0.002397,0.950551,0.950702,0.000151,0.00417209,2.81454969,1.000000
pkdd8,PKDD-8,752,754.000,759.000,3537,150,35,0.125000,7.000000,68.029594,9.757084,0.850370,0.293278,0.428413,3.497796,0.332925,61.003075,2405,0.428413,-1.4772312641143799,10,0.285714,0.00715404,0.00715403,0.00000086,0.00715404,0.00715404,0.00000000,1.196147,1.199358,-0.002684,0.025603,0.025541,0.002404,0.950271,0.950428,0.000157,0.00349806,2.75573544,1.000000
pkdd8,PKDD-8,753,755.000,760.000,3426,150,31,0.110714,6.200000,67.999512,9.666060,0.849994,0.292573,0.408788,3.805107,0.332925,66.632477,2265,0.408788,-1.2250421047210693,9,0.290323,0.00683633,0.00683632,0.00000060,0.00683633,0.00683633,0.00000000,1.187221,1.189896,-0.002253,0.024311,0.024246,0.002682,0.952993,0.953151,0.000159,0.00337037,3.49742282,1.000000
pkdd8,PKDD-8,754,756.000,761.000,3365,150,31,0.110714,6.200000,67.348747,9.972849,0.841859,0.279497,0.390848,4.112323,0.332925,72.453629,2174,0.390848,-0.8646962642669678,10,0.322581,0.00626292,0.00626292,0.00000049,0.00626292,0.00626292,0.00000000,1.192356,1.195199,-0.002384,0.024993,0.024949,0.001745,0.951804,0.951915,0.000111,0.00327000,2.98135790,1.000000
pkdd8,PKDD-8,755,757.000,762.000,3166,150,33,0.117857,6.600000,66.674416,10.506537,0.833430,0.252097,0.359910,4.257524,0.332925,75.430458,1994,0.359910,-0.6437503099441528,9,0.272727,0.00567451,0.00567451,0.00000036,0.00567451,0.00567451,0.00000000,1.187033,1.189749,-0.002288,0.024324,0.024285,0.001604,0.953041,0.953148,0.000106,0.00268394,2.69889303,1.000000
pkdd8,PKDD-8,756,758.000,763.000,2946,150,31,0.110714,6.200000,66.133797,10.940723,0.826672,0.226340,0.316686,4.230916,0.550638,75.779800,1804,0.316686,-0.6898479461669922,2,0.064516,0.00537076,0.00537076,-0.00000019,0.00537076,0.00537076,0.00000000,1.189391,1.191527,-0.001796,0.024504,0.024459,0.001831,0.952725,0.952839,0.000114,0.00229603,2.36287755,1.000000
pkdd8,PKDD-8,757,759.000,764.000,2809,150,29,0.103571,5.800000,65.206581,11.593765,0.815082,0.213325,0.295617,4.081765,0.550638,73.100365,1697,0.295617,-0.838431715965271,1,0.034483,0.00531086,0.00531086,0.00000000,0.00531086,0.00531086,0.00000000,1.189786,1.190873,-0.000913,0.024422,0.024373,0.002015,0.952805,0.952922,0.000116,0.00203326,2.00875950,1.000000
pkdd8,PKDD-8,758,760.000,765.000,2761,150,28,0.100000,5.600000,64.516335,11.808763,0.806454,0.230108,0.317854,3.983594,1.305800,70.374985,1650,0.317854,-0.9171735048294067,1,0.035714,0.00548110,0.00548110,-0.00000009,0.00548110,0.00548110,0.00000000,1.192852,1.193914,-0.000890,0.024728,0.024678,0.002033,0.952176,0.952292,0.000117,0.00219987,1.95504494,1.000000
pkdd8,PKDD-8,759,761.000,766.000,2826,150,27,0.096429,5.400000,64.177643,11.937396,0.802221,0.249387,0.332104,3.903870,1.284488,67.582153,1715,0.332104,-0.9897537231445312,1,0.037037,0.00586233,0.00586233,-0.00000035,0.00586233,0.00586233,0.00000000,1.182667,1.184333,-0.001409,0.023412,0.023367,0.001911,0.954696,0.954803,0.000107,0.00229826,1.91873559,1.000000
pkdd8,PKDD-8,760,762.000,767.000,3000,150,26,0.092857,5.200000,64.028572,11.830989,0.800357,0.262976,0.348830,3.986280,1.280710,68.368126,1861,0.348830,-0.8980079889297485,4,0.153846,0.00614857,0.00614857,-0.00000008,0.00614857,0.00614857,0.00000000,1.196166,1.197444,-0.001068,0.025123,0.025072,0.002021,0.951331,0.951451,0.000120,0.00233555,1.85131267,1.000000
pkdd8,PKDD-8,761,763.000,768.000,3130,150,26,0.092857,5.200000,63.722183,11.822310,0.796527,0.278137,0.369593,4.019112,0.927372,68.025208,1961,0.369593,-0.8349531888961792,4,0.153846,0.00634634,0.00634634,0.00000032,0.00634634,0.00634634,0.00000000,1.187191,1.188738,-0.001303,0.023898,0.023849,0.002069,0.953910,0.954023,0.000113,0.00244391,1.79118392,1.000000
pkdd8,PKDD-8,762,764.000,769.000,3232,150,27,0.096429,5.400000,63.492931,11.793005,0.793662,0.286250,0.377574,4.053826,0.927372,67.743439,2033,0.377574,-0.7585326433181763,4,0.148148,0.00644907,0.00644907,-0.00000016,0.00644907,0.00644907,0.00000000,1.188662,1.190491,-0.001538,0.024142,0.024097,0.001852,0.953491,0.953596,0.000105,0.00247620,1.78681804,1.000000
pkdd8,PKDD-8,763,765.000,770.000,3281,150,27,0.096429,5.400000,63.172127,11.849374,0.789652,0.277383,0.370887,4.090234,0.927372,67.391327,2081,0.370887,-0.6999733448028564,4,0.148148,0.00639486,0.00639486,-0.00000016,0.00639486,0.00639486,0.00000000,1.179834,1.181986,-0.001824,0.023138,0.023090,0.002065,0.955477,0.955590,0.000113,0.00250304,1.75679529,1.000000
pkdd8,PKDD-8,764,766.000,771.000,3253,150,27,0.096429,5.400000,62.838924,11.951108,0.785487,0.264892,0.361635,4.179592,0.596709,67.877571,2053,0.361635,-0.5821332931518555,4,0.148148,0.00633477,0.00633477,0.00000016,0.00633477,0.00633477,0.00000000,1.200742,1.202908,-0.001803,0.025816,0.025761,0.002142,0.950269,0.950402,0.000133,0.00227999,1.64839230,1.000000
pkdd8,PKDD-8,765,767.000,772.000,3233,150,30,0.107143,6.000000,62.417786,11.852073,0.780222,0.250314,0.343252,4.043908,0.596709,65.336815,2033,0.343252,-0.6480081081390381,2,0.066667,0.00630946,0.00630946,-0.00000008,0.00630946,0.00630946,0.00000000,1.173523,1.176307,-0.002372,0.022297,0.022245,0.002307,0.957174,0.957300,0.000126,0.00239199,1.55125729,1.000000
pkdd8,PKDD-8,766,768.000,773.000,3233,150,27,0.096429,5.400000,62.038239,11.710049,0.775478,0.238076,0.322503,3.868016,0.596709,63.034019,2033,0.322503,-0.8794285655021667,7,0.259259,0.00627571,0.00627571,-0.00000033,0.00627571,0.00627571,0.00000000,1.187404,1.190800,-0.002860,0.024215,0.024155,0.002497,0.953051,0.953240,0.000189,0.00238493,1.51388753,1.000000
pkdd8,PKDD-8,767,769.000,774.000,3239,150,29,0.103571,5.800000,61.930099,11.632015,0.774126,0.229422,0.318471,3.708713,0.596709,61.501118,2039,0.318471,-1.0131146907806396,8,0.275862,0.00619030,0.00619030,0.00000017,0.00619030,0.00619030,0.00000000,1.186725,1.190447,-0.003136,0.024176,0.024098,0.003231,0.953045,0.953278,0.000232,0.00220444,1.49824357,1.000000
pkdd8,PKDD-8,768,770.000,775.000,3224,150,29,0.103571,5.800000,61.866508,11.698114,0.773331,0.242848,0.371093,3.444782,0.596709,58.216290,2024,0.371093,-1.298000693321228,8,0.275862,0.00629232,0.00629232,0.00000033,0.00629232,0.00629232,0.00000000,1.186441,1.190375,-0.003316,0.024111,0.024049,0.002587,0.953087,0.953294,0.000207,0.00257065,1.43107295,1.000000
pkdd8,PKDD-8,769,771.000,776.000,3304,150,29,0.103571,5.800000,61.707882,11.808056,0.771349,0.284128,0.476895,3.253948,0.554437,56.029133,2104,0.476895,-1.4996205568313599,7,0.241379,0.00629285,0.00629285,-0.00000016,0.00629285,0.00629285,0.00000000,1.170724,1.174331,-0.003081,0.022102,0.022050,0.002350,0.957081,0.957261,0.000179,0.00244123,1.44339217,1.000000
pkdd8,PKDD-8,770,772.000,777.000,3327,150,28,0.100000,5.600000,61.404400,12.379208,0.767555,0.325079,0.578979,3.293576,0.438945,56.599209,2127,0.578979,-1.456853985786438,6,0.214286,0.00627610,0.00627610,-0.00000008,0.00627610,0.00627610,0.00000000,1.192584,1.196770,-0.003511,0.025146,0.025082,0.002537,0.951096,0.951311,0.000215,0.00251590,1.49158038,1.000000
pkdd8,PKDD-8,771,773.000,778.000,3344,150,29,0.103571,5.800000,60.898773,13.424049,0.761235,0.360410,0.650637,3.363420,0.401038,57.205444,2144,0.650637,-1.3297802209854126,4,0.137931,0.00622543,0.00622543,-0.00000025,0.00622543,0.00622543,0.00000000,1.178453,1.182365,-0.003320,0.023190,0.023137,0.002312,0.955271,0.955429,0.000158,0.00228631,1.49562529,1.000000
pkdd8,PKDD-8,772,774.000,779.000,3323,150,29,0.103571,5.800000,60.217484,14.798041,0.752719,0.389281,0.693297,3.400904,0.401038,56.839348,2123,0.693297,-1.2456270456314087,6,0.206897,0.00621700,0.00621700,-0.00000083,0.00621700,0.00621700,0.00000000,1.172840,1.176152,-0.002824,0.022451,0.022413,0.001710,0.956716,0.956834,0.000118,0.00251012,1.50105602,1.000000
pkdd8,PKDD-8,773,775.000,780.000,3321,150,27,0.096429,5.400000,59.599331,16.244989,0.744992,0.383676,0.673968,3.551537,0.401038,58.745228,2121,0.673968,-1.079311728477478,6,0.222222,0.00620850,0.00620850,-0.00000041,0.00620850,0.00620850,0.00000000,1.167921,1.170930,-0.002577,0.021777,0.021728,0.002230,0.958136,0.958265,0.000129,0.00267375,1.57329742,0.998510
pkdd8,PKDD-8,774,776.000,781.000,3323,150,30,0.107143,6.000000,59.428753,17.855173,0.742859,0.353101,0.614655,3.564651,0.401038,58.919464,2123,0.614655,-0.9977080225944519,9,0.300000,0.00613605,0.00613605,-0.00000025,0.00613605,0.00613605,0.00000000,1.177223,1.179659,-0.002069,0.022865,0.022609,0.011224,0.956171,0.956636,0.000465,0.00244356,1.63661345,0.995341
pkdd8,PKDD-8,775,777.000,782.000,3284,150,28,0.100000,5.600000,59.404175,19.330532,0.742552,0.322491,0.526455,3.557788,0.401038,59.273792,2084,0.526455,-1.0447843074798584,10,0.357143,0.00609111,0.00609111,0.00000017,0.00609111,0.00609111,0.00000000,1.176923,1.178462,-0.001307,0.022945,0.022539,0.017680,0.955908,0.956896,0.000988,0.00248885,1.66854408,0.994600
pkdd8,PKDD-8,776,778.000,783.000,3250,150,26,0.092857,5.200000,59.698631,20.505907,0.746233,0.293897,0.437057,3.467796,0.450164,58.667675,2050,0.437057,-1.206458330154419,7,0.269231,0.00598368,0.00598367,0.00000052,0.00598368,0.00598368,0.00000000,1.189411,1.190986,-0.001325,0.025134,0.024710,0.016862,0.950206,0.951361,0.001155,0.00304871,1.73824465,0.990640
pkdd8,PKDD-8,777,779.000,784.000,3173,150,25,0.089286,5.000000,59.770840,21.355616,0.747135,0.263353,0.356577,3.388114,0.450164,58.676346,1973,0.356577,-1.3225975036621094,4,0.160000,0.00588780,0.00588779,0.00000114,0.00588780,0.00588780,0.00000000,1.198248,1.199870,-0.001354,0.026747,0.026258,0.018257,0.945980,0.947826,0.001846,0.00280524,1.76775777,0.987589
pkdd8,PKDD-8,778,780.000,785.000,3082,150,26,0.092857,5.200000,59.680199,22.031975,0.746002,0.243119,0.326271,3.409688,0.450164,60.575134,1902,0.326271,-1.2845507860183716,4,0.153846,0.00558512,0.00558511,0.00000092,0.00558512,0.00558512,0.00000000,1.215604,1.216998,-0.001146,0.029470,0.028865,0.020535,0.939583,0.942409,0.002826,0.00239882,1.81779085,0.986207
pkdd8,PKDD-8,779,781.000,786.000,2871,150,25,0.089286,5.000000,59.172153,22.844698,0.739652,0.233854,0.310321,3.328516,0.450164,60.365940,1721,0.310321,-1.3703093528747559,2,0.080000,0.00536822,0.00536821,0.00000077,0.00536822,0.00536822,0.00000000,1.220534,1.222016,-0.001215,0.030904,0.030338,0.018321,0.935211,0.938997,0.003786,0.00241743,1.84432646,0.987157
pkdd8,PKDD-8,780,782.000,787.000,2698,150,25,0.089286,5.000000,58.668209,23.521467,0.733353,0.232462,0.299925,3.191210,0.845388,58.795315,1578,0.299925,-1.4927932024002075,1,0.040000,0.00531576,0.00531576,0.00000077,0.00531576,0.00531576,0.00000000,1.219484,1.221024,-0.001263,0.030923,0.030231,0.022374,0.934987,0.939129,0.004143,0.00259300,1.85434371,0.984405
pkdd8,PKDD-8,781,783.000,788.000,2597,150,26,0.092857,5.200000,58.256775,23.802851,0.728210,0.226876,0.284875,3.326752,0.845388,61.402412,1507,0.284875,-1.2963773012161255,1,0.038462,0.00533007,0.00533007,0.00000039,0.00533007,0.00533007,0.00000000,1.223095,1.223488,-0.000321,0.030730,0.029372,0.044190,0.937496,0.942613,0.005117,0.00240945,1.81449185,0.985153
pkdd8,PKDD-8,782,784.000,789.000,2546,150,23,0.082143,4.600000,58.024353,23.933249,0.725304,0.222983,0.278076,3.500354,0.073905,64.443726,1486,0.278076,-1.1498074531555176,3,0.130435,0.00528774,0.00528774,0.00000000,0.00528774,0.00528774,0.00000000,1.227419,1.219355,0.006570,0.030033,0.027973,0.068579,0.940836,0.946084,0.005248,0.00235020,1.89591003,0.986028
pkdd8,PKDD-8,783,785.000,790.000,2480,150,20,0.071429,4.000000,58.027596,24.170149,0.725345,0.227133,0.284371,3.541583,0.039366,65.296051,1421,0.284371,-1.16239333152771,11,0.550000,0.00531221,0.00531221,0.00000000,0.00531221,0.00531221,0.00000000,1.226792,1.206433,0.016595,0.028624,0.025932,0.094061,0.945263,0.950291,0.005028,0.00223781,1.91029762,0.986441
pkdd8,PKDD-8,784,786.000,791.000,2456,150,20,0.071429,4.000000,58.065056,24.177361,0.725813,0.230054,0.289601,3.823055,0.039366,69.767410,1348,0.289601,-0.8551912903785706,12,0.600000,0.00524291,0.00524291,0.00000059,0.00524291,0.00524291,0.00000000,1.227425,1.193980,0.027248,0.027299,0.024026,0.119893,0.949644,0.954183,0.004539,0.00274997,1.91593730,0.987772
pkdd8,PKDD-8,785,787.000,792.000,2392,150,20,0.071429,4.000000,57.879990,24.240566,0.723500,0.221449,0.285988,3.977424,0.039366,72.996704,1229,0.285988,-0.6817536354064941,12,0.600000,0.00499008,0.00499008,0.00000041,0.00499008,0.00499008,0.00000000,1.234875,1.185498,0.039986,0.026861,0.022949,0.145650,0.951368,0.955937,0.004569,0.00271028,2.00139765,0.990391
pkdd8,PKDD-8,786,788.000,793.000,2248,150,20,0.071429,4.000000,57.634136,24.719137,0.720427,0.219953,0.285042,3.984979,0.039366,73.525284,1055,0.285042,-0.663619875907898,12,0.600000,0.00483610,0.00483610,0.00000000,0.00483610,0.00483610,0.00000000,1.241076,1.177561,0.051177,0.026552,0.022458,0.154176,0.952127,0.956432,0.004304,0.00248522,2.55254164,0.994367
pkdd8,PKDD-8,787,789.000,794.000,2157,150,19,0.067857,3.800000,58.103691,25.271336,0.726296,0.224560,0.291098,4.102428,0.039366,76.590836,930,0.291098,-0.5908421277999878,11,0.578947,0.00461479,0.00461479,0.00000000,0.00461479,0.00461479,0.00000000,1.249509,1.178291,0.056997,0.027253,0.022972,0.157106,0.950761,0.955166,0.004405,0.00253774,2.53388168,0.996464
pkdd8,PKDD-8,788,790.000,795.000,2036,150,18,0.064286,3.600000,58.427818,26.041052,0.730348,0.230241,0.293867,4.158820,0.808059,78.278664,804,0.293867,-0.5728892087936401,3,0.166667,0.00449367,0.00449367,0.00000023,0.00449367,0.00449367,0.00000000,1.251904,1.178263,0.058824,0.027287,0.022869,0.161913,0.950828,0.955368,0.004540,0.00284754,2.10464686,0.998400
pkdd8,PKDD-8,789,791.000,796.000,1969,150,18,0.064286,3.600000,58.854458,26.564682,0.735681,0.236954,0.307078,3.967025,0.808059,76.759430,757,0.307078,-0.8120403289794922,1,0.055556,0.00450451,0.00450451,0.00000000,0.00450451,0.00450451,0.00000000,1.242271,1.168779,0.059160,0.026016,0.021574,0.170757,0.953210,0.957781,0.004571,0.00289395,1.91917504,0.998632
pkdd8,PKDD-8,790,792.000,797.000,1973,150,18,0.064286,3.600000,59.739292,26.884342,0.746741,0.259434,0.346408,4.052709,0.808059,79.728333,786,0.346408,-0.7653847932815552,6,0.333333,0.00470225,0.00470225,-0.00000022,0.00470225,0.00470225,0.00000000,1.245292,1.175761,0.055836,0.026434,0.022207,0.159907,0.952617,0.956966,0.004348,0.00282480,1.69089583,0.993916
pkdd8,PKDD-8,791,793.000,798.000,2071,150,21,0.075000,4.200000,60.945866,26.710455,0.761823,0.276801,0.396610,3.997806,0.808059,79.638412,884,0.396610,-0.8403236865997314,7,0.333333,0.00478054,0.00478054,0.00000043,0.00478054,0.00478054,0.00000000,1.244235,1.175529,0.055219,0.026524,0.022388,0.155932,0.952367,0.956629,0.004262,0.00304533,1.65608005,0.993859
pkdd8,PKDD-8,792,794.000,799.000,2125,150,22,0.078571,4.400000,61.904514,26.646988,0.773806,0.284266,0.411259,3.991366,0.684219,80.062035,942,0.411259,-0.8791408538818359,6,0.272727,0.00502317,0.00502316,0.00000041,0.00502317,0.00502317,0.00000000,1.230972,1.167180,0.051823,0.025057,0.021173,0.154989,0.955172,0.959183,0.004011,0.00331449,1.70265428,0.992873
pkdd8,PKDD-8,793,795.000,800.000,2273,150,21,0.075000,4.200000,62.914555,26.043936,0.786432,0.265545,0.397015,3.993111,0.656496,80.030006,1068,0.397015,-0.9569522142410278,7,0.333333,0.00511798,0.00511798,0.00000050,0.00511798,0.00511798,0.00000000,1.229272,1.168359,0.049553,0.025266,0.021521,0.148209,0.954457,0.958328,0.003870,0.00343877,1.69675481,0.993338
pkdd8,PKDD-8,794,796.000,801.000,2364,150,22,0.078571,4.400000,63.836758,25.810625,0.797959,0.243432,0.374273,3.849679,0.621208,77.422791,1128,0.374273,-1.1549781560897827,7,0.318182,0.00510266,0.00510266,0.00000020,0.00510266,0.00510266,0.00000000,1.237380,1.178139,0.047876,0.026366,0.022679,0.139830,0.952445,0.956257,0.003812,0.00351740,1.61725472,0.992491
pkdd8,PKDD-8,795,797.000,802.000,2397,150,22,0.078571,4.400000,64.558418,25.829927,0.806980,0.217384,0.334446,3.598292,0.604656,72.061447,1159,0.334446,-1.478403091430664,2,0.090909,0.00512394,0.00512394,0.00000000,0.00512394,0.00512394,0.00000000,1.236043,1.178161,0.046828,0.026221,0.022592,0.138392,0.952671,0.956425,0.003754,0.00381509,1.74058689,0.996121
pkdd8,PKDD-8,796,798.000,803.000,2436,150,23,0.082143,4.600000,64.977501,25.758472,0.812219,0.201224,0.289113,3.463429,0.598442,69.137962,1198,0.289113,-1.6282626390457153,1,0.043478,0.00529644,0.00529644,-0.00000058,0.00529644,0.00529644,0.00000000,1.223674,1.167458,0.045940,0.024884,0.021399,0.140047,0.955040,0.958636,0.003596,0.00408296,1.86720091,0.996081
pkdd8,PKDD-8,797,799.000,804.000,2526,150,24,0.085714,4.800000,64.905151,25.305492,0.811314,0.189961,0.268321,3.178373,0.469959,62.926090,1288,0.268321,-1.9120211601257324,1,0.041667,0.00551497,0.00551497,0.00000000,0.00551497,0.00551497,0.00000000,1.225905,1.171048,0.044748,0.025411,0.022057,0.131987,0.953670,0.957135,0.003465,0.00362365,1.92809842,0.997086
pkdd8,PKDD-8,798,800.000,805.000,2625,150,22,0.078571,4.400000,64.874786,24.837189,0.810935,0.204712,0.280832,2.919082,0.374229,57.679821,1393,0.280832,-2.2244412899017334,3,0.136364,0.00585257,0.00585257,-0.00000018,0.00585257,0.00585257,0.00000000,1.223784,1.172613,0.041814,0.025080,0.021902,0.126729,0.954614,0.957909,0.003295,0.00355880,2.06851472,0.996108
pkdd8,PKDD-8,799,801.000,806.000,2775,150,23,0.082143,4.600000,64.905937,24.137754,0.811324,0.224387,0.311749,2.873047,0.374229,56.674164,1573,0.311749,-2.2451865673065186,3,0.130435,0.00619122,0.00619122,0.00000008,0.00619122,0.00619122,0.00000000,1.221085,1.172979,0.039396,0.025107,0.022068,0.121033,0.954194,0.957357,0.003163,0.00353526,2.34840726,0.996776
pkdd8,PKDD-8,800,802.000,807.000,2931,150,22,0.078571,4.400000,64.916504,23.427813,0.811456,0.232671,0.321433,2.850390,0.374229,56.113861,1731,0.321433,-2.2838613986968994,3,0.136364,0.00637384,0.00637384,0.00000065,0.00637384,0.00637384,0.00000000,1.211570,1.165620,0.037926,0.024009,0.021045,0.123476,0.956184,0.959278,0.003094,0.00323302,2.31750422,0.996281
pkdd8,PKDD-8,801,803.000,808.000,3025,150,23,0.082143,4.600000,64.822624,22.939505,0.810283,0.231841,0.324786,2.894003,0.374229,56.957832,1854,0.324786,-2.2094390392303467,4,0.173913,0.00638663,0.00638663,0.00000064,0.00638663,0.00638663,0.00000000,1.222149,1.176799,0.037107,0.025469,0.022506,0.116344,0.953169,0.956268,0.003099,0.00324542,2.30884671,0.996451
pkdd8,PKDD-8,802,804.000,809.000,3043,150,24,0.085714,4.800000,64.878105,22.829870,0.810976,0.233027,0.330625,2.945260,0.374229,58.218388,1902,0.330625,-2.1428582668304443,4,0.166667,0.00621348,0.00621348,0.00000017,0.00621348,0.00621348,0.00000000,1.219570,1.173504,0.037772,0.025057,0.022009,0.121643,0.954011,0.957203,0.003192,0.00353761,2.45398031,0.996369
pkdd8,PKDD-8,803,805.000,810.000,2974,150,24,0.085714,4.800000,64.747169,22.949076,0.809340,0.230672,0.331404,3.040016,0.478513,60.227009,1863,0.331404,-2.0413923263549805,5,0.208333,0.00589463,0.00589463,-0.00000017,0.00589463,0.00589463,0.00000000,1.220844,1.171570,0.040360,0.025140,0.021934,0.127536,0.953690,0.957043,0.003353,0.00332131,2.84609132,0.996331
pkdd8,PKDD-8,804,806.000,811.000,2821,150,24,0.085714,4.800000,64.261032,23.331041,0.803263,0.226357,0.328705,3.148896,0.185335,62.307766,1740,0.328705,-1.9026858806610107,8,0.333333,0.00555444,0.00555444,-0.00000046,0.00555444,0.00555444,0.00000000,1.225575,1.172011,0.043706,0.025302,0.021909,0.134092,0.953757,0.957291,0.003534,0.00306955,2.54643108,0.995587
pkdd8,PKDD-8,805,807.000,812.000,2651,150,24,0.085714,4.800000,63.592407,23.774519,0.794905,0.221224,0.324500,3.191243,0.185335,62.975540,1598,0.324500,-1.8286105394363403,9,0.375000,0.00515129,0.00515129,-0.00000100,0.00515129,0.00515129,0.00000000,1.229268,1.169919,0.048280,0.025604,0.021966,0.142058,0.953188,0.956966,0.003778,0.00297427,2.13931733,0.995244
pkdd8,PKDD-8,806,808.000,813.000,2460,150,23,0.082143,4.600000,62.960377,24.427601,0.787005,0.223993,0.325884,3.198844,0.185335,63.006634,1380,0.325884,-1.8141610622406006,8,0.347826,0.00477182,0.00477182,-0.00000065,0.00477182,0.00477182,0.00000000,1.220672,1.157436,0.051804,0.023968,0.020094,0.161669,0.956860,0.960877,0.004017,0.00266260,1.95248964,0.993720
pkdd8,PKDD-8,807,809.000,814.000,2293,150,21,0.075000,4.200000,62.533211,25.139187,0.781665,0.227100,0.326781,3.170830,0.185335,62.614941,1185,0.326781,-1.8650195598602295,14,0.666667,0.00457409,0.00457410,-0.00000090,0.00457409,0.00457409,0.00000000,1.230284,1.164038,0.053846,0.025159,0.021168,0.158602,0.954600,0.958728,0.004128,0.00280426,1.83151156,0.992699
pkdd8,PKDD-8,808,810.000,815.000,2219,150,22,0.078571,4.400000,62.123325,25.391653,0.776542,0.226351,0.328920,2.988698,0.185335,58.859585,1081,0.328920,-2.0252468585968018,10,0.454545,0.00447380,0.00447380,0.00000000,0.00447380,0.00447380,0.00000000,1.235241,1.168483,0.054044,0.025829,0.021796,0.156159,0.953328,0.957508,0.004180,0.00262159,1.80814485,0.992030
pkdd8,PKDD-8,809,811.000,816.000,2202,150,21,0.075000,4.200000,62.060654,25.422262,0.775758,0.209247,0.299724,3.145794,0.893079,61.960518,1034,0.299724,-1.8677335977554321,7,0.333333,0.00444749,0.00444748,0.00000046,0.00444749,0.00444749,0.00000000,1.221171,1.155405,0.053855,0.023913,0.019911,0.167351,0.956939,0.961090,0.004151,0.00247564,1.95802399,0.992297
pkdd8,PKDD-8,810,812.000,817.000,2220,150,22,0.078571,4.400000,62.159283,25.320818,0.776991,0.212853,0.302785,3.385219,0.893079,66.914726,1054,0.302785,-1.5823884010314941,11,0.500000,0.00461910,0.00461909,0.00000067,0.00461910,0.00461910,0.00000000,1.223276,1.162069,0.050035,0.024383,0.020549,0.157216,0.955987,0.959973,0.003987,0.00276211,2.10169820,0.993211
pkdd8,PKDD-8,811,813.000,818.000,2320,150,23,0.082143,4.600000,62.650890,24.912868,0.783136,0.208615,0.294655,3.352823,0.893079,66.265587,1141,0.294655,-1.6241981983184814,15,0.652174,0.00476427,0.00476427,0.00000043,0.00476427,0.00476427,0.00000000,1.232675,1.172197,0.049063,0.025604,0.021856,0.146378,0.953593,0.957497,0.003904,0.00287137,2.22440823,0.993763
pkdd8,PKDD-8,812,814.000,819.000,2381,150,23,0.082143,4.600000,62.806915,24.606665,0.785086,0.194144,0.274982,3.327900,0.902333,65.637138,1200,0.274982,-1.6539936065673828,9,0.391304,0.00497046,0.00497046,0.00000041,0.00497046,0.00497046,0.00000000,1.225182,1.167474,0.047101,0.024787,0.021185,0.145315,0.955090,0.958841,0.003751,0.00278287,2.26163823,0.995278
pkdd8,PKDD-8,813,815.000,820.000,2478,150,26,0.092857,5.200000,63.288380,24.256521,0.791105,0.192236,0.277207,3.402557,0.434686,66.904869,1327,0.277207,-1.5271878242492676,9,0.346154,0.00538272,0.00538272,-0.00000019,0.00538272,0.00538272,0.00000000,1.213084,1.159626,0.044068,0.023482,0.020148,0.141953,0.957277,0.960743,0.003466,0.00349587,2.34425167,0.996972
pkdd8,PKDD-8,814,816.000,821.000,2675,150,27,0.096429,5.400000,64.119576,23.612188,0.801495,0.204209,0.288222,3.166504,0.434686,62.309418,1525,0.288222,-1.8061202764511108,10,0.370370,0.00579970,0.00579970,-0.00000098,0.00579970,0.00579970,0.00000000,1.220910,1.170893,0.040967,0.025012,0.021903,0.124329,0.954037,0.957279,0.003242,0.00327343,2.31388904,0.997655
pkdd8,PKDD-8,815,817.000,822.000,2879,150,26,0.092857,5.200000,64.897438,23.008976,0.811218,0.203568,0.283883,3.006093,0.434686,59.128777,1699,0.283883,-2.038299560546875,5,0.192308,0.00618594,0.00618594,-0.00000067,0.00618594,0.00618594,0.00000000,1.214542,1.166286,0.039732,0.024290,0.021370,0.120201,0.955332,0.958372,0.003040,0.00312908,2.23482348,0.996919
pkdd8,PKDD-8,816,818.000,823.000,3067,150,26,0.092857,5.200000,65.605553,22.525156,0.820069,0.200714,0.281528,2.940185,0.434686,57.992222,1898,0.281528,-2.1427125930786133,4,0.153846,0.00654265,0.00654266,-0.00000016,0.00654265,0.00654265,0.00000000,1.209553,1.164253,0.037452,0.024026,0.021255,0.115310,0.955758,0.958649,0.002891,0.00303771,2.11052828,0.997226
pkdd8,PKDD-8,817,819.000,824.000,3245,150,25,0.089286,5.000000,66.165825,22.118462,0.827073,0.208622,0.294154,2.882715,0.434686,57.034630,2076,0.294154,-2.2542247772216797,4,0.160000,0.00673548,0.00673548,0.00000000,0.00673548,0.00673548,0.00000000,1.210463,1.166266,0.036513,0.024240,0.021534,0.111627,0.955276,0.958101,0.002825,0.00291296,2.17690659,0.995941
pkdd8,PKDD-8,818,820.000,825.000,3326,150,25,0.089286,5.000000,66.539078,21.994444,0.831738,0.216944,0.299618,2.826688,0.684450,56.264870,2127,0.299618,-2.341719150543213,5,0.200000,0.00668534,0.00668533,0.00000054,0.00668534,0.00668534,0.00000000,1.216941,1.172151,0.036805,0.025085,0.022340,0.109428,0.953860,0.956728,0.002868,0.00297995,2.19043449,0.995064
pkdd8,PKDD-8,819,821.000,826.000,3282,150,25,0.089286,5.000000,66.604149,22.197275,0.832552,0.218596,0.305041,2.818602,0.841359,56.284763,2082,0.305041,-2.3586628437042236,4,0.160000,0.00658108,0.00658107,0.00000149,0.00658108,0.00658108,0.00000000,1.217134,1.171651,0.037369,0.024962,0.022157,0.112379,0.954261,0.957191,0.002931,0.00345006,2.16176416,0.995093
pkdd8,PKDD-8,820,822.000,827.000,3210,150,26,0.092857,5.200000,66.738358,22.592587,0.834229,0.218822,0.313503,2.798515,0.841359,56.399200,2010,0.313503,-2.3744637966156006,5,0.192308,0.00645342,0.00645341,0.00000096,0.00645342,0.00645342,0.00000000,1.213552,1.166988,0.038370,0.024267,0.021395,0.118364,0.955828,0.958825,0.002997,0.00297106,2.20139163,0.995520
pkdd8,PKDD-8,821,823.000,828.000,3114,150,30,0.107143,6.000000,66.603210,23.051306,0.832540,0.222195,0.317687,2.982450,1.051761,60.158566,1914,0.317687,-2.0847201347351074,3,0.100000,0.00641521,0.00641521,0.00000080,0.00641521,0.00641521,0.00000000,1.219791,1.172763,0.038554,0.024897,0.021974,0.117392,0.954657,0.957711,0.003053,0.00341253,2.39703563,0.994121
pkdd8,PKDD-8,822,824.000,829.000,3062,150,28,0.100000,5.600000,66.507980,23.387497,0.831350,0.233583,0.328741,3.179622,1.051761,63.919685,1862,0.328741,-1.8978937864303589,3,0.107143,0.00645614,0.00645613,0.00000064,0.00645614,0.00645614,0.00000000,1.220339,1.173077,0.038729,0.024774,0.021853,0.117906,0.954967,0.958020,0.003052,0.00353944,2.46189803,0.993840
pkdd8,PKDD-8,823,825.000,830.000,3068,150,29,0.103571,5.800000,66.408142,23.468227,0.830102,0.228380,0.326726,3.274613,0.991783,65.871407,1868,0.326726,-1.7716031074523926,3,0.103448,0.00632156,0.00632156,0.00000000,0.00632156,0.00632156,0.00000000,1.221035,1.172287,0.039923,0.024853,0.021837,0.121343,0.954810,0.957970,0.003160,0.00319346,2.57470628,0.994741
pkdd8,PKDD-8,824,826.000,831.000,2995,150,28,0.100000,5.600000,66.118340,23.697981,0.826479,0.253776,0.377340,3.347401,0.991783,67.636505,1795,0.377340,-1.6843976974487305,3,0.107143,0.00653419,0.00653419,-0.00000071,0.00653419,0.00653419,0.00000000,1.217782,1.168831,0.040197,0.024281,0.021252,0.124767,0.955976,0.959156,0.003180,0.00321567,3.35615374,0.994156
pkdd8,PKDD-8,825,827.000,832.000,3003,150,29,0.103571,5.800000,65.658600,23.371302,0.820732,0.263728,0.402368,3.536871,0.991783,70.204071,1812,0.402368,-1.425750732421875,3,0.103448,0.00653197,0.00653198,-0.00000063,0.00653197,0.00653197,0.00000000,1.232240,1.181694,0.041020,0.026179,0.023013,0.120918,0.952294,0.955634,0.003340,0.00373169,2.90081125,0.995082
pkdd8,PKDD-8,826,828.000,833.000,2928,150,28,0.100000,5.600000,65.325264,23.188190,0.816566,0.280852,0.425695,3.318453,0.986858,65.779602,1738,0.425695,-1.6626088619232178,5,0.178571,0.00664054,0.00664054,-0.00000062,0.00664054,0.00664054,0.00000000,1.231561,1.180446,0.041504,0.026019,0.022832,0.122483,0.952507,0.955870,0.003363,0.00440074,3.14745037,0.996449
pkdd8,PKDD-8,827,829.000,834.000,2915,150,29,0.103571,5.800000,65.281876,22.662220,0.816023,0.274200,0.417515,3.241440,0.986858,64.273605,1725,0.417515,-1.7209882736206055,10,0.344828,0.00676481,0.00676481,-0.00000038,0.00676481,0.00676481,0.00000000,1.236960,1.185492,0.041608,0.026777,0.023568,0.119870,0.951085,0.954475,0.003390,0.00430618,2.60101900,0.997979
pkdd8,PKDD-8,828,830.000,835.000,2895,150,29,0.103571,5.800000,65.525322,22.162735,0.819067,0.293654,0.438698,3.135946,0.986858,62.020206,1705,0.438698,-1.8404704332351685,10,0.344828,0.00711014,0.00711014,-0.00000029,0.00711014,0.00711014,0.00000000,1.243025,1.193277,0.040022,0.027766,0.024650,0.112249,0.949001,0.952305,0.003303,0.00465814,2.43913261,0.998185
pkdd8,PKDD-8,829,831.000,836.000,2975,150,27,0.096429,5.400000,66.321640,21.444885,0.829021,0.277745,0.420748,2.982778,0.986858,58.635960,1785,0.420748,-2.098874568939209,10,0.370370,0.00713512,0.00713512,0.00000000,0.00713512,0.00713512,0.00000000,1.240940,1.191275,0.040022,0.027521,0.024426,0.112448,0.949368,0.952640,0.003272,0.00478283,2.44736580,0.998490
pkdd8,PKDD-8,830,832.000,837.000,2980,150,26,0.092857,5.200000,66.991104,21.061966,0.837389,0.275072,0.408330,2.718821,0.935799,54.195625,1781,0.408330,-2.445115327835083,10,0.384615,0.00735834,0.00735834,-0.00000035,0.00735834,0.00735834,0.00000000,1.244898,1.197279,0.038251,0.028266,0.025291,0.105259,0.947692,0.950840,0.003148,0.00459043,2.33799116,0.998251
pkdd8,PKDD-8,831,833.000,838.000,3087,150,27,0.096429,5.400000,67.895699,20.300722,0.848696,0.260184,0.386303,2.724146,0.861372,54.298882,1887,0.386303,-2.4767205715179443,8,0.296296,0.00735229,0.00735230,-0.00000056,0.00735229,0.00735229,0.00000000,1.245314,1.198449,0.037633,0.028295,0.025327,0.104911,0.947839,0.950980,0.003141,0.00420690,2.14212191,0.998691
pkdd8,PKDD-8,832,834.000,839.000,3094,150,26,0.092857,5.200000,68.684357,19.726419,0.858554,0.264978,0.387954,2.518057,0.476889,50.401989,1894,0.387954,-2.7781217098236084,4,0.153846,0.00725739,0.00725740,-0.00000099,0.00725739,0.00725739,0.00000000,1.239386,1.192685,0.037681,0.027653,0.024649,0.108608,0.948894,0.952074,0.003180,0.00399500,2.11948449,0.998236
pkdd8,PKDD-8,833,835.000,840.000,3062,150,25,0.089286,5.000000,69.217430,19.309040,0.865218,0.256533,0.370857,2.378598,0.372505,47.863033,1850,0.370857,-2.9822847843170166,11,0.440000,0.00735762,0.00735763,-0.00000098,0.00735762,0.00735762,0.00000000,1.240906,1.195597,0.036513,0.027762,0.024827,0.105701,0.948957,0.952054,0.003097,0.00395338,2.23552587,0.998133
pkdd8,PKDD-8,834,836.000,841.000,3134,150,29,0.103571,5.800000,69.682632,18.810904,0.871033,0.237545,0.335115,2.513111,0.372505,51.295158,1922,0.335115,-2.7881267070770264,12,0.413793,0.00723945,0.00723946,-0.00000100,0.00723945,0.00723945,0.00000000,1.250562,1.204947,0.036476,0.029241,0.026308,0.100309,0.946012,0.949104,0.003092,0.00378969,2.40088132,0.998121
pkdd8,PKDD-8,835,837.000,842.000,3113,150,28,0.100000,5.600000,70.002823,18.461535,0.875035,0.233915,0.321116,2.641029,0.372505,54.409512,1901,0.321116,-2.687649965286255,11,0.392857,0.00719779,0.00719779,-0.00000021,0.00719779,0.00719779,0.00000000,1.245132,1.199489,0.036657,0.028373,0.025495,0.101423,0.947809,0.950826,0.003017,0.00355989,3.06846870,0.998133
pkdd8,PKDD-8,836,838.000,843.000,3133,150,29,0.103571,5.800000,70.257355,18.314507,0.878217,0.236959,0.316765,2.757448,0.372505,57.689320,1921,0.316765,-2.5486338138580322,11,0.379310,0.00736659,0.00736659,-0.00000014,0.00736659,0.00736659,0.00000000,1.237948,1.193449,0.035946,0.027691,0.024905,0.100625,0.948772,0.951690,0.002918,0.00364518,2.49437710,0.998053
pkdd8,PKDD-8,837,839.000,844.000,3236,150,31,0.110714,6.200000,70.400871,18.195353,0.880011,0.225419,0.303204,2.961422,0.372505,62.142818,2024,0.303204,-2.2861666679382324,10,0.322581,0.00752711,0.00752710,0.00000041,0.00752711,0.00752711,0.00000000,1.237594,1.194887,0.034508,0.027609,0.024893,0.098375,0.949251,0.952098,0.002847,0.00367569,2.15211294,0.998511
pkdd8,PKDD-8,838,840.000,845.000,3325,150,31,0.110714,6.200000,70.666016,18.153034,0.883325,0.221810,0.296838,3.129122,0.742160,65.702621,2125,0.296838,-2.1203105449676514,2,0.064516,0.00743514,0.00743514,0.00000035,0.00743514,0.00743514,0.00000000,1.240122,1.196353,0.035294,0.027910,0.025162,0.098442,0.948464,0.951343,0.002879,0.00323971,1.98941814,0.998359
pkdd8,PKDD-8,839,841.000,846.000,3290,150,30,0.107143,6.000000,70.729111,18.243729,0.884114,0.228247,0.310355,3.172848,0.920930,66.480240,2090,0.310355,-2.0966155529022217,1,0.033333,0.00740416,0.00740415,0.00000021,0.00740416,0.00740416,0.00000000,1.236082,1.193808,0.034200,0.027401,0.024684,0.099139,0.949576,0.952434,0.002857,0.00340991,1.94678992,0.997856
pkdd8,PKDD-8,840,842.000,847.000,3359,150,30,0.107143,6.000000,71.297462,18.120155,0.891218,0.222704,0.312450,3.188218,0.920930,66.482864,2159,0.312450,-2.123152494430542,1,0.033333,0.00719448,0.00719448,-0.00000014,0.00719448,0.00719448,0.00000000,1.231506,1.188979,0.034533,0.026946,0.024183,0.102539,0.950404,0.953319,0.002915,0.00318030,1.89080082,0.994744
pkdd8,PKDD-8,841,843.000,848.000,3339,150,31,0.110714,6.200000,71.703484,18.103067,0.896294,0.219312,0.312034,3.244947,0.855065,66.898148,2139,0.312034,-2.078477382659912,0,0.000000,0.00686278,0.00686278,-0.00000007,0.00686278,0.00686278,0.00000000,1.230557,1.187079,0.035332,0.026638,0.023817,0.105910,0.951117,0.954093,0.002977,0.00274641,1.84215093,0.994489
pkdd8,PKDD-8,842,844.000,849.000,3266,150,29,0.103571,5.800000,72.077156,18.197723,0.900964,0.230784,0.329198,3.297814,0.697066,67.466675,2066,0.329198,-2.0927484035491943,0,0.000000,0.00659298,0.00659298,-0.00000070,0.00659298,0.00659298,0.00000000,1.225016,1.180012,0.036737,0.025766,0.022964,0.108730,0.952568,0.955501,0.002933,0.00290532,1.82168052,0.993994
pkdd8,PKDD-8,843,845.000,850.000,3222,150,29,0.103571,5.800000,72.343185,18.158897,0.904290,0.230489,0.328545,3.311152,0.525776,67.273827,2022,0.328545,-2.1053457260131836,3,0.103448,0.00630694,0.00630695,-0.00000049,0.00630694,0.00630694,0.00000000,1.222749,1.177567,0.036951,0.025487,0.022653,0.111194,0.953045,0.956006,0.002961,0.00272511,1.89430237,0.994171
pkdd8,PKDD-8,844,846.000,851.000,3165,150,28,0.100000,5.600000,72.562294,18.142159,0.907029,0.228651,0.321306,3.250372,0.327125,65.598755,1965,0.321306,-2.213876485824585,3,0.107143,0.00610080,0.00610080,-0.00000034,0.00610080,0.00610080,0.00000000,1.220189,1.173146,0.038554,0.024775,0.021870,0.117228,0.954498,0.957519,0.003021,0.00272355,1.99908695,0.994855
pkdd8,PKDD-8,845,847.000,852.000,3061,150,26,0.092857,5.200000,72.423042,18.298540,0.905288,0.220064,0.309530,3.165403,0.164300,64.036903,1861,0.309530,-2.3441059589385986,4,0.153846,0.00595467,0.00595467,-0.00000009,0.00595467,0.00595467,0.00000000,1.220430,1.172379,0.039372,0.024747,0.021792,0.119425,0.954554,0.957616,0.003062,0.00251370,2.15665452,0.998488
pkdd8,PKDD-8,846,848.000,853.000,2976,150,27,0.096429,5.400000,72.110886,18.391211,0.901386,0.223523,0.312885,3.014288,0.164300,61.425526,1776,0.312885,-2.4743237495422363,4,0.148148,0.00590169,0.00590169,0.00000000,0.00590169,0.00590169,0.00000000,1.227814,1.178851,0.039878,0.025680,0.022696,0.116176,0.952834,0.955922,0.003087,0.00281693,2.32610171,0.998776
pkdd8,PKDD-8,847,849.000,854.000,2941,150,28,0.100000,5.600000,71.712860,18.340212,0.896411,0.217745,0.299387,2.986642,0.164300,60.934418,1741,0.299387,-2.4597933292388916,4,0.142857,0.00591404,0.00591403,0.00000035,0.00591404,0.00591404,0.00000000,1.231712,1.182715,0.039779,0.026295,0.023261,0.115387,0.951774,0.954932,0.003158,0.00311224,3.08881086,0.999388
pkdd8,PKDD-8,848,850.000,855.000,2939,150,29,0.103571,5.800000,70.975899,18.133780,0.887199,0.212275,0.295368,3.003930,0.164300,61.481300,1739,0.295368,-2.3715436458587646,1,0.034483,0.00599486,0.00599486,0.00000017,0.00599486,0.00599486,0.00000000,1.232449,1.183742,0.039520,0.026448,0.023488,0.111936,0.951533,0.954602,0.003070,0.00350513,2.45766654,0.999395
pkdd8,PKDD-8,849,851.000,856.000,2977,150,29,0.103571,5.800000,70.330170,17.872036,0.879127,0.212360,0.291513,3.115258,0.164300,63.562363,1777,0.291513,-2.2047007083892822,2,0.068966,0.00606815,0.00606815,0.00000017,0.00606815,0.00606815,0.00000000,1.229367,1.181306,0.039094,0.026080,0.023218,0.109720,0.952171,0.955117,0.002946,0.00371508,2.14023910,0.999552
pkdd8,PKDD-8,850,852.000,857.000,3017,150,27,0.096429,5.400000,69.706413,17.600798,0.871330,0.219816,0.291881,3.280236,0.316556,66.024712,1835,0.291881,-2.0232975482940674,1,0.037037,0.00602811,0.00602811,-0.00000034,0.00602811,0.00602811,0.00000000,1.228695,1.181092,0.038743,0.025626,0.022901,0.106348,0.953241,0.956008,0.002767,0.00379506,1.86052128,0.999551
pkdd8,PKDD-8,851,853.000,858.000,3004,150,27,0.096429,5.400000,69.221848,17.473907,0.865273,0.218494,0.285994,3.352892,0.601432,66.816345,1852,0.285994,-1.9165253639221191,1,0.037037,0.00591215,0.00591215,-0.00000035,0.00591215,0.00591215,0.00000000,1.231186,1.183051,0.039097,0.025760,0.023134,0.101917,0.952845,0.955466,0.002621,0.00397826,1.63002113,0.999695
pkdd8,PKDD-8,852,854.000,859.000,2950,150,27,0.096429,5.400000,68.776505,17.444010,0.859706,0.217563,0.289040,3.269628,0.710977,65.026947,1837,0.289040,-1.9871587753295898,17,0.629630,0.00574156,0.00574157,-0.00000081,0.00574156,0.00574156,0.00000000,1.234822,1.195045,0.032212,0.026414,0.024303,0.079912,0.951066,0.953157,0.002091,0.00390404,1.47077524,0.999843
pkdd8,PKDD-8,853,855.000,860.000,2866,150,27,0.096429,5.400000,68.573776,17.540915,0.857172,0.220141,0.287742,3.115253,0.702458,61.770382,1813,0.287742,-2.1515724658966064,17,0.629630,0.00558055,0.00558055,0.00000000,0.00558055,0.00558055,0.00000000,1.215308,1.185622,0.024426,0.024393,0.022833,0.063940,0.954578,0.956110,0.001532,0.00388128,1.43068982,0.999839
pkdd8,PKDD-8,854,856.000,861.000,2796,150,27,0.096429,5.400000,68.480186,17.458887,0.856002,0.226382,0.297963,2.869171,0.687320,56.906254,1774,0.297963,-2.4171459674835205,16,0.592593,0.00561883,0.00561883,0.00000037,0.00561883,0.00561883,0.00000000,1.194975,1.175867,0.015991,0.022874,0.021892,0.042921,0.956843,0.957805,0.000962,0.00366636,1.42193083,1.000000
pkdd8,PKDD-8,855,857.000,862.000,2826,150,27,0.096429,5.400000,68.258888,17.121220,0.853236,0.237241,0.311019,2.741845,0.534562,53.414227,1816,0.311019,-2.533818244934082,16,0.592593,0.00590371,0.00590371,0.00000026,0.00590371,0.00590371,0.00000000,1.204599,1.195468,0.007580,0.025300,0.024793,0.020034,0.951463,0.951995,0.000531,0.00373442,1.50772698,1.000000
pkdd8,PKDD-8,856,858.000,863.000,2957,150,29,0.103571,5.800000,67.927246,16.473923,0.849091,0.243586,0.319645,2.723172,0.435708,52.033043,1947,0.319645,-2.482866048812866,19,0.655172,0.00621150,0.00621150,0.00000058,0.00621150,0.00621150,0.00000000,1.188308,1.188630,-0.000272,0.023980,0.023918,0.002606,0.953683,0.953803,0.000119,0.00390258,1.61141643,1.000000
pkdd8,PKDD-8,857,859.000,864.000,3096,150,28,0.100000,5.600000,67.552200,15.771579,0.844403,0.247223,0.326735,2.730736,0.435708,51.483757,2077,0.326735,-2.461770534515381,3,0.107143,0.00644713,0.00644712,0.00000088,0.00644713,0.00644713,0.00000000,1.173047,1.173981,-0.000796,0.022403,0.022366,0.001645,0.956758,0.956850,0.000092,0.00366482,1.72948949,1.000000
pkdd8,PKDD-8,858,860.000,865.000,3213,150,27,0.096429,5.400000,67.267624,15.153525,0.840845,0.252134,0.331951,2.817436,0.435708,52.658291,2164,0.331951,-2.3543941974639893,8,0.296296,0.00679615,0.00679615,0.00000061,0.00679615,0.00679615,0.00000000,1.181063,1.181359,-0.000251,0.023385,0.023344,0.001795,0.954830,0.954930,0.000100,0.00360100,1.77302012,1.000000
pkdd8,PKDD-8,859,861.000,866.000,3369,150,29,0.103571,5.800000,66.876923,14.409918,0.835962,0.249175,0.329292,2.944778,0.329601,54.730381,2319,0.329292,-2.1383066177368164,9,0.310345,0.00709039,0.00709038,0.00000029,0.00709039,0.00709039,0.00000000,1.193714,1.194000,-0.000239,0.025052,0.025010,0.001670,0.951462,0.951563,0.000102,0.00348354,1.87909990,1.000000
pkdd8,PKDD-8,860,862.000,867.000,3500,150,30,0.107143,6.000000,66.814262,13.715702,0.835178,0.249658,0.332373,2.901138,0.329601,54.401558,2450,0.332373,-2.1561872959136963,9,0.300000,0.00727573,0.00727573,0.00000042,0.00727573,0.00727573,0.00000000,1.174958,1.175517,-0.000476,0.022682,0.022640,0.001882,0.955840,0.955936,0.000097,0.00356952,1.98598323,1.000000
pkdd8,PKDD-8,861,863.000,868.000,3578,150,32,0.114286,6.400000,67.014191,13.314535,0.837677,0.247196,0.330260,2.896606,0.329601,55.017319,2528,0.330260,-2.131420135498047,6,0.187500,0.00735750,0.00735750,0.00000049,0.00735750,0.00735750,0.00000000,1.182903,1.183458,-0.000469,0.023712,0.023667,0.001916,0.953883,0.953991,0.000107,0.00330288,2.03995204,1.000000
pkdd8,PKDD-8,862,864.000,869.000,3603,150,31,0.110714,6.200000,67.463875,13.117708,0.843298,0.249289,0.330568,2.862568,0.329601,54.995178,2553,0.330568,-2.2116858959198,7,0.225806,0.00750462,0.00750462,0.00000027,0.00750462,0.00750462,0.00000000,1.196331,1.196605,-0.000229,0.025502,0.025430,0.002802,0.950370,0.950528,0.000157,0.00313810,2.16468700,1.000000
pkdd8,PKDD-8,863,865.000,870.000,3652,150,32,0.114286,6.400000,67.699020,12.979911,0.846238,0.260495,0.350796,2.894698,0.329601,55.275295,2592,0.350796,-2.166963815689087,3,0.093750,0.00761836,0.00761836,-0.00000007,0.00761836,0.00761836,0.00000000,1.192276,1.192820,-0.000456,0.024995,0.024926,0.002768,0.951360,0.951511,0.000151,0.00335981,2.41479746,1.000000
pkdd8,PKDD-8,864,866.000,871.000,3677,150,32,0.114286,6.400000,67.842468,12.942846,0.848031,0.267513,0.363124,2.953231,0.337528,55.641285,2587,0.363124,-2.110175371170044,2,0.062500,0.00764285,0.00764285,-0.00000027,0.00764285,0.00764285,0.00000000,1.189717,1.190542,-0.000693,0.024631,0.024562,0.002814,0.952014,0.952165,0.000151,0.00336346,2.82488413,1.000000
pkdd8,PKDD-8,865,867.000,872.000,3637,150,32,0.114286,6.400000,67.713753,12.957986,0.846422,0.273235,0.370181,2.998503,0.418956,55.655121,2517,0.370181,-2.0563015937805176,2,0.062500,0.00752356,0.00752356,-0.00000027,0.00752356,0.00752356,0.00000000,1.195253,1.196383,-0.000946,0.025106,0.025042,0.002572,0.951576,0.951723,0.000147,0.00307650,3.21942782,1.000000
pkdd8,PKDD-8,866,868.000,873.000,3539,150,31,0.110714,6.200000,67.564354,13.008449,0.844554,0.283036,0.382255,3.060392,0.298242,56.007286,2389,0.382255,-1.9988832473754883,5,0.161290,0.00749802,0.00749802,-0.00000055,0.00749802,0.00749802,0.00000000,1.200804,1.202241,-0.001196,0.026015,0.025950,0.002504,0.949632,0.949786,0.000154,0.00309518,2.76201569,1.000000
pkdd8,PKDD-8,867,869.000,874.000,3481,150,30,0.107143,6.000000,67.352150,13.057529,0.841902,0.289732,0.393407,3.176234,0.259051,57.504089,2301,0.393407,-1.8804610967636108,8,0.266667,0.00739766,0.00739767,-0.00000028,0.00739766,0.00739766,0.00000000,1.196292,1.197763,-0.001230,0.025248,0.025204,0.001731,0.951264,0.951379,0.000115,0.00305760,2.52318142,1.000000
pkdd8,PKDD-8,868,870.000,875.000,3398,150,29,0.103571,5.800000,67.235229,13.108104,0.840440,0.274756,0.372895,3.213475,0.259051,58.173843,2204,0.372895,-1.8596251010894775,10,0.344828,0.00717835,0.00717836,-0.00000014,0.00717835,0.00717835,0.00000000,1.192778,1.194614,-0.001539,0.024945,0.024903,0.001672,0.951607,0.951721,0.000114,0.00268470,2.47095296,1.000000
pkdd8,PKDD-8,869,871.000,876.000,3268,150,31,0.110714,6.200000,67.800499,12.967555,0.847506,0.282544,0.377655,3.327737,0.259051,61.262001,2104,0.377655,-1.7317559719085693,10,0.322581,0.00710875,0.00710875,-0.00000007,0.00710875,0.00710875,0.00000065,1.204158,1.206329,-0.001804,0.026360,0.026313,0.001806,0.949056,0.949185,0.000130,0.00272756,2.25037579,1.000000
pkdd8,PKDD-8,870,872.000,877.000,3223,150,32,0.114286,6.400000,67.996346,13.519369,0.849954,0.297434,0.434140,3.517800,0.259051,65.807701,2070,0.434140,-1.517880916595459,10,0.312500,0.00699483,0.00699483,-0.00000007,0.00699483,0.00699483,0.00000066,1.207714,1.210243,-0.002094,0.026916,0.026846,0.002603,0.947886,0.948067,0.000181,0.00260100,1.99330284,1.000000
pkdd8,PKDD-8,871,873.000,878.000,3163,150,31,0.110714,6.200000,67.575287,14.383691,0.844691,0.302819,0.460146,3.561948,0.259051,67.393272,2040,0.460146,-1.4673142433166504,7,0.225806,0.00685417,0.00685417,0.00000015,0.00685417,0.00685416,0.00000068,1.206585,1.209167,-0.002140,0.027188,0.027116,0.002646,0.946595,0.946821,0.000226,0.00275874,1.77971986,1.000000
pkdd8,PKDD-8,872,874.000,879.000,3098,150,32,0.114286,6.400000,66.844460,15.497406,0.835556,0.297310,0.455748,3.517956,0.345065,66.505753,2005,0.455748,-1.4551810026168823,3,0.093750,0.00672579,0.00672579,0.00000008,0.00672579,0.00672578,0.00000069,1.217649,1.220283,-0.002163,0.029112,0.029030,0.002802,0.942719,0.942961,0.000243,0.00256064,1.58820050,1.000000
pkdd8,PKDD-8,873,875.000,880.000,3037,150,31,0.110714,6.200000,66.080299,16.623991,0.826004,0.307108,0.466968,3.414938,0.575697,64.312622,1968,0.466968,-1.54031240940094,0,0.000000,0.00674369,0.00674369,-0.00000038,0.00674369,0.00674368,0.00000084,1.234657,1.237283,-0.002126,0.031474,0.031201,0.008662,0.938650,0.939242,0.000592,0.00261049,1.47496749,1.000000
pkdd8,PKDD-8,874,876.000,881.000,3047,150,30,0.107143,6.000000,65.226654,17.795485,0.815333,0.308203,0.479924,3.157897,0.561400,59.177608,1978,0.479924,-1.7882063388824463,3,0.100000,0.00682605,0.00682605,-0.00000053,0.00682605,0.00682605,0.00000015,1.221076,1.223332,-0.001847,0.029258,0.028933,0.011120,0.943311,0.943978,0.000667,0.00259659,1.46771314,1.000000
pkdd8,PKDD-8,875,877.000,882.000,3103,150,29,0.103571,5.800000,65.122910,18.207823,0.814036,0.296830,0.423999,2.949355,0.561400,54.725353,2053,0.423999,-2.0244765281677246,3,0.103448,0.00704475,0.00704475,-0.00000022,0.00704475,0.00704475,0.00000015,1.219709,1.220948,-0.001016,0.029016,0.028718,0.010290,0.943661,0.944260,0.000599,0.00268055,1.47561984,1.000000
pkdd8,PKDD-8,876,878.000,883.000,3227,150,29,0.103571,5.800000,65.469551,18.065315,0.818369,0.284129,0.380160,2.880827,0.537886,52.605286,2177,0.380160,-2.1111485958099365,4,0.137931,0.00734462,0.00734462,0.00000000,0.00734462,0.00734462,0.00000014,1.210790,1.211969,-0.000974,0.027464,0.027189,0.010009,0.947254,0.947761,0.000507,0.00261825,1.47877922,1.000000
pkdd8,PKDD-8,877,879.000,884.000,3392,150,27,0.096429,5.400000,65.706093,17.547054,0.821326,0.297698,0.400184,2.845152,0.511603,51.838825,2342,0.400184,-2.196475028991699,5,0.185185,0.00757237,0.00757237,-0.00000014,0.00757237,0.00757237,0.00000014,1.195640,1.196772,-0.000947,0.025046,0.024790,0.010234,0.951957,0.952425,0.000468,0.00279458,1.49558392,1.000000
pkdd8,PKDD-8,878,880.000,885.000,3532,150,28,0.100000,5.600000,65.855812,17.177149,0.823198,0.295412,0.401584,2.853214,0.511603,52.188248,2482,0.401584,-2.1696560382843018,6,0.214286,0.00777789,0.00777789,0.00000000,0.00777789,0.00777789,0.00000000,1.187125,1.187943,-0.000689,0.023816,0.023720,0.004011,0.953865,0.954039,0.000173,0.00283137,1.47785509,1.000000
pkdd8,PKDD-8,879,881.000,886.000,3666,150,32,0.114286,6.400000,65.548813,16.910959,0.819360,0.275653,0.374823,2.850104,0.511603,51.565125,2607,0.374823,-2.0755422115325928,4,0.125000,0.00776567,0.00776567,0.00000013,0.00776567,0.00776567,0.00000020,1.185024,1.186652,-0.001374,0.023923,0.023879,0.001840,0.953365,0.953462,0.000097,0.00301338,1.44105978,1.000000
pkdd8,PKDD-8,880,882.000,887.000,3686,150,33,0.117857,6.600000,65.139458,16.925562,0.814243,0.284139,0.397137,2.863133,0.511603,51.497231,2597,0.397137,-2.0179617404937744,4,0.121212,0.00770383,0.00770382,0.00000007,0.00770383,0.00770347,0.00004596,1.179048,1.180952,-0.001616,0.023108,0.023066,0.001816,0.954951,0.955046,0.000095,0.00283934,1.42763031,1.000000
pkdd8,PKDD-8,881,883.000,888.000,3675,150,31,0.110714,6.200000,64.812653,16.996149,0.810158,0.303439,0.460812,2.859187,0.511603,51.319565,2556,0.460812,-2.0405828952789307,5,0.161290,0.00771856,0.00771856,-0.00000007,0.00771856,0.00771741,0.00014954,1.189744,1.191363,-0.001361,0.024186,0.024099,0.003576,0.953208,0.953360,0.000152,0.00271211,1.42768514,1.000000
pkdd8,PKDD-8,882,884.000,889.000,3705,150,33,0.117857,6.600000,64.546104,17.098526,0.806826,0.299376,0.454408,2.910576,0.574237,51.954720,2556,0.454408,-1.9238981008529663,8,0.242424,0.00781461,0.00781461,0.00000040,0.00781461,0.00781346,0.00014771,1.194275,1.195865,-0.001332,0.024820,0.024738,0.003306,0.952265,0.952415,0.000149,0.00280831,1.42974426,1.000000
pkdd8,PKDD-8,883,885.000,890.000,3773,150,32,0.114286,6.400000,64.208481,17.009481,0.802606,0.290164,0.444538,2.935526,0.574237,51.981560,2598,0.444538,-1.8955891132354736,9,0.281250,0.00779272,0.00779271,0.00000066,0.00779272,0.00778793,0.00061361,1.196395,1.197721,-0.001108,0.025315,0.025114,0.007939,0.951148,0.951744,0.000596,0.00305651,1.42029712,0.998927
pkdd8,PKDD-8,884,886.000,891.000,3773,150,34,0.121429,6.800000,63.686127,16.941113,0.796077,0.283158,0.438064,2.923343,0.391784,51.829788,2577,0.438064,-1.836860179901123,14,0.411765,0.00779293,0.00779292,0.00000066,0.00779293,0.00778815,0.00061340,1.209916,1.210971,-0.000872,0.027383,0.027184,0.007282,0.946513,0.947106,0.000593,0.00298709,1.41223900,0.995372
pkdd8,PKDD-8,885,887.000,892.000,3792,150,34,0.121429,6.800000,63.254887,16.846783,0.790686,0.261914,0.404848,2.815629,0.391784,49.974648,2596,0.404848,-1.9228447675704956,14,0.411765,0.00796222,0.00796221,0.00000065,0.00796222,0.00795779,0.00055609,1.216133,1.216901,-0.000632,0.028527,0.028333,0.006820,0.943829,0.944407,0.000577,0.00317157,1.40466053,0.992049
pkdd8,PKDD-8,886,888.000,893.000,3905,150,37,0.132143,7.400000,62.781769,16.807178,0.784772,0.251668,0.357037,2.697694,0.391784,47.706707,2709,0.357037,-1.9609216451644897,12,0.324324,0.00807932,0.00807932,0.00000032,0.00807932,0.00806282,0.00204236,1.205963,1.207216,-0.001039,0.027713,0.027404,0.011156,0.944655,0.946060,0.001405,0.00339039,1.46755660,0.990754
pkdd8,PKDD-8,887,889.000,894.000,3991,150,37,0.132143,7.400000,62.674793,16.856506,0.783435,0.256574,0.366738,2.566669,0.391784,45.404499,2795,0.366738,-2.0964107513427734,8,0.216216,0.00817745,0.00817745,-0.00000013,0.00817745,0.00814553,0.00390285,1.216030,1.217263,-0.001014,0.029382,0.028865,0.017607,0.940622,0.943140,0.002518,0.00304679,1.55946996,0.989679
pkdd8,PKDD-8,888,890.000,895.000,4055,150,35,0.125000,7.000000,62.783154,16.988062,0.784789,0.263459,0.371453,2.436502,0.391784,43.305653,2855,0.371453,-2.2825398445129395,7,0.200000,0.00830714,0.00830714,0.00000000,0.00830714,0.00826336,0.00527037,1.210577,1.211790,-0.001002,0.028764,0.028198,0.019689,0.941634,0.944683,0.003049,0.00284472,1.66266672,0.988428
pkdd8,PKDD-8,889,891.000,896.000,4122,150,33,0.117857,6.600000,63.067825,17.078821,0.788348,0.274765,0.381614,2.408274,0.456114,42.910271,2922,0.381614,-2.363577365875244,6,0.181818,0.00852485,0.00852485,-0.00000036,0.00852485,0.00846605,0.00689790,1.213084,1.214032,-0.000782,0.029187,0.028427,0.026023,0.940766,0.944846,0.004080,0.00276532,1.77656747,0.991467
pkdd8,PKDD-8,890,892.000,897.000,4219,150,34,0.121429,6.800000,63.293362,17.079090,0.791167,0.270290,0.374960,2.467022,0.422785,44.003052,3019,0.374960,-2.298189640045166,8,0.235294,0.00839965,0.00839965,-0.00000061,0.00839965,0.00832529,0.00885295,1.209954,1.211404,-0.001198,0.028942,0.027964,0.033785,0.941056,0.946326,0.005269,0.00274240,1.87322757,0.991955
pkdd8,PKDD-8,891,893.000,898.000,4139,150,33,0.117857,6.600000,63.449444,17.195431,0.793118,0.256153,0.352467,2.514372,0.422785,45.187347,2939,0.352467,-2.2812604904174805,12,0.363636,0.00823886,0.00823886,-0.00000037,0.00823886,0.00816181,0.00935152,1.220907,1.222633,-0.001414,0.030389,0.029339,0.034548,0.938101,0.943736,0.005635,0.00269662,1.91309658,0.989904
pkdd8,PKDD-8,892,894.000,899.000,4056,150,35,0.125000,7.000000,63.392143,17.148727,0.792402,0.248069,0.333767,2.559531,0.422785,46.368134,2856,0.333767,-2.1953847408294678,13,0.371429,0.00804629,0.00804629,0.00000000,0.00804629,0.00796946,0.00954879,1.209584,1.211349,-0.001459,0.028881,0.027816,0.036880,0.940918,0.946664,0.005745,0.00276900,1.92541172,0.989105
pkdd8,PKDD-8,893,895.000,900.000,3965,150,34,0.121429,6.800000,63.154209,16.923447,0.789428,0.256944,0.343116,2.642115,0.422785,48.059212,2765,0.343116,-2.11773681640625,15,0.441176,0.00779751,0.00779751,0.00000013,0.00779751,0.00772075,0.00984492,1.221273,1.223861,-0.002119,0.030427,0.029338,0.035785,0.937861,0.943727,0.005865,0.00280453,1.90778243,0.988820
pkdd8,PKDD-8,894,896.000,901.000,3864,150,32,0.114286,6.400000,62.821796,16.752407,0.785272,0.271611,0.372655,2.688462,0.323975,49.111740,2664,0.372655,-2.0977349281311035,11,0.343750,0.00744842,0.00744842,0.00000055,0.00744842,0.00737139,0.01034116,1.209773,1.212203,-0.002009,0.028881,0.027747,0.039244,0.940971,0.947077,0.006106,0.00282786,1.88549648,0.988215
pkdd8,PKDD-8,895,897.000,902.000,3704,150,30,0.107143,6.000000,62.546074,16.647358,0.781826,0.284595,0.383876,2.692958,0.286086,49.668606,2504,0.383876,-2.1238811016082764,9,0.300000,0.00720217,0.00720216,0.00000043,0.00720217,0.00712528,0.01067580,1.222006,1.224234,-0.001824,0.030557,0.029405,0.037698,0.937656,0.943884,0.006228,0.00290449,1.89107207,0.989471
pkdd8,PKDD-8,896,898.000,903.000,3590,150,29,0.103571,5.800000,62.470013,16.595795,0.780875,0.285967,0.384623,2.737451,0.224233,50.812099,2390,0.384623,-2.1002423763275146,5,0.172414,0.00691228,0.00691228,0.00000022,0.00691228,0.00683429,0.01128247,1.219619,1.221083,-0.001200,0.030421,0.029179,0.040839,0.938017,0.944660,0.006643,0.00277736,1.79513221,0.991303
pkdd8,PKDD-8,897,899.000,904.000,3415,150,29,0.103571,5.800000,61.786366,17.201838,0.772330,0.276754,0.374973,2.853236,0.224233,53.062443,2187,0.374973,-1.941983938217163,4,0.137931,0.00655795,0.00655795,-0.00000055,0.00655795,0.00647963,0.01194308,1.221184,1.223053,-0.001531,0.030733,0.029363,0.044579,0.937494,0.944695,0.007201,0.00273236,1.69631572,0.992710
pkdd8,PKDD-8,898,900.000,905.000,3210,150,30,0.107143,6.000000,61.443535,18.140150,0.768044,0.250208,0.352637,2.928649,0.224233,55.042461,1954,0.352637,-1.8282321691513062,1,0.033333,0.00625828,0.00625829,-0.00000132,0.00625828,0.00617997,0.01251216,1.234113,1.235100,-0.000800,0.032863,0.031300,0.047574,0.932809,0.940831,0.008022,0.00238085,1.71619199,0.992740
pkdd8,PKDD-8,899,901.000,906.000,3037,150,32,0.114286,6.400000,61.758251,19.279415,0.771978,0.239789,0.330023,3.092078,0.224233,59.803234,1781,0.330023,-1.639001488685608,0,0.000000,0.00594840,0.00594841,-0.00000138,0.00594840,0.00586993,0.01319157,1.238360,1.240097,-0.001403,0.033332,0.031712,0.048616,0.931711,0.940082,0.008371,0.00242196,1.71178985,0.990775
pkdd8,PKDD-8,900,902.000,907.000,2878,150,29,0.103571,5.800000,62.034756,20.461924,0.775434,0.260221,0.365385,3.239835,0.224233,64.388191,1622,0.365385,-1.5547316074371338,0,0.000000,0.00586323,0.00586324,-0.00000105,0.00586323,0.00578495,0.01335142,1.228491,1.230254,-0.001435,0.031878,0.030219,0.052019,0.934430,0.942950,0.008520,0.00245989,1.78341326,0.991273
pkdd8,PKDD-8,901,903.000,908.000,2836,150,29,0.103571,5.800000,62.583817,21.316990,0.782298,0.271491,0.384813,3.275286,0.860320,66.898735,1580,0.384813,-1.5542360544204712,0,0.000000,0.00574772,0.00574772,-0.00000098,0.00574772,0.00567089,0.01336735,1.221745,1.224249,-0.002049,0.030936,0.029273,0.053751,0.936353,0.944925,0.008573,0.00273702,1.94639783,0.991631
pkdd8,PKDD-8,902,904.000,909.000,2796,150,27,0.096429,5.400000,64.061661,21.605808,0.800771,0.279261,0.392799,3.287064,0.760451,68.639511,1568,0.392799,-1.6742503643035889,3,0.111111,0.00572919,0.00572919,-0.00000090,0.00572919,0.00565253,0.01338032,1.231183,1.233692,-0.002038,0.032259,0.030638,0.050246,0.933803,0.942265,0.008462,0.00306091,2.09402796,0.990645
pkdd8,PKDD-8,903,905.000,910.000,2790,150,24,0.085714,4.800000,65.431511,21.638203,0.817894,0.285917,0.398508,3.456490,0.760451,72.582489,1590,0.398508,-1.6353673934936523,3,0.125000,0.00562857,0.00562857,-0.00000037,0.00562857,0.00555223,0.01356256,1.221164,1.223728,-0.002099,0.030751,0.029155,0.051927,0.936800,0.945261,0.008462,0.00295561,2.05475045,0.993574
pkdd8,PKDD-8,904,906.000,911.000,2731,150,23,0.082143,4.600000,66.286156,21.632147,0.828577,0.273985,0.390148,3.491246,0.760451,72.876839,1531,0.390148,-1.6727213859558105,3,0.130435,0.00556337,0.00556337,-0.00000018,0.00556337,0.00548732,0.01366979,1.217489,1.219357,-0.001535,0.030377,0.028698,0.055269,0.937615,0.946436,0.008821,0.00300604,2.03254439,0.994955
pkdd8,PKDD-8,905,907.000,912.000,2676,150,23,0.082143,4.600000,67.236053,21.578602,0.840451,0.246192,0.349643,3.558691,0.556742,73.581635,1481,0.349643,-1.6650480031967163,4,0.173913,0.00536670,0.00536671,-0.00000038,0.00536670,0.00529085,0.01413391,1.224050,1.225617,-0.001280,0.031469,0.029722,0.055520,0.935264,0.944502,0.009238,0.00320960,1.96826056,0.994536
pkdd8,PKDD-8,906,908.000,913.000,2553,150,24,0.085714,4.800000,67.783768,21.696541,0.847297,0.233781,0.328334,3.735744,0.556742,75.902481,1388,0.328334,-1.4934990406036377,4,0.166667,0.00509807,0.00509807,0.00000020,0.00509807,0.00502258,0.01480782,1.241150,1.241982,-0.000671,0.033990,0.032141,0.054390,0.929677,0.939465,0.009788,0.00262138,1.93865702,0.995314
pkdd8,PKDD-8,907,909.000,914.000,2401,150,20,0.071429,4.000000,67.891609,21.944281,0.848645,0.232880,0.323725,3.798804,0.552301,75.971382,1266,0.323725,-1.514664888381958,1,0.050000,0.00494637,0.00494637,0.00000083,0.00494637,0.00487120,0.01519724,1.245538,1.245973,-0.000350,0.034726,0.032602,0.061159,0.927761,0.938622,0.010860,0.00195364,2.06105352,0.993339
pkdd8,PKDD-8,908,910.000,915.000,2297,150,22,0.078571,4.400000,67.468071,21.893810,0.843351,0.248339,0.344171,3.680184,0.535913,72.375961,1163,0.344171,-1.5820801258087158,1,0.045455,0.00489589,0.00489589,0.00000063,0.00489589,0.00482072,0.01535445,1.225634,1.226969,-0.001089,0.031864,0.029686,0.068348,0.933807,0.944928,0.011121,0.00205499,2.37931348,0.992790
pkdd8,PKDD-8,909,911.000,916.000,2247,150,21,0.075000,4.200000,66.854866,21.586664,0.835686,0.258844,0.358962,3.552193,0.516659,69.516647,1084,0.358962,-1.7072718143463135,1,0.047619,0.00483694,0.00483693,0.00000064,0.00483694,0.00476151,0.01559459,1.251021,1.252383,-0.001088,0.035570,0.033175,0.067324,0.926054,0.937918,0.011864,0.00247715,2.68273552,0.989991
pkdd8,PKDD-8,910,912.000,917.000,2203,150,22,0.078571,4.400000,65.700447,21.182892,0.821256,0.263328,0.365554,3.774499,0.516659,71.549644,1005,0.365554,-1.3727391958236694,0,0.000000,0.00472008,0.00472008,0.00000087,0.00472008,0.00464449,0.01601434,1.258337,1.260216,-0.001493,0.036842,0.034158,0.072861,0.923340,0.936326,0.012985,0.00288346,2.51766171,0.987529
pkdd8,PKDD-8,911,913.000,918.000,2129,150,19,0.067857,3.800000,64.482002,20.790991,0.806025,0.262623,0.362809,4.028103,0.516659,74.251022,871,0.362809,-1.0725523233413696,0,0.000000,0.00475368,0.00475368,0.00000011,0.00475368,0.00467783,0.01595679,1.246556,1.248931,-0.001906,0.035028,0.032113,0.083201,0.927310,0.941182,0.013872,0.00284533,2.47078059,0.981615
pkdd8,PKDD-8,912,914.000,919.000,2105,150,19,0.067857,3.800000,63.366470,20.221008,0.792081,0.251235,0.349736,4.148057,0.516659,76.223595,787,0.349736,-0.8688216209411621,2,0.105263,0.00476633,0.00476633,0.00000022,0.00476633,0.00469037,0.01593766,1.243179,1.245572,-0.001925,0.034671,0.031684,0.086156,0.928071,0.942183,0.014112,0.00233591,2.50131786,0.979320
pkdd8,PKDD-8,913,915.000,920.000,2089,150,19,0.067857,3.800000,62.723400,19.903992,0.784043,0.233715,0.334139,4.176481,0.516659,77.567039,740,0.334139,-0.794910192489624,4,0.210526,0.00481753,0.00481753,0.00000011,0.00481753,0.00474148,0.01578750,1.268106,1.270504,-0.001891,0.038119,0.035145,0.078030,0.921131,0.935211,0.014080,0.00212974,2.46533418,0.979712
pkdd8,PKDD-8,914,916.000,921.000,2085,150,19,0.067857,3.800000,61.744598,19.558277,0.771807,0.229393,0.321444,4.560610,0.655829,81.749718,763,0.321444,-0.30535757541656494,4,0.210526,0.00486893,0.00486893,0.00000021,0.00486893,0.00479361,0.01546929,1.256828,1.259703,-0.002287,0.036728,0.034127,0.070810,0.923879,0.936680,0.012801,0.00214268,2.43300290,0.981241
pkdd8,PKDD-8,915,917.000,922.000,2087,150,19,0.067857,3.800000,61.142242,19.257271,0.764278,0.218666,0.300272,4.436515,1.198234,78.695473,795,0.300272,-0.4031200408935547,4,0.210526,0.00492073,0.00492073,0.00000000,0.00492073,0.00484537,0.01531521,1.253340,1.256679,-0.002665,0.035999,0.033574,0.067351,0.925615,0.937747,0.012132,0.00254840,2.58264746,0.983254
pkdd8,PKDD-8,916,918.000,923.000,2096,150,17,0.060714,3.400000,60.833462,19.134737,0.760418,0.228297,0.312573,4.181454,1.198234,74.060349,834,0.312573,-0.7046672105789185,4,0.235294,0.00495320,0.00495320,-0.00000010,0.00495320,0.00487756,0.01527031,1.248354,1.251646,-0.002638,0.035274,0.032891,0.067559,0.927226,0.939085,0.011859,0.00264143,2.35419662,0.983490
pkdd8,PKDD-8,917,919.000,924.000,2126,150,18,0.064286,3.600000,60.828362,18.995029,0.760355,0.222679,0.301603,3.968095,1.485690,70.456711,894,0.301603,-0.9216020107269287,2,0.111111,0.00494440,0.00494440,-0.00000042,0.00494440,0.00486887,0.01527459,1.262441,1.266197,-0.002975,0.037308,0.035196,0.056606,0.922951,0.933925,0.010974,0.00255694,2.07935835,0.987113
pkdd8,PKDD-8,918,920.000,925.000,2130,150,19,0.067857,3.800000,60.780994,18.948400,0.759762,0.221263,0.299375,4.155054,1.547413,74.161133,928,0.299375,-0.6925989389419556,0,0.000000,0.00491819,0.00491819,0.00000000,0.00491819,0.00484255,0.01537818,1.239344,1.242155,-0.002268,0.034300,0.032202,0.061159,0.928702,0.939632,0.010930,0.00230660,1.87897226,0.985035
pkdd8,PKDD-8,919,921.000,926.000,2135,150,18,0.064286,3.600000,61.196590,18.958580,0.764957,0.204339,0.291820,4.015618,1.489523,74.143143,935,0.291820,-0.8977382183074951,0,0.000000,0.00479309,0.00479309,-0.00000021,0.00479309,0.00471680,0.01591537,1.251314,1.253225,-0.001527,0.035774,0.033426,0.065633,0.925675,0.937614,0.011939,0.00219535,1.73093680,0.984520
pkdd8,PKDD-8,920,922.000,927.000,2093,150,17,0.060714,3.400000,61.226738,19.085379,0.765334,0.197612,0.287209,3.632953,1.410975,69.463394,893,0.287209,-1.3487350940704346,0,0.000000,0.00465656,0.00465656,-0.00000011,0.00465656,0.00458038,0.01635792,1.246595,1.248055,-0.001170,0.035312,0.033005,0.065310,0.926250,0.938118,0.011868,0.00232503,1.60795210,0.985117
pkdd8,PKDD-8,921,923.000,928.000,2056,150,16,0.057143,3.200000,61.307491,19.138334,0.766344,0.186712,0.270926,3.322295,1.333274,65.381432,874,0.270926,-1.7256414890289307,0,0.000000,0.00445034,0.00445034,0.00000023,0.00445034,0.00437463,0.01701274,1.251762,1.254280,-0.002011,0.036497,0.034300,0.060193,0.923310,0.935022,0.011711,0.00236546,1.53185945,0.990483
pkdd8,PKDD-8,922,924.000,929.000,1986,150,16,0.057143,3.200000,61.362614,19.335238,0.767033,0.187041,0.272014,3.198239,1.241526,63.325905,834,0.272014,-1.8779205083847046,0,0.000000,0.00414857,0.00414857,0.00000062,0.00414857,0.00407235,0.01837190,1.247456,1.249598,-0.001717,0.035970,0.033589,0.066192,0.923968,0.936658,0.012690,0.00233110,1.48501562,0.987467
pkdd8,PKDD-8,923,925.000,930.000,1867,150,15,0.053571,3.000000,61.310200,19.747339,0.766377,0.184965,0.268351,2.824575,1.146543,56.088329,771,0.268351,-2.3212890625,0,0.000000,0.00380881,0.00380881,0.00000027,0.00380881,0.00373268,0.01998876,1.262609,1.264928,-0.001837,0.038276,0.035684,0.067728,0.919134,0.932937,0.013803,0.00223417,1.53227040,0.988261
pkdd8,PKDD-8,924,926.000,931.000,1725,150,15,0.053571,3.000000,60.870838,20.256851,0.760885,0.194387,0.269755,2.402470,1.026093,47.889656,660,0.269755,-2.7708113193511963,0,0.000000,0.00356393,0.00356392,0.00000043,0.00356393,0.00348794,0.02131965,1.257090,1.260173,-0.002452,0.037860,0.035123,0.072294,0.919705,0.934313,0.014608,0.00229478,1.61624766,0.988625
pkdd8,PKDD-8,925,927.000,932.000,1622,150,14,0.050000,2.800000,60.794441,20.741270,0.759931,0.204161,0.280419,2.291793,0.889382,45.632259,587,0.280419,-2.915060520172119,0,0.000000,0.00338454,0.00338454,0.00000030,0.00338454,0.00330900,0.02231857,1.267442,1.271318,-0.003058,0.039204,0.036294,0.074236,0.916732,0.932248,0.015516,0.00254597,1.75837799,0.988954
pkdd8,PKDD-8,926,928.000,933.000,1548,150,15,0.053571,3.000000,60.866676,21.141712,0.760833,0.223505,0.306118,2.955137,0.730491,57.552296,525,0.306118,-2.1643455028533936,0,0.000000,0.00338377,0.00338377,0.00000023,0.00338377,0.00330851,0.02224348,1.269107,1.271034,-0.001518,0.039166,0.036164,0.076633,0.917243,0.932965,0.015723,0.00244515,1.85310245,0.989884
pkdd8,PKDD-8,927,929.000,934.000,1557,150,17,0.060714,3.400000,61.235424,21.184355,0.765443,0.252053,0.336752,4.032418,0.597063,78.427414,534,0.336752,-0.9493491649627686,3,0.176471,0.00349751,0.00349751,-0.00000015,0.00349751,0.00342249,0.02144978,1.259214,1.261671,-0.001951,0.037908,0.035202,0.071385,0.919551,0.934045,0.014494,0.00232276,1.92161512,0.995577
pkdd8,PKDD-8,928,930.000,935.000,1628,150,17,0.060714,3.400000,61.645271,20.833565,0.770566,0.261718,0.348376,5.475958,0.597063,105.942139,579,0.348376,0.6306822299957275,3,0.176471,0.00363283,0.00363284,-0.00000021,0.00363283,0.00355800,0.02060036,1.261330,1.264273,-0.002333,0.037796,0.035305,0.065899,0.920030,0.933470,0.013440,0.00226996,1.91861166,0.994968
pkdd8,PKDD-8,929,931.000,936.000,1699,150,18,0.064286,3.600000,62.424099,20.638298,0.780301,0.239828,0.330764,5.930455,0.597063,114.190277,649,0.330764,1.1057636737823486,3,0.166667,0.00364479,0.00364479,-0.00000049,0.00364479,0.00356976,0.02058573,1.255096,1.257426,-0.001856,0.036891,0.034625,0.061426,0.921874,0.934511,0.012637,0.00243402,1.93833653,0.992662
pkdd8,PKDD-8,930,932.000,937.000,1717,150,16,0.057143,3.200000,63.070763,20.670301,0.788385,0.226756,0.314980,5.902791,0.597063,113.790268,667,0.314980,0.9989511966705322,3,0.187500,0.00375119,0.00375120,-0.00000062,0.00375119,0.00367546,0.02018886,1.269492,1.270621,-0.000890,0.038702,0.036463,0.057840,0.918670,0.931054,0.012384,0.00276422,2.06033760,0.990593
pkdd8,PKDD-8,931,933.000,938.000,1770,150,18,0.064286,3.600000,63.641216,20.503433,0.795515,0.217424,0.298544,5.136988,0.597063,99.557686,720,0.298544,0.1535661220550537,3,0.166667,0.00376233,0.00376234,-0.00000062,0.00376233,0.00368677,0.02008511,1.255643,1.257336,-0.001348,0.037122,0.035070,0.055282,0.921088,0.932937,0.011849,0.00283525,2.42007671,0.990858
pkdd8,PKDD-8,932,934.000,939.000,1772,150,17,0.060714,3.400000,64.078682,20.553280,0.800984,0.197068,0.257396,4.323862,0.784534,83.705032,722,0.257396,-0.7921406030654907,0,0.000000,0.00384771,0.00384771,-0.00000027,0.00384771,0.00377352,0.01928126,1.258953,1.261157,-0.001751,0.037253,0.035155,0.056321,0.921581,0.933428,0.011847,0.00272039,2.69373700,0.987355
pkdd8,PKDD-8,933,935.000,940.000,1815,150,18,0.064286,3.600000,64.907318,20.492443,0.811341,0.196578,0.242539,3.168592,0.793822,62.026100,736,0.242539,-2.1036245822906494,0,0.000000,0.00390509,0.00390510,-0.00000046,0.00390509,0.00383111,0.01894655,1.262507,1.264120,-0.001278,0.037956,0.035905,0.054039,0.920004,0.931743,0.011738,0.00239156,2.87717735,0.989107
pkdd8,PKDD-8,934,936.000,941.000,1859,150,15,0.053571,3.000000,65.595970,20.396210,0.819950,0.212444,0.263203,2.602930,0.809107,52.029163,750,0.263203,-2.8254685401916504,0,0.000000,0.00411567,0.00411567,-0.00000081,0.00411567,0.00404156,0.01800717,1.249365,1.251397,-0.001626,0.035908,0.033916,0.055496,0.924468,0.935788,0.011320,0.00205652,2.83446296,0.989030
pkdd8,PKDD-8,935,937.000,942.000,1969,150,14,0.050000,2.800000,66.310532,20.047268,0.828882,0.214600,0.270263,2.656332,0.824440,53.300232,830,0.270263,-2.82609486579895,0,0.000000,0.00424510,0.00424510,-0.00000067,0.00424510,0.00417112,0.01742579,1.237488,1.239450,-0.001586,0.034402,0.032518,0.054756,0.927233,0.938138,0.010905,0.00199362,2.52718623,0.989401
pkdd8,PKDD-8,936,938.000,943.000,2038,150,14,0.050000,2.800000,66.880341,19.927904,0.836004,0.209339,0.269424,2.756622,0.840847,55.631962,869,0.269424,-2.7388644218444824,0,0.000000,0.00456496,0.00456497,-0.00000045,0.00456496,0.00449098,0.01620646,1.247557,1.249884,-0.001865,0.035490,0.033715,0.050003,0.925533,0.935785,0.010253,0.00218881,2.18757298,0.989949
pkdd8,PKDD-8,937,939.000,944.000,2149,150,16,0.057143,3.200000,67.415390,19.620552,0.842692,0.210255,0.275485,2.996380,0.856058,60.296967,950,0.275485,-2.463860034942627,0,0.000000,0.00465573,0.00465573,-0.00000022,0.00465573,0.00458448,0.01530326,1.245098,1.246965,-0.001500,0.035284,0.033710,0.044610,0.925688,0.934983,0.009295,0.00223649,2.13839508,0.992857
pkdd8,PKDD-8,938,940.000,945.000,2142,150,16,0.057143,3.200000,67.408890,19.706297,0.842611,0.214988,0.286417,3.247466,0.879750,64.871300,942,0.286417,-2.1860413551330566,0,0.000000,0.00462766,0.00462766,0.00000011,0.00462766,0.00455680,0.01531199,1.244573,1.246503,-0.001550,0.035198,0.033461,0.049336,0.925745,0.935706,0.009961,0.00225073,2.03198642,0.992402
pkdd8,PKDD-8,939,941.000,946.000,2073,150,17,0.060714,3.400000,67.450989,20.020752,0.843137,0.221900,0.297884,3.393605,0.748031,67.678886,906,0.297884,-2.0133070945739746,1,0.058824,0.00445581,0.00445581,0.00000023,0.00445581,0.00438618,0.01562699,1.257231,1.258781,-0.001233,0.037195,0.035280,0.051471,0.921268,0.932134,0.010865,0.00252691,1.96826602,0.996746
pkdd8,PKDD-8,940,942.000,947.000,1936,150,17,0.060714,3.400000,67.356773,20.631775,0.841960,0.235471,0.321085,3.413130,0.578321,68.128021,829,0.321085,-1.9933806657791138,1,0.058824,0.00424936,0.00424936,0.00000012,0.00424936,0.00418028,0.01625591,1.265546,1.267787,-0.001771,0.038649,0.036541,0.054535,0.918184,0.930009,0.011826,0.00252843,1.77354143,0.999244
pkdd8,PKDD-8,941,943.000,948.000,1785,150,18,0.064286,3.600000,66.595108,21.945107,0.832439,0.254778,0.351064,3.449688,0.396326,69.096947,709,0.351064,-1.8989202976226807,1,0.055556,0.00388080,0.00388080,0.00000000,0.00388080,0.00381137,0.01789127,1.288903,1.291383,-0.001924,0.041802,0.039405,0.057356,0.911633,0.924838,0.013206,0.00251299,1.61798942,0.998605
pkdd8,PKDD-8,942,944.000,949.000,1613,150,18,0.064286,3.600000,65.646904,23.404213,0.820586,0.272618,0.373219,3.754329,0.349576,75.769958,567,0.373219,-1.5074775218963623,2,0.111111,0.00372067,0.00372067,-0.00000083,0.00372067,0.00364743,0.01968335,1.289032,1.291613,-0.002002,0.041655,0.039080,0.061821,0.911994,0.926389,0.014395,0.00275401,1.36954454,0.998258
pkdd8,PKDD-8,943,945.000,950.000,1550,150,18,0.064286,3.600000,63.881371,24.864523,0.798517,0.307366,0.431093,4.095359,0.349576,79.285988,544,0.431093,-1.0229175090789795,2,0.111111,0.00358027,0.00358027,-0.00000101,0.00358027,0.00351848,0.01725852,1.288859,1.291528,-0.002070,0.041879,0.039809,0.049416,0.911318,0.923106,0.011787,0.00300114,1.14521135,0.990994
pkdd8,PKDD-8,944,946.000,951.000,1499,150,14,0.050000,2.800000,61.754707,25.912477,0.771934,0.332856,0.473950,4.345305,0.349576,81.049095,527,0.473950,-0.6932092905044556,1,0.071429,0.00350544,0.00350544,-0.00000029,0.00350544,0.00344600,0.01695597,1.308525,1.311231,-0.002068,0.044298,0.042463,0.041428,0.906606,0.917214,0.010608,0.00309527,0.92191068,0.988735
pkdd8,PKDD-8,945,947.000,952.000,1478,150,13,0.046429,2.600000,59.398289,26.231972,0.742479,0.356481,0.487411,4.806037,0.349576,86.313972,536,0.487411,-0.0539628267288208,2,0.153846,0.00349515,0.00349516,-0.00000029,0.00349515,0.00343556,0.01705135,1.307172,1.309878,-0.002070,0.043978,0.042129,0.042039,0.907451,0.918058,0.010607,0.00312223,0.78296677,0.988430
pkdd8,PKDD-8,946,948.000,953.000,1478,150,14,0.050000,2.800000,57.665161,25.720623,0.720815,0.402707,0.538578,5.297039,0.349576,91.428719,595,0.538578,0.6254669427871704,2,0.142857,0.00366019,0.00366019,-0.00000042,0.00366019,0.00360066,0.01626431,1.278594,1.281150,-0.001999,0.039994,0.038053,0.048522,0.915964,0.926654,0.010689,0.00365332,0.75729098,0.988786
pkdd8,PKDD-8,947,949.000,954.000,1565,150,18,0.064286,3.600000,56.933491,24.641813,0.711669,0.435903,0.559197,5.030430,0.473091,83.983696,684,0.559197,0.4575103521347046,4,0.222222,0.00373810,0.00373810,0.00000028,0.00373810,0.00367979,0.01559900,1.294704,1.297819,-0.002406,0.042100,0.040218,0.044699,0.912035,0.922301,0.010266,0.00373197,0.76890691,0.988224
pkdd8,PKDD-8,948,950.000,955.000,1605,150,17,0.060714,3.400000,57.190941,23.649492,0.714887,0.433932,0.537211,4.756353,0.404488,79.072914,714,0.537211,0.12036764621734619,21,1.235294,0.00382246,0.00382245,0.00000054,0.00382246,0.00375177,0.01849360,1.287309,1.290247,-0.002282,0.040928,0.038855,0.050663,0.914866,0.926351,0.011485,0.00354144,0.88691477,0.989689
pkdd8,PKDD-8,949,951.000,956.000,1702,150,17,0.060714,3.400000,57.974689,22.529802,0.724684,0.412390,0.513376,4.316232,0.404488,71.997215,750,0.513376,-0.41177117824554443,28,1.647059,0.00396688,0.00396688,0.00000000,0.00396688,0.00389381,0.01841900,1.256284,1.259016,-0.002175,0.036839,0.034583,0.061242,0.923029,0.935133,0.012104,0.00361653,1.01397069,0.989672
pkdd8,PKDD-8,950,952.000,957.000,1830,150,15,0.053571,3.000000,59.092712,21.664299,0.738659,0.402752,0.507569,3.773445,0.404488,63.850491,788,0.507569,-1.114880084991455,27,1.800000,0.00419620,0.00419620,0.00000000,0.00419620,0.00412379,0.01725726,1.253858,1.256346,-0.001985,0.036409,0.034289,0.058225,0.924292,0.935568,0.011276,0.00367086,1.15226254,0.990592
pkdd8,PKDD-8,951,953.000,958.000,2009,150,17,0.060714,3.400000,60.891838,21.078640,0.761148,0.353930,0.449541,3.119573,0.404488,55.713127,877,0.449541,-1.9109758138656616,27,1.588235,0.00427564,0.00427564,0.00000048,0.00427564,0.00420327,0.01692544,1.256898,1.258325,-0.001136,0.036773,0.034732,0.055500,0.923652,0.934473,0.010820,0.00368824,1.21313813,0.989082
pkdd8,PKDD-8,952,954.000,959.000,2102,150,18,0.064286,3.600000,61.961422,20.937929,0.774518,0.298106,0.388218,2.718682,0.404488,51.264935,938,0.388218,-2.3958911895751953,24,1.333333,0.00447369,0.00447369,0.00000023,0.00447369,0.00440034,0.01639655,1.235790,1.236234,-0.000359,0.033819,0.031755,0.061038,0.929700,0.940414,0.010715,0.00364444,1.24361856,0.989210
pkdd8,PKDD-8,953,955.000,960.000,2252,150,19,0.067857,3.800000,63.309280,20.813400,0.791366,0.258457,0.335286,2.324034,0.606769,46.374588,1058,0.335286,-2.887495279312134,7,0.368421,0.00477521,0.00477521,0.00000000,0.00477521,0.00470267,0.01519107,1.233750,1.234167,-0.000338,0.033146,0.031068,0.062675,0.931450,0.942039,0.010589,0.00366534,1.28638584,0.993625
pkdd8,PKDD-8,954,956.000,961.000,2400,150,19,0.067857,3.800000,64.465973,20.755533,0.805825,0.235667,0.307012,2.390654,0.606769,48.630550,1200,0.307012,-2.869471788406372,0,0.000000,0.00523271,0.00523270,0.00000079,0.00523271,0.00515947,0.01399636,1.243482,1.244249,-0.000617,0.034254,0.032401,0.054096,0.929816,0.939327,0.009511,0.00364905,1.36911301,0.995859
pkdd8,PKDD-8,955,957.000,962.000,2608,150,21,0.075000,4.200000,65.587097,20.438032,0.819839,0.222973,0.297787,2.541337,0.610167,51.732899,1408,0.297787,-2.71879243850708,0,0.000000,0.00563160,0.00563160,0.00000027,0.00563160,0.00555849,0.01298140,1.235568,1.236285,-0.000580,0.032939,0.031148,0.054383,0.932522,0.941561,0.009039,0.00382833,1.45772203,0.993707
pkdd8,PKDD-8,956,958.000,963.000,2789,150,22,0.078571,4.400000,66.200577,20.012362,0.827507,0.223293,0.307076,2.626662,0.643429,53.313663,1560,0.307076,-2.633892297744751,3,0.136364,0.00587970,0.00587970,0.00000000,0.00587970,0.00580700,0.01236362,1.232014,1.233046,-0.000838,0.032341,0.030669,0.051714,0.933776,0.942319,0.008542,0.00370277,1.57626433,0.995198
pkdd8,PKDD-8,957,959.000,964.000,2905,150,22,0.078571,4.400000,66.670578,19.723402,0.833382,0.242598,0.338136,2.675144,0.712916,54.301144,1646,0.338136,-2.608583927154541,3,0.136364,0.00590948,0.00590948,0.00000017,0.00590948,0.00583766,0.01215389,1.231615,1.232990,-0.001116,0.032218,0.030532,0.052335,0.933937,0.942574,0.008636,0.00358793,1.72144479,0.994433
pkdd8,PKDD-8,958,960.000,965.000,2910,150,22,0.078571,4.400000,66.777931,19.607323,0.834724,0.259223,0.366712,2.723215,0.768165,55.204128,1621,0.366712,-2.5607290267944336,3,0.136364,0.00594438,0.00594438,0.00000000,0.00594438,0.00587282,0.01203803,1.236102,1.237817,-0.001388,0.032937,0.031248,0.051269,0.932367,0.941038,0.008671,0.00351533,1.88323228,0.994749
pkdd8,PKDD-8,959,961.000,966.000,2914,150,23,0.082143,4.600000,66.987923,19.487747,0.837349,0.266898,0.378446,2.733788,0.351128,55.625538,1595,0.378446,-2.549583911895752,7,0.304348,0.00575489,0.00575489,0.00000000,0.00575489,0.00568373,0.01236501,1.229086,1.230498,-0.001149,0.031962,0.030234,0.054076,0.934100,0.943018,0.008917,0.00303110,2.13141785,0.994599
pkdd8,PKDD-8,960,962.000,967.000,2833,150,24,0.085714,4.800000,67.450806,19.729521,0.843135,0.271149,0.382849,2.841461,0.351128,57.480801,1484,0.382849,-2.445420026779175,10,0.416667,0.00560018,0.00560018,0.00000092,0.00560018,0.00552879,0.01274758,1.237602,1.240192,-0.002093,0.033060,0.031368,0.051162,0.931848,0.940755,0.008907,0.00248487,2.51564257,0.997002
pkdd8,PKDD-8,961,963.000,968.000,2702,150,26,0.092857,5.200000,67.176689,20.868965,0.839709,0.276723,0.387875,2.971909,0.351128,60.609539,1345,0.387875,-2.2493302822113037,7,0.269231,0.00546143,0.00546142,0.00000132,0.00546143,0.00538975,0.01312413,1.252140,1.254864,-0.002175,0.035481,0.033788,0.047716,0.926201,0.935388,0.009187,0.00245935,3.22105588,0.997374
pkdd8,PKDD-8,962,964.000,969.000,2570,150,25,0.089286,5.000000,66.737473,22.102655,0.834218,0.267212,0.369509,3.092892,0.351128,63.109653,1184,0.369509,-2.107471227645874,7,0.280000,0.00545408,0.00545407,0.00000104,0.00545408,0.00538178,0.01325636,1.268908,1.271709,-0.002208,0.037418,0.035572,0.049326,0.922868,0.932385,0.009517,0.00318747,2.44060917,0.999460
pkdd8,PKDD-8,963,965.000,970.000,2499,150,25,0.089286,5.000000,66.555016,23.212797,0.831938,0.259245,0.346107,3.240630,0.351128,66.248795,1089,0.346107,-1.9342563152313232,7,0.280000,0.00539837,0.00539836,0.00000095,0.00539837,0.00532521,0.01355178,1.261826,1.264730,-0.002302,0.036490,0.034504,0.054420,0.924425,0.934515,0.010091,0.00327058,2.17598767,0.998320
pkdd8,PKDD-8,964,966.000,971.000,2410,150,24,0.085714,4.800000,66.198685,24.412659,0.827484,0.264025,0.341723,3.240869,0.367928,66.519112,971,0.341723,-1.9281961917877197,3,0.125000,0.00547945,0.00547944,0.00000085,0.00547945,0.00540675,0.01326842,1.269814,1.272766,-0.002324,0.037679,0.035686,0.052885,0.922041,0.932193,0.010151,0.00293523,2.19429257,0.998103
pkdd8,PKDD-8,965,967.000,972.000,2372,150,23,0.082143,4.600000,65.841156,25.452705,0.823014,0.267839,0.349014,2.940359,0.461794,62.333885,903,0.349014,-2.253680467605591,0,0.000000,0.00561207,0.00561207,-0.00000009,0.00561207,0.00553893,0.01303263,1.267413,1.269486,-0.001636,0.037398,0.035472,0.051507,0.922515,0.932507,0.009992,0.00273492,2.13898774,0.998134
pkdd8,PKDD-8,966,968.000,973.000,2412,150,22,0.078571,4.400000,66.589180,25.575199,0.832365,0.257377,0.345287,2.902082,0.003451,61.964294,912,0.345287,-2.353522539138794,1,0.045455,0.00586486,0.00586486,-0.00000035,0.00586486,0.00579133,0.01253714,1.250795,1.252782,-0.001589,0.034821,0.033024,0.051617,0.928299,0.937656,0.009357,0.00308607,2.15798622,0.997854
pkdd8,PKDD-8,967,969.000,974.000,2516,150,23,0.082143,4.600000,67.555252,25.314604,0.844441,0.257547,0.355430,2.990379,0.003451,64.135948,1028,0.355430,-2.291797637939453,1,0.043478,0.00599861,0.00599861,-0.00000034,0.00599861,0.00592494,0.01228204,1.245232,1.246789,-0.001250,0.034430,0.032828,0.046516,0.928676,0.937495,0.008819,0.00348195,2.19669486,0.998073
pkdd8,PKDD-8,968,970.000,975.000,2569,150,23,0.082143,4.600000,68.172783,25.060961,0.852160,0.250338,0.357318,3.102711,0.003451,66.392731,1111,0.357318,-2.1950011253356934,5,0.217391,0.00629728,0.00629728,-0.00000016,0.00629728,0.00622381,0.01166716,1.247488,1.248604,-0.000895,0.034647,0.033338,0.037788,0.928512,0.936188,0.007676,0.00383301,2.45674260,0.998828
pkdd8,PKDD-8,969,971.000,976.000,2687,150,26,0.092857,5.200000,68.696259,24.434509,0.858703,0.252517,0.363261,3.014118,0.003451,64.260620,1259,0.363261,-2.254483938217163,5,0.192308,0.00663938,0.00663938,-0.00000047,0.00663938,0.00656575,0.01108911,1.243300,1.245063,-0.001418,0.033811,0.032526,0.038006,0.930478,0.937882,0.007404,0.00413841,2.60586770,0.998731
pkdd8,PKDD-8,970,972.000,977.000,2836,150,28,0.100000,5.600000,69.044685,23.614838,0.863059,0.246272,0.352078,2.905968,0.003451,61.569855,1438,0.352078,-2.3505427837371826,5,0.178571,0.00681369,0.00681369,0.00000015,0.00681369,0.00673990,0.01083004,1.250000,1.251030,-0.000824,0.034624,0.033417,0.034869,0.929028,0.936109,0.007081,0.00400995,3.27021791,0.998455
pkdd8,PKDD-8,971,973.000,978.000,2912,150,28,0.100000,5.600000,69.327431,23.129158,0.866593,0.248068,0.340724,2.660959,0.017150,56.240028,1552,0.340724,-2.638927698135376,4,0.142857,0.00684280,0.00684280,-0.00000015,0.00684280,0.00676997,0.01064326,1.257954,1.258638,-0.000544,0.035566,0.034316,0.035135,0.927230,0.934332,0.007102,0.00359338,2.87779655,0.998768
pkdd8,PKDD-8,972,974.000,979.000,2923,150,24,0.085714,4.800000,69.437569,22.893686,0.867970,0.248975,0.330873,2.435899,0.203487,51.406940,1580,0.330873,-2.9687304496765137,5,0.208333,0.00698744,0.00698744,-0.00000015,0.00698744,0.00691508,0.01035534,1.251411,1.252076,-0.000531,0.034607,0.033419,0.034334,0.929112,0.935951,0.006839,0.00319752,3.42914833,0.998954
pkdd8,PKDD-8,973,975.000,980.000,3011,150,25,0.089286,5.000000,69.681892,22.530367,0.871024,0.244919,0.317354,2.334524,0.396618,49.245010,1692,0.317354,-3.081170082092285,1,0.040000,0.00687060,0.00687060,0.00000022,0.00687060,0.00679916,0.01039767,1.249164,1.250836,-0.001339,0.034448,0.033231,0.035346,0.929413,0.936347,0.006934,0.00278914,2.41765322,0.998194
pkdd8,PKDD-8,974,976.000,981.000,2990,150,24,0.085714,4.800000,69.675827,22.453943,0.870948,0.230973,0.307470,2.379792,0.585704,50.287014,1700,0.307470,-3.058354377746582,1,0.041667,0.00665348,0.00665347,0.00000085,0.00665348,0.00658147,0.01082198,1.251199,1.252913,-0.001369,0.034901,0.033775,0.032245,0.928223,0.934923,0.006701,0.00271362,2.18462591,0.998458
pkdd8,PKDD-8,975,977.000,982.000,2918,150,25,0.089286,5.000000,69.547569,22.541187,0.869345,0.226363,0.315598,2.455541,0.602641,51.942287,1658,0.315598,-2.946420669555664,1,0.040000,0.00665721,0.00665721,0.00000070,0.00665721,0.00658642,0.01063486,1.238725,1.240760,-0.001643,0.033122,0.031942,0.035632,0.931973,0.938767,0.006795,0.00250860,2.09465309,0.998779
pkdd8,PKDD-8,976,978.000,983.000,2949,150,28,0.100000,5.600000,69.510551,22.255447,0.868882,0.214338,0.312484,2.615715,0.602641,55.226139,1690,0.312484,-2.7071456909179688,1,0.035714,0.00666642,0.00666641,0.00000077,0.00666642,0.00659475,0.01075079,1.221067,1.224086,-0.002473,0.030949,0.029843,0.035730,0.936160,0.942757,0.006597,0.00297251,2.01476298,0.998792
pkdd8,PKDD-8,977,979.000,984.000,2981,150,26,0.092857,5.200000,69.499252,22.007454,0.868741,0.212656,0.306107,2.775377,0.658488,58.409542,1722,0.306107,-2.571105718612671,5,0.192308,0.00660177,0.00660176,0.00000062,0.00660177,0.00653061,0.01077812,1.220907,1.224628,-0.003048,0.031072,0.030087,0.031723,0.935805,0.941908,0.006103,0.00311524,1.98390377,0.996651
pkdd8,PKDD-8,978,980.000,985.000,2956,150,26,0.092857,5.200000,69.231064,21.929522,0.865388,0.218219,0.307487,2.934874,0.658488,61.906044,1667,0.307487,-2.3745391368865967,6,0.230769,0.00667738,0.00667738,0.00000046,0.00667738,0.00660601,0.01068829,1.229223,1.231903,-0.002181,0.031848,0.030849,0.031385,0.934371,0.940557,0.006186,0.00262695,2.00494208,0.997587
pkdd8,PKDD-8,979,981.000,986.000,2984,150,26,0.092857,5.200000,69.028534,21.782438,0.862857,0.216233,0.303940,3.169372,0.658488,66.218216,1665,0.303940,-2.102897882461548,6,0.230769,0.00664572,0.00664571,0.00000039,0.00664572,0.00657500,0.01064103,1.234838,1.237197,-0.001910,0.032388,0.031255,0.034983,0.933710,0.940238,0.006528,0.00265092,1.95796866,0.996513
pkdd8,PKDD-8,980,982.000,987.000,2968,150,27,0.096429,5.400000,68.349228,21.746042,0.854365,0.217715,0.298218,3.351863,0.604111,69.268372,1619,0.298218,-1.8476146459579468,6,0.222222,0.00638969,0.00638969,0.00000016,0.00638969,0.00631840,0.01115671,1.245435,1.247542,-0.001692,0.034338,0.033160,0.034311,0.929243,0.936162,0.006920,0.00281249,1.83520277,0.995260
pkdd8,PKDD-8,981,983.000,988.000,2848,150,26,0.092857,5.200000,67.282364,21.978456,0.841030,0.209527,0.285870,3.495828,0.604111,71.372475,1498,0.285870,-1.6431461572647095,6,0.230769,0.00631783,0.00631782,0.00000008,0.00631783,0.00624628,0.01132508,1.267298,1.269483,-0.001724,0.037028,0.035824,0.032522,0.923747,0.930857,0.007109,0.00260057,1.87153019,0.994920
pkdd8,PKDD-8,982,984.000,989.000,2746,150,26,0.092857,5.200000,65.687103,22.308191,0.821089,0.213698,0.323251,3.691183,0.604111,71.701851,1426,0.323251,-1.321568250656128,1,0.038462,0.00643974,0.00643973,0.00000056,0.00643974,0.00636702,0.01129256,1.268892,1.271093,-0.001735,0.037046,0.035611,0.038717,0.924093,0.932209,0.008116,0.00285404,1.97225057,0.995543
pkdd8,PKDD-8,983,985.000,990.000,2726,150,26,0.092857,5.200000,64.042648,22.273819,0.800533,0.215926,0.333262,3.707067,0.604111,68.108482,1436,0.333262,-1.1986050605773926,0,0.000000,0.00648861,0.00648860,0.00000119,0.00648861,0.00641540,0.01128317,1.267585,1.270190,-0.002055,0.037331,0.035950,0.037004,0.923039,0.930954,0.007915,0.00297997,2.13535766,0.995143
pkdd8,PKDD-8,984,986.000,991.000,2687,150,23,0.082143,4.600000,62.456898,22.283699,0.780711,0.228753,0.349260,3.717357,0.604111,64.526443,1427,0.349260,-1.1460908651351929,0,0.000000,0.00649630,0.00649629,0.00000063,0.00649630,0.00642240,0.01137501,1.269625,1.273038,-0.002688,0.037710,0.036375,0.035426,0.922012,0.929985,0.007972,0.00310056,2.39229176,0.995904
pkdd8,PKDD-8,985,987.000,992.000,2637,150,23,0.082143,4.600000,61.139332,22.432562,0.764242,0.216747,0.339668,3.872485,0.906868,63.803936,1407,0.339668,-0.884673535823822,0,0.000000,0.00666987,0.00666986,0.00000085,0.00666987,0.00659529,0.01118115,1.255455,1.259594,-0.003296,0.035291,0.033963,0.037634,0.927216,0.935023,0.007807,0.00336097,2.83770891,0.996275
pkdd8,PKDD-8,986,988.000,993.000,2658,150,24,0.085714,4.800000,59.786869,22.201895,0.747336,0.247549,0.394292,3.956092,0.760437,61.830669,1458,0.394292,-0.686778724193573,3,0.125000,0.00667757,0.00667756,0.00000077,0.00667757,0.00660466,0.01091841,1.251219,1.254218,-0.002397,0.034929,0.033344,0.045357,0.928150,0.936762,0.008611,0.00377381,2.71386486,0.994432
pkdd8,PKDD-8,987,989.000,994.000,2667,150,24,0.085714,4.800000,58.764858,21.837086,0.734561,0.259448,0.410750,3.809175,0.631744,58.918755,1477,0.410750,-0.7835633754730225,3,0.125000,0.00672596,0.00672596,0.00000061,0.00672596,0.00665265,0.01090037,1.243822,1.246772,-0.002372,0.034048,0.032594,0.042696,0.929487,0.937484,0.007997,0.00435276,2.28345515,0.993360
pkdd8,PKDD-8,988,990.000,995.000,2711,150,29,0.103571,5.800000,57.522171,21.189930,0.719027,0.297396,0.464769,3.470533,0.175285,53.999485,1551,0.464769,-0.968342661857605,3,0.103448,0.00710658,0.00710658,-0.00000014,0.00710658,0.00703330,0.01031186,1.255670,1.258763,-0.002463,0.034879,0.033429,0.041558,0.928921,0.936678,0.007757,0.00500966,2.05018048,0.993196
pkdd8,PKDD-8,989,991.000,996.000,2910,150,31,0.110714,6.200000,56.385674,20.030491,0.704821,0.356687,0.526060,3.111192,0.129162,48.720295,1751,0.526060,-1.2312763929367065,6,0.193548,0.00776850,0.00776850,0.00000000,0.00776850,0.00769634,0.00928816,1.255576,1.258054,-0.001974,0.035245,0.033893,0.038365,0.927800,0.934967,0.007167,0.00556888,1.88167539,0.992054
pkdd8,PKDD-8,990,992.000,997.000,3228,150,32,0.114286,6.400000,55.690403,18.745665,0.696130,0.443386,0.620647,2.795733,0.062687,44.642128,2069,0.620647,-1.4894781112670898,8,0.250000,0.00852517,0.00852517,-0.00000006,0.00852517,0.00845404,0.00834274,1.258971,1.261474,-0.001989,0.035461,0.034210,0.035279,0.927878,0.934355,0.006477,0.00625447,1.85548921,0.993241
pkdd8,PKDD-8,991,993.000,998.000,3595,150,34,0.121429,6.800000,55.148548,17.704884,0.689357,0.488625,0.669479,2.543240,0.062687,41.808491,2436,0.669479,-1.6671265363693237,5,0.147059,0.00930373,0.00930373,-0.00000011,0.00930373,0.00923115,0.00780141,1.244405,1.246668,-0.001818,0.032916,0.031936,0.029781,0.933493,0.938824,0.005331,0.00697290,1.81755381,0.994456
pkdd8,PKDD-8,992,994.000,999.000,3977,150,33,0.117857,6.600000,54.559696,16.903479,0.681996,0.522034,0.694737,2.353858,0.062687,39.102825,2808,0.694737,-1.832836389541626,5,0.151515,0.01002543,0.01002544,-0.00000072,0.01002543,0.00995461,0.00706426,1.251390,1.253012,-0.001296,0.033924,0.032871,0.031045,0.931641,0.937052,0.005411,0.00703137,1.81233268,0.995934
pkdd8,PKDD-8,993,995.000,1000.000,4316,150,34,0.121429,6.800000,54.104935,16.518921,0.676312,0.525541,0.714220,2.291235,0.062687,37.505726,3116,0.714220,-1.8394266366958618,8,0.235294,0.01041536,0.01041537,-0.00000059,0.01041536,0.01034594,0.00666539,1.240169,1.241724,-0.001254,0.032702,0.031711,0.030297,0.933804,0.938876,0.005072,0.00682541,1.83988817,0.996501
pkdd8,PKDD-8,994,996.000,1001.000,4501,150,34,0.121429,6.800000,53.671196,16.489199,0.670890,0.525205,0.731095,2.199218,0.048368,35.555305,3300,0.731095,-1.897371530532837,8,0.235294,0.01086701,0.01086701,-0.00000047,0.01086701,0.01079737,0.00640826,1.225478,1.226752,-0.001039,0.030409,0.029548,0.028337,0.938755,0.943307,0.004552,0.00684487,1.92441079,0.996943
pkdd8,PKDD-8,995,997.000,1002.000,4710,150,37,0.132143,7.400000,53.450573,16.427708,0.668132,0.496670,0.705815,2.139565,0.048368,34.056091,3509,0.705815,-1.884432315826416,9,0.243243,0.01102444,0.01102445,-0.00000084,0.01102444,0.01096382,0.00549912,1.220804,1.221641,-0.000686,0.029825,0.029142,0.022898,0.939656,0.943367,0.003711,0.00686594,1.94058261,0.996704
pkdd8,PKDD-8,996,998.000,1003.000,4778,150,37,0.132143,7.400000,53.301056,16.453470,0.666263,0.478378,0.679531,2.104119,0.048368,32.622387,3577,0.679531,-1.9002292156219482,9,0.243243,0.01138914,0.01138914,-0.00000054,0.01138914,0.01134296,0.00405463,1.221729,1.223142,-0.001157,0.030067,0.029504,0.018709,0.939268,0.942178,0.002910,0.00658939,2.02060140,0.997546
pkdd8,PKDD-8,997,999.000,1004.000,4952,150,40,0.142857,8.000000,53.746769,16.321993,0.671835,0.467275,0.656664,2.115818,0.048368,32.254211,3751,0.656664,-1.841434121131897,9,0.225000,0.01177673,0.01177673,-0.00000017,0.01177673,0.01174323,0.00284388,1.224946,1.227087,-0.001747,0.029988,0.029612,0.012514,0.940146,0.941947,0.001800,0.00657769,2.15394954,0.998249
pkdd8,PKDD-8,998,1000.000,1005.000,5139,150,41,0.146429,8.200000,54.419846,16.042700,0.680248,0.467171,0.638514,2.120574,0.048368,31.992249,3939,0.638514,-1.8431992530822754,7,0.170732,0.01218485,0.01218484,0.00000025,0.01218485,0.01216465,0.00165791,1.215873,1.217554,-0.001382,0.028247,0.027953,0.010402,0.944150,0.945326,0.001176,0.00655558,2.22793971,0.998571
pkdd8,PKDD-8,999,1001.000,1006.000,5355,150,44,0.157143,8.800000,55.172153,15.758252,0.689652,0.455332,0.616914,2.149117,0.229024,32.356754,4155,0.616914,-1.7887816429138184,4,0.090909,0.01247020,0.01247020,0.00000008,0.01247020,0.01246397,0.00049982,1.217738,1.219728,-0.001635,0.028277,0.028014,0.009323,0.944654,0.945318,0.000664,0.00658086,2.12038860,0.999593
pkdd8,PKDD-8,1000,1002.000,1007.000,5525,150,47,0.167857,9.400000,55.777363,15.502827,0.697217,0.454246,0.622946,2.153584,0.333403,32.150772,4308,0.622946,-1.7487751245498657,3,0.063830,0.01284594,0.01284594,0.00000040,0.01284594,0.01284462,0.00010335,1.207173,1.208914,-0.001442,0.026624,0.026388,0.008858,0.948556,0.949042,0.000486,0.00668742,2.13411761,1.000000
pkdd8,PKDD-8,1001,1003.000,1008.000,5744,150,46,0.164286,9.200000,56.330376,15.246126,0.704130,0.439263,0.606438,2.181789,0.333403,32.035305,4514,0.606438,-1.7697786092758179,7,0.152174,0.01290490,0.01290490,0.00000016,0.01290490,0.01290409,0.00006301,1.204448,1.206516,-0.001718,0.026199,0.025996,0.007735,0.949492,0.949896,0.000404,0.00644385,2.10188000,1.000000
pkdd8,PKDD-8,1002,1004.000,1009.000,5801,150,47,0.167857,9.400000,56.609993,15.147877,0.707625,0.414991,0.579701,2.203695,0.243147,32.306705,4541,0.579701,-1.74951171875,10,0.212766,0.01274036,0.01274036,0.00000000,0.01274036,0.01274034,0.00000113,1.184999,1.186558,-0.001316,0.023773,0.023637,0.005749,0.954109,0.954401,0.000291,0.00656365,2.12302234,0.999922
pkdd8,PKDD-8,1003,1005.000,1010.000,5773,150,49,0.175000,9.800000,56.838985,15.214980,0.710487,0.395324,0.560253,2.211198,0.206707,32.598999,4483,0.560253,-1.7188260555267334,10,0.204082,0.01267151,0.01267151,-0.00000032,0.01267151,0.01267151,0.00000000,1.191548,1.193107,-0.001308,0.024694,0.024585,0.004415,0.952464,0.952698,0.000234,0.00635410,2.23559945,0.999922
pkdd8,PKDD-8,1004,1006.000,1011.000,5774,150,48,0.171429,9.600000,56.848404,15.115567,0.710605,0.369313,0.525716,2.211376,0.206707,32.665657,4455,0.525716,-1.7524354457855225,15,0.312500,0.01230720,0.01230721,-0.00000017,0.01230720,0.01230720,0.00000000,1.182675,1.183742,-0.000902,0.023403,0.023350,0.002261,0.954982,0.955096,0.000114,0.00551071,2.61780051,0.999840
pkdd8,PKDD-8,1005,1007.000,1012.000,5622,150,47,0.167857,9.400000,56.781010,15.132816,0.709763,0.341332,0.476494,2.203003,0.014463,32.836910,4309,0.476494,-1.7914984226226807,18,0.382979,0.01192132,0.01192132,-0.00000017,0.01192132,0.01192132,0.00000000,1.175394,1.177225,-0.001558,0.022596,0.022540,0.002488,0.956337,0.956456,0.000119,0.00509062,3.53864840,0.999835
pkdd8,PKDD-8,1006,1008.000,1013.000,5462,150,48,0.171429,9.600000,56.843143,15.238466,0.710539,0.328138,0.454157,2.160968,0.014463,33.197231,4151,0.454157,-1.8330013751983643,18,0.375000,0.01163477,0.01163477,-0.00000009,0.01163477,0.01163477,0.00000000,1.181614,1.183483,-0.001581,0.023528,0.023475,0.002257,0.954423,0.954545,0.000122,0.00505300,2.53982178,0.999748
pkdd8,PKDD-8,1007,1009.000,1014.000,5352,150,43,0.153571,8.600000,56.947048,15.387023,0.711838,0.314057,0.433110,2.144426,0.014463,33.466930,4065,0.433110,-1.9676146507263184,16,0.372093,0.01132897,0.01132896,0.00000009,0.01132897,0.01132897,0.00000000,1.193622,1.195532,-0.001600,0.024875,0.024796,0.003159,0.952041,0.952234,0.000193,0.00496753,2.30917663,0.999570
pkdd8,PKDD-8,1008,1010.000,1015.000,5237,150,43,0.153571,8.600000,56.940029,15.534233,0.711750,0.299640,0.404033,2.147539,0.014463,33.588596,3964,0.404033,-1.9853051900863647,16,0.372093,0.01074835,0.01074835,0.00000000,0.01074835,0.01074835,0.00000000,1.177104,1.179497,-0.002033,0.022874,0.022795,0.003433,0.955709,0.955909,0.000200,0.00519398,2.19714112,0.998115
pkdd8,PKDD-8,1009,1011.000,1016.000,5014,150,43,0.153571,8.600000,57.071362,15.855940,0.713392,0.306017,0.433976,2.166938,0.014463,34.178402,3746,0.433976,-1.9911439418792725,13,0.302326,0.01023515,0.01023515,0.00000000,0.01023515,0.01023515,0.00000000,1.189530,1.192427,-0.002435,0.024502,0.024415,0.003561,0.952489,0.952709,0.000220,0.00507732,2.11194641,0.997393
pkdd8,PKDD-8,1010,1012.000,1017.000,4833,150,39,0.139286,7.800000,57.299866,16.149260,0.716248,0.309321,0.445689,2.214781,0.022924,35.346176,3538,0.445689,-2.0547261238098145,9,0.230769,0.00960109,0.00960110,-0.00000021,0.00960109,0.00960109,0.00000000,1.190642,1.193036,-0.002011,0.024543,0.024505,0.001516,0.952472,0.952616,0.000144,0.00558543,2.02920454,0.997160
pkdd8,PKDD-8,1011,1013.000,1018.000,4595,150,38,0.135714,7.600000,57.342480,16.445000,0.716781,0.316846,0.467497,2.291001,0.022924,36.899143,3253,0.467497,-2.0157089233398438,16,0.421053,0.00897846,0.00897846,0.00000023,0.00897846,0.00897846,0.00000000,1.177808,1.179646,-0.001560,0.022704,0.022685,0.000832,0.956252,0.956336,0.000084,0.00558987,1.93266143,0.995245
pkdd8,PKDD-8,1012,1014.000,1019.000,4353,150,39,0.139286,7.800000,57.460781,16.727917,0.718260,0.323216,0.478138,2.451409,0.022924,40.021881,2957,0.478138,-1.8509533405303955,18,0.461538,0.00829658,0.00829658,0.00000025,0.00829658,0.00829658,0.00000000,1.169216,1.171189,-0.001688,0.021701,0.021711,-0.000442,0.958116,0.958120,0.000004,0.00557178,1.81924024,0.994339
pkdd8,PKDD-8,1013,1015.000,1020.000,4054,150,36,0.128571,7.200000,57.546970,17.151213,0.719337,0.325946,0.484947,2.643931,0.022924,43.907219,2624,0.484947,-1.72611665725708,17,0.472222,0.00764516,0.00764515,0.00000054,0.00764516,0.00764516,0.00000000,1.165997,1.167871,-0.001607,0.021208,0.021263,-0.002582,0.959036,0.958930,-0.000105,0.00560554,1.71606877,0.995783
pkdd8,PKDD-8,1014,1016.000,1021.000,3735,150,33,0.117857,6.600000,57.762173,17.765936,0.722027,0.319664,0.457234,2.812732,0.024946,47.483143,2299,0.457234,-1.6326956748962402,15,0.454545,0.00707468,0.00707468,0.00000058,0.00707468,0.00707468,0.00000000,1.155588,1.157329,-0.001507,0.019906,0.020022,-0.005823,0.961685,0.961461,-0.000225,0.00529200,1.64547071,0.996342
pkdd8,PKDD-8,1015,1017.000,1022.000,3445,150,33,0.117857,6.600000,57.959278,18.447863,0.724491,0.311798,0.450426,3.015675,0.357573,51.154446,2017,0.450426,-1.4332035779953003,15,0.454545,0.00672104,0.00672104,0.00000023,0.00672104,0.00672104,0.00000000,1.160559,1.162733,-0.001873,0.020652,0.020717,-0.003171,0.960103,0.959966,-0.000137,0.00509960,1.57902652,0.996227
pkdd8,PKDD-8,1016,1018.000,1023.000,3220,150,32,0.114286,6.400000,58.075962,18.933720,0.725950,0.296607,0.424936,3.237200,0.232965,54.754093,1866,0.424936,-1.2267992496490479,4,0.125000,0.00639192,0.00639192,-0.00000016,0.00639192,0.00639192,0.00000000,1.169937,1.171600,-0.001421,0.021654,0.021648,0.000299,0.958349,0.958386,0.000036,0.00476048,1.59469724,0.998653
pkdd8,PKDD-8,1017,1019.000,1024.000,3007,150,30,0.107143,6.000000,58.061192,19.319355,0.725765,0.291616,0.414108,3.358275,0.232965,56.194489,1743,0.414108,-1.1374937295913696,1,0.033333,0.00621574,0.00621574,0.00000000,0.00621574,0.00621574,0.00000000,1.177352,1.179443,-0.001776,0.023032,0.023006,0.001139,0.954973,0.955070,0.000098,0.00471087,1.66185221,0.999843
pkdd8,PKDD-8,1018,1020.000,1025.000,2870,150,27,0.096429,5.400000,58.102974,19.418804,0.726287,0.295226,0.416502,3.431951,0.232965,57.259571,1696,0.416502,-1.117666244506836,4,0.148148,0.00620940,0.00620940,-0.00000033,0.00620940,0.00620940,0.00000000,1.189600,1.191369,-0.001487,0.024370,0.024262,0.004421,0.952851,0.953118,0.000267,0.00357251,1.74428753,0.999841
pkdd8,PKDD-8,1019,1021.000,1026.000,2827,150,25,0.089286,5.000000,58.398895,19.397551,0.729986,0.281250,0.403283,3.536084,0.232965,59.017113,1714,0.403283,-1.0643901824951172,4,0.160000,0.00609573,0.00609573,-0.00000034,0.00609573,0.00609573,0.00000000,1.186633,1.188094,-0.001231,0.024142,0.023980,0.006708,0.952898,0.953265,0.000368,0.00337652,1.83922132,1.000000
pkdd8,PKDD-8,1020,1022.000,1027.000,2738,150,25,0.089286,5.000000,58.720863,19.480642,0.734011,0.284868,0.420036,3.557475,0.232965,59.318501,1656,0.420036,-1.0657341480255127,4,0.160000,0.00596689,0.00596689,0.00000017,0.00596689,0.00596689,0.00000000,1.197554,1.198666,-0.000928,0.025135,0.024860,0.010925,0.951618,0.952184,0.000566,0.00353239,2.07064777,0.999833
pkdd8,PKDD-8,1021,1023.000,1028.000,2698,150,25,0.089286,5.000000,59.136665,20.710625,0.739208,0.293472,0.453582,3.396105,0.484080,56.966373,1600,0.453582,-1.268505334854126,4,0.160000,0.00603032,0.00603031,0.00000034,0.00603032,0.00603032,0.00000000,1.192855,1.194313,-0.001223,0.025227,0.025001,0.008955,0.950602,0.951112,0.000510,0.00321416,2.15279777,0.998031
pkdd8,PKDD-8,1022,1024.000,1029.000,2743,150,27,0.096429,5.400000,59.979412,21.821278,0.749743,0.311960,0.500147,3.241507,0.484080,55.694939,1632,0.500147,-1.4451987743377686,4,0.148148,0.00625827,0.00625827,0.00000025,0.00625827,0.00625827,0.00000000,1.195250,1.195948,-0.000584,0.024877,0.024617,0.010454,0.952192,0.952739,0.000547,0.00351295,2.40563735,0.995442
pkdd8,PKDD-8,1023,1025.000,1030.000,2863,150,29,0.103571,5.800000,60.738277,22.501802,0.759228,0.325192,0.533357,3.173970,0.128297,55.873169,1742,0.533357,-1.5179229974746704,1,0.034483,0.00654379,0.00654378,0.00000031,0.00654379,0.00654379,0.00000000,1.181667,1.183000,-0.001128,0.023371,0.023170,0.008615,0.954618,0.955063,0.000445,0.00354786,2.72886051,0.991150
pkdd8,PKDD-8,1024,1026.000,1031.000,3000,150,28,0.100000,5.600000,61.143864,22.811325,0.764298,0.363019,0.577457,3.075085,0.012049,55.163364,1878,0.577457,-1.6558332443237305,2,0.071429,0.00699986,0.00699986,0.00000037,0.00699986,0.00699986,0.00000000,1.183515,1.185381,-0.001577,0.023611,0.023421,0.008059,0.954382,0.954806,0.000424,0.00365561,2.83167467,0.989502
pkdd8,PKDD-8,1025,1027.000,1032.000,3215,150,27,0.096429,5.400000,61.263443,22.752043,0.765793,0.375754,0.592534,3.013364,0.000023,54.619560,2117,0.592534,-1.7370244264602661,1,0.037037,0.00738860,0.00738860,0.00000014,0.00738860,0.00738860,0.00000000,1.181791,1.183867,-0.001757,0.023378,0.023253,0.005349,0.954825,0.955124,0.000299,0.00421330,2.56410913,0.989457
pkdd8,PKDD-8,1026,1028.000,1033.000,3372,150,29,0.103571,5.800000,61.626007,22.115194,0.770325,0.373448,0.593113,2.938921,0.000023,53.279934,2279,0.593113,-1.798060655593872,3,0.103448,0.00752337,0.00752337,0.00000027,0.00752337,0.00752337,0.00000000,1.193407,1.195449,-0.001711,0.024899,0.024760,0.005556,0.951895,0.952179,0.000285,0.00383201,2.19237644,0.990155
pkdd8,PKDD-8,1027,1029.000,1034.000,3428,150,28,0.100000,5.600000,61.563068,21.672962,0.769538,0.364219,0.565109,2.763103,0.000023,50.497620,2318,0.565109,-2.0031960010528564,3,0.107143,0.00767238,0.00767238,0.00000013,0.00767238,0.00767238,0.00000000,1.187929,1.189931,-0.001686,0.024273,0.024139,0.005517,0.953033,0.953311,0.000278,0.00409307,1.94135263,0.992406
pkdd8,PKDD-8,1028,1030.000,1035.000,3496,150,30,0.107143,6.000000,61.674263,21.364368,0.770928,0.336742,0.527433,2.484365,0.000023,45.793499,2356,0.527433,-2.2775399684906006,5,0.166667,0.00773749,0.00773749,0.00000027,0.00773749,0.00773749,0.00000000,1.198980,1.200964,-0.001655,0.025551,0.025410,0.005524,0.950720,0.951010,0.000290,0.00463524,1.70046280,0.996046
pkdd8,PKDD-8,1029,1031.000,1036.000,3528,150,30,0.107143,6.000000,61.676392,21.317268,0.770955,0.392042,1.186098,2.203595,0.000023,40.748188,2377,1.186098,-2.588408946990967,4,0.133333,0.00775428,0.00775428,0.00000027,0.00775428,0.00775428,0.00000000,1.206916,1.208884,-0.001631,0.026707,0.026555,0.005710,0.948278,0.948599,0.000321,0.00499023,1.54296250,0.997849
pkdd8,PKDD-8,1030,1032.000,1037.000,3557,150,29,0.103571,5.800000,62.315960,20.782879,0.778949,0.460302,1.604827,2.022821,0.003515,38.099735,2405,1.604827,-2.8554699420928955,8,0.275862,0.00757540,0.00757540,-0.00000007,0.00757540,0.00757540,0.00000000,1.200397,1.202101,-0.001419,0.026246,0.026121,0.004743,0.948662,0.948931,0.000270,0.00527085,1.49818390,0.998467
pkdd8,PKDD-8,1031,1033.000,1038.000,3523,150,28,0.100000,5.600000,63.147144,19.873158,0.789339,0.465835,1.607778,2.043160,0.003515,39.452202,2366,1.607778,-2.912341594696045,7,0.250000,0.00737583,0.00737583,-0.00000007,0.00737583,0.00737583,0.00000000,1.187590,1.189888,-0.001935,0.024223,0.024120,0.004268,0.953055,0.953285,0.000230,0.00546501,1.46282840,0.999354
pkdd8,PKDD-8,1032,1034.000,1039.000,3481,150,28,0.100000,5.600000,63.935055,18.795628,0.799188,0.495084,1.629164,2.156664,0.003515,41.724728,2324,1.629164,-2.853731870651245,7,0.250000,0.00690121,0.00690121,0.00000015,0.00690121,0.00690121,0.00000000,1.182229,1.184940,-0.002293,0.023694,0.023646,0.001995,0.953889,0.954014,0.000125,0.00515566,1.46405264,0.999458
pkdd8,PKDD-8,1033,1035.000,1040.000,3320,150,29,0.103571,5.800000,64.353928,17.734482,0.804424,0.543326,1.681918,2.364531,0.003515,45.266586,2165,1.681918,-2.654751777648926,6,0.206897,0.00623349,0.00623349,0.00000025,0.00623349,0.00623349,0.00000000,1.182208,1.185173,-0.002508,0.023871,0.023828,0.001805,0.953518,0.953640,0.000122,0.00481477,1.44692377,0.999703
pkdd8,PKDD-8,1034,1036.000,1041.000,3035,150,27,0.096429,5.400000,64.681145,16.450474,0.808514,0.500796,1.326959,2.643914,0.003515,50.318153,1910,1.326959,-2.4323182106018066,9,0.333333,0.00549524,0.00549524,0.00000056,0.00549524,0.00549524,0.00000000,1.175926,1.178889,-0.002520,0.022725,0.022695,0.001332,0.955965,0.956049,0.000085,0.00442026,1.41314784,1.000000
pkdd8,PKDD-8,1035,1037.000,1042.000,2700,150,24,0.085714,4.800000,64.153481,15.971646,0.801919,0.447373,0.555740,2.915174,0.005272,54.710274,1611,0.555740,-2.175903081893921,5,0.208333,0.00499485,0.00499485,0.00000103,0.00499485,0.00499485,0.00000000,1.190302,1.193562,-0.002739,0.024685,0.024564,0.004901,0.952100,0.952398,0.000298,0.00391000,1.34056812,1.000000
pkdd8,PKDD-8,1036,1038.000,1043.000,2454,150,26,0.092857,5.200000,62.549656,15.923214,0.781871,0.473343,0.544848,3.097348,0.005272,56.688263,1396,0.544848,-1.846372127532959,4,0.153846,0.00464998,0.00464997,0.00000066,0.00464998,0.00464998,0.00000000,1.200967,1.204046,-0.002563,0.025909,0.025684,0.008680,0.950039,0.950552,0.000513,0.00358370,1.27539939,1.000000
pkdd8,PKDD-8,1037,1039.000,1044.000,2274,150,24,0.085714,4.800000,60.792587,15.812542,0.759907,0.432712,0.520445,3.319884,0.005272,58.621552,1217,0.520445,-1.5437830686569214,4,0.166667,0.00423329,0.00423329,0.00000061,0.00423329,0.00423329,0.00000000,1.211192,1.214112,-0.002411,0.027194,0.026930,0.009711,0.947561,0.948144,0.000583,0.00330422,1.20238311,1.000000
pkdd8,PKDD-8,1038,1040.000,1045.000,2055,150,20,0.071429,4.000000,59.177155,15.869995,0.739714,0.390265,0.454146,3.576937,0.005272,61.481609,1017,0.454146,-1.2435767650604248,3,0.150000,0.00402096,0.00402096,0.00000000,0.00402096,0.00402096,0.00000000,1.207422,1.209456,-0.001684,0.026701,0.026422,0.010451,0.948391,0.948999,0.000608,0.00298288,1.26687917,1.000000
pkdd8,PKDD-8,1039,1041.000,1046.000,1967,150,21,0.075000,4.200000,58.150761,15.874397,0.726885,0.351868,0.424161,3.534927,0.012360,59.903458,913,0.424161,-1.2086193561553955,0,0.000000,0.00394700,0.00394700,-0.00000013,0.00394700,0.00394700,0.00000000,1.206578,1.208119,-0.001278,0.026737,0.026458,0.010420,0.948126,0.948730,0.000604,0.00279339,1.38094632,1.000000
pkdd8,PKDD-8,1040,1042.000,1047.000,1946,150,21,0.075000,4.200000,58.426853,15.097444,0.730336,0.309178,0.391797,3.510725,0.012360,58.967289,853,0.391797,-1.2559950351715088,0,0.000000,0.00386219,0.00386219,-0.00000053,0.00386219,0.00386219,0.00000000,1.202499,1.204581,-0.001732,0.026119,0.025947,0.006589,0.949621,0.949979,0.000357,0.00301819,1.46515278,1.000000
pkdd8,PKDD-8,1041,1043.000,1048.000,1921,150,21,0.075000,4.200000,59.512363,14.046869,0.743905,0.282263,0.375705,3.433410,0.012360,58.126907,827,0.375705,-1.4146723747253418,1,0.047619,0.00373883,0.00373883,-0.00000021,0.00373883,0.00373883,0.00000000,1.182836,1.183902,-0.000901,0.023532,0.023478,0.002281,0.954374,0.954477,0.000103,0.00286553,1.58221597,1.000000
pkdd8,PKDD-8,1042,1044.000,1049.000,1876,150,21,0.075000,4.200000,60.927216,13.007782,0.761590,0.289464,0.391035,3.391754,0.012360,58.935078,811,0.391035,-1.546965479850769,1,0.047619,0.00381921,0.00381921,-0.00000027,0.00381921,0.00381921,0.00000000,1.187435,1.188473,-0.000874,0.024462,0.024427,0.001441,0.952207,0.952284,0.000077,0.00281243,1.73403628,1.000000
pkdd8,PKDD-8,1043,1045.000,1050.000,1926,150,18,0.064286,3.600000,62.349293,11.550382,0.779366,0.282564,0.385263,3.083664,0.012360,54.405243,870,0.385263,-2.0306644439697266,1,0.055556,0.00399432,0.00399432,-0.00000013,0.00399432,0.00399432,0.00000000,1.189484,1.190972,-0.001251,0.024744,0.024724,0.000804,0.951679,0.951734,0.000055,0.00299721,1.90311535,1.000000
pkdd8,PKDD-8,1044,1046.000,1051.000,2016,150,18,0.064286,3.600000,63.709873,9.768894,0.796373,0.262998,0.357213,3.013927,0.163047,53.320030,927,0.357213,-2.1870405673980713,2,0.111111,0.00417265,0.00417265,-0.00000031,0.00417265,0.00417265,0.00000000,1.184023,1.185925,-0.001606,0.023782,0.023768,0.000602,0.953893,0.953946,0.000053,0.00281978,1.99221998,1.000000
pkdd8,PKDD-8,1045,1047.000,1052.000,2103,150,17,0.060714,3.400000,64.347359,9.407395,0.804342,0.249305,0.340989,2.908237,0.163047,51.540550,993,0.340989,-2.3534586429595947,2,0.117647,0.00445784,0.00445784,0.00000046,0.00445784,0.00445784,0.00000000,1.188569,1.189919,-0.001136,0.024459,0.024445,0.000580,0.952501,0.952552,0.000051,0.00277004,2.12918285,1.000000
pkdd8,PKDD-8,1046,1048.000,1053.000,2222,150,19,0.067857,3.800000,64.727089,9.643152,0.809089,0.240487,0.334893,2.850105,0.163047,50.785648,1082,0.334893,-2.389690399169922,1,0.052632,0.00480226,0.00480226,0.00000021,0.00480226,0.00480226,0.00000000,1.193057,1.195174,-0.001774,0.025259,0.025243,0.000662,0.950812,0.950872,0.000060,0.00257468,2.35298798,1.000000
pkdd8,PKDD-8,1047,1049.000,1054.000,2362,150,19,0.067857,3.800000,64.879753,9.747431,0.810997,0.233054,0.312699,2.637666,0.163047,47.039753,1214,0.312699,-2.6163952350616455,2,0.105263,0.00529958,0.00529958,0.00000000,0.00529958,0.00529958,0.00000000,1.187014,1.189736,-0.002293,0.024195,0.024169,0.001081,0.953263,0.953334,0.000072,0.00233501,2.47632013,1.000000
pkdd8,PKDD-8,1048,1050.000,1055.000,2572,150,21,0.075000,4.200000,65.140137,9.636686,0.814252,0.250284,0.325916,2.610311,0.405306,47.337528,1424,0.325916,-2.6016957759857178,4,0.190476,0.00589375,0.00589375,0.00000000,0.00589375,0.00589375,0.00000000,1.191150,1.193982,-0.002377,0.024814,0.024786,0.001119,0.952016,0.952094,0.000078,0.00281392,2.32190194,1.000000
pkdd8,PKDD-8,1049,1051.000,1056.000,2825,150,25,0.089286,5.000000,65.274803,9.625509,0.815935,0.265866,0.337557,2.560196,0.371307,47.073811,1709,0.337557,-2.5656189918518066,4,0.160000,0.00647062,0.00647062,0.00000000,0.00647062,0.00647062,0.00000000,1.195752,1.198366,-0.002186,0.025637,0.025600,0.001424,0.950340,0.950433,0.000094,0.00311116,2.14690251,1.000000
pkdd8,PKDD-8,1050,1052.000,1057.000,3060,150,26,0.092857,5.200000,65.140663,9.644222,0.814258,0.273205,0.348950,2.522974,0.169599,46.660748,2004,0.348950,-2.5631730556488037,5,0.192308,0.00689041,0.00689042,-0.00000030,0.00689041,0.00689041,0.00000000,1.203949,1.207035,-0.002563,0.026419,0.026383,0.001368,0.948847,0.948940,0.000094,0.00319779,2.08787672,1.000000
pkdd8,PKDD-8,1051,1053.000,1058.000,3241,150,27,0.096429,5.400000,64.854614,9.824166,0.810683,0.284606,0.356252,2.461678,0.169599,45.592289,2245,0.356252,-2.578341007232666,6,0.222222,0.00729720,0.00729720,-0.00000007,0.00729720,0.00729720,0.00000000,1.198482,1.201109,-0.002192,0.025843,0.025805,0.001477,0.949898,0.949990,0.000093,0.00323590,2.02679112,1.000000
pkdd8,PKDD-8,1052,1054.000,1059.000,3426,150,29,0.103571,5.800000,64.575249,9.829727,0.807191,0.297308,0.370236,2.430399,0.169599,45.067486,2465,0.370236,-2.5500144958496094,7,0.241379,0.00746091,0.00746091,0.00000007,0.00746091,0.00746091,0.00000000,1.198971,1.201544,-0.002146,0.025888,0.025854,0.001283,0.949754,0.949843,0.000089,0.00337985,2.01722773,1.000000
pkdd8,PKDD-8,1053,1055.000,1060.000,3498,150,29,0.103571,5.800000,64.144669,9.832354,0.801808,0.286508,0.364145,2.367898,0.169599,43.820751,2562,0.364145,-2.5955071449279785,8,0.275862,0.00737216,0.00737216,0.00000014,0.00737216,0.00737216,0.00000000,1.205285,1.207898,-0.002168,0.026766,0.026727,0.001460,0.947845,0.947944,0.000099,0.00308808,2.03162866,1.000000
pkdd8,PKDD-8,1054,1056.000,1061.000,3444,150,28,0.100000,5.600000,63.635307,9.763721,0.795441,0.281213,0.368931,2.437819,0.169599,44.724045,2524,0.368931,-2.511491298675537,7,0.250000,0.00721271,0.00721271,0.00000050,0.00721271,0.00721271,0.00000000,1.198217,1.200891,-0.002232,0.025652,0.025617,0.001361,0.950095,0.950185,0.000090,0.00280361,2.11690938,1.000000
pkdd8,PKDD-8,1055,1057.000,1062.000,3365,150,28,0.100000,5.600000,63.694561,9.339883,0.796182,0.276951,0.364802,2.500306,0.309561,45.639652,2445,0.364802,-2.4512617588043213,6,0.214286,0.00706929,0.00706928,0.00000080,0.00706929,0.00706929,0.00000000,1.196527,1.199573,-0.002546,0.025544,0.025503,0.001604,0.950372,0.950473,0.000101,0.00305879,2.15603474,1.000000
pkdd8,PKDD-8,1056,1058.000,1063.000,3282,150,29,0.103571,5.800000,63.932934,8.814950,0.799162,0.263726,0.349177,2.582301,0.309561,46.847122,2310,0.349177,-2.3667867183685303,6,0.206897,0.00677048,0.00677048,0.00000061,0.00677048,0.00677048,0.00000000,1.198782,1.201667,-0.002407,0.025403,0.025360,0.001701,0.950907,0.951014,0.000107,0.00309731,2.15161890,1.000000
pkdd8,PKDD-8,1057,1059.000,1064.000,3119,150,28,0.100000,5.600000,64.338753,8.348996,0.804234,0.256659,0.343443,2.723019,0.309561,49.007954,2090,0.343443,-2.2622148990631104,4,0.142857,0.00660216,0.00660216,0.00000047,0.00660216,0.00660216,0.00000000,1.202262,1.204924,-0.002214,0.025836,0.025792,0.001696,0.950178,0.950292,0.000114,0.00268512,2.13258437,1.000000
pkdd8,PKDD-8,1058,1060.000,1065.000,3006,150,28,0.100000,5.600000,64.899963,7.791522,0.811250,0.289266,0.385275,2.935398,0.834606,52.313347,1922,0.385275,-2.070798873901367,1,0.035714,0.00636660,0.00636659,0.00000048,0.00636660,0.00636660,0.00000000,1.199376,1.201456,-0.001735,0.025236,0.025190,0.001830,0.951765,0.951883,0.000118,0.00271362,2.17381575,1.000000
