dataset,dataset_name,window_id,start_s,end_s,sample_rows,frame_count,vehicle_count,density_veh_per_m,flow_veh_per_s,mean_speed_kmh,std_speed_kmh,speed_ratio,mean_abs_acc,std_acc,mean_headway_s,min_headway_s,mean_space_gap_m,headway_sample_count,acceleration_interference,mgti,lane_change_count,lane_change_rate,hbb_occupancy,obb_occupancy,occupancy_reduction,hbb_hfgo_occupancy,hfgo_occupancy,hfgo_occupancy_reduction,hbb_grid_active_mean,obb_grid_active_mean,grid_active_reduction,hbb_grid_entropy_mean,obb_grid_entropy_mean,grid_entropy_reduction,hbb_grid_peak_frac_mean,obb_grid_peak_frac_mean,grid_peak_gain,sgt_hfgo,direction_fluctuation,theta_conf_mean
xamn6,XAM-N-6,0,66.000,71.000,13010,300,55,0.392857,11.000000,22.197550,16.322319,0.369959,0.522825,0.899230,2.123411,0.130918,10.730357,10072,0.899230,2.8206567764282227,6,0.109091,0.05897766,0.05897766,0.00000000,0.05897766,0.05897763,0.00000054,1.646272,1.681553,-0.021431,0.074852,0.075515,-0.008846,0.861821,0.862515,0.000694,0.02250461,0.93461705,0.999516
xamn6,XAM-N-6,1,67.000,72.000,13038,300,55,0.392857,11.000000,22.059158,16.730562,0.367653,0.530386,0.945718,2.225405,0.011919,11.382919,9995,0.945718,2.9012198448181152,6,0.109091,0.05778988,0.05778988,0.00000000,0.05778988,0.05778986,0.00000041,1.647032,1.684307,-0.022632,0.074765,0.075632,-0.011600,0.862001,0.862371,0.000369,0.02211067,0.94309954,1.000000
xamn6,XAM-N-6,2,68.000,73.000,12997,300,55,0.392857,11.000000,21.910589,17.229097,0.365176,0.511756,0.841296,2.224695,0.011919,11.444540,9798,0.841296,2.862860918045044,12,0.218182,0.05644363,0.05644363,0.00000000,0.05644363,0.05644363,0.00000000,1.604216,1.641610,-0.023309,0.071323,0.072258,-0.013103,0.866760,0.867030,0.000270,0.02107940,0.94706115,1.000000
xamn6,XAM-N-6,3,69.000,74.000,13040,300,53,0.378571,10.600000,21.834986,17.698465,0.363916,0.500819,0.772648,2.264874,0.000158,11.551782,9769,0.772648,2.825777769088745,11,0.207547,0.05619338,0.05619338,0.00000000,0.05619338,0.05619338,0.00000000,1.561733,1.605675,-0.028137,0.066317,0.067403,-0.016386,0.875744,0.875678,-0.000066,0.02132166,0.95372433,1.000000
xamn6,XAM-N-6,4,70.000,75.000,13081,300,55,0.392857,11.000000,21.635950,17.760580,0.360599,0.505908,0.813685,2.301348,0.000158,11.693847,9774,0.813685,2.9503939151763916,10,0.181818,0.05589150,0.05589150,0.00000007,0.05589150,0.05589150,0.00000000,1.538032,1.587417,-0.032109,0.065506,0.066548,-0.015901,0.875365,0.875755,0.000390,0.02017083,0.93945828,1.000000
xamn6,XAM-N-6,5,71.000,76.000,13135,300,54,0.385714,10.800000,21.805759,17.871294,0.363429,0.590189,1.079969,2.318242,0.000158,11.915084,9795,1.079969,2.904517650604248,23,0.425926,0.05559526,0.05559526,0.00000000,0.05559526,0.05559526,0.00000000,1.520137,1.572440,-0.034407,0.064739,0.065775,-0.016006,0.875520,0.876114,0.000593,0.01880342,0.93560251,1.000000
xamn6,XAM-N-6,6,72.000,77.000,13363,300,56,0.400000,11.200000,22.366442,18.433340,0.372774,0.587823,1.069153,2.353307,0.000158,12.439991,10147,1.069153,2.988845109939575,26,0.464286,0.05596738,0.05596738,0.00000000,0.05596738,0.05596738,0.00000000,1.479084,1.531318,-0.035315,0.059915,0.060997,-0.018064,0.884454,0.884847,0.000394,0.01791605,0.95260830,1.000000
xamn6,XAM-N-6,7,73.000,78.000,13563,300,57,0.407143,11.400000,22.675045,18.642794,0.377917,0.607373,1.132722,2.495507,0.000158,13.167605,10537,1.132722,3.168480634689331,18,0.315789,0.05619629,0.05619628,0.00000014,0.05619629,0.05619629,0.00000000,1.484775,1.539482,-0.036846,0.060116,0.061125,-0.016793,0.884710,0.885042,0.000332,0.01840547,0.96307996,1.000000
xamn6,XAM-N-6,8,74.000,79.000,13724,300,58,0.414286,11.600000,23.085623,18.782259,0.384760,0.688382,1.322638,2.654048,0.090078,13.923614,10830,1.322638,3.350348472595215,21,0.362069,0.05622817,0.05622817,0.00000000,0.05622817,0.05622817,0.00000000,1.506485,1.564850,-0.038742,0.063259,0.064372,-0.017606,0.878651,0.878874,0.000223,0.01856688,0.98757335,1.000000
xamn6,XAM-N-6,9,75.000,80.000,13956,300,57,0.407143,11.400000,23.695793,18.966860,0.394930,0.770014,1.491584,2.760462,0.009326,14.478645,11014,1.491584,3.399312973022461,24,0.421053,0.05680728,0.05680728,-0.00000007,0.05680728,0.05680728,0.00000000,1.507810,1.570651,-0.041677,0.062757,0.064346,-0.025320,0.880370,0.879575,-0.000795,0.01971037,1.03078862,1.000000
xamn6,XAM-N-6,10,76.000,81.000,14187,300,60,0.428571,12.000000,24.033524,18.880297,0.400559,0.755278,1.457778,2.762427,0.009326,14.717806,11256,1.457778,3.514197826385498,13,0.216667,0.05742709,0.05742709,0.00000007,0.05742709,0.05742709,0.00000000,1.519842,1.585466,-0.043178,0.063483,0.065237,-0.027637,0.878793,0.877438,-0.001356,0.01810541,1.05759345,1.000000
xamn6,XAM-N-6,11,77.000,82.000,14184,300,60,0.428571,12.000000,24.036873,18.292017,0.400615,0.768885,1.442220,2.680898,0.009050,14.386629,11190,1.442220,3.4079113006591797,15,0.250000,0.05700765,0.05700764,0.00000007,0.05700765,0.05700765,0.00000000,1.545897,1.615694,-0.045150,0.066807,0.068663,-0.027785,0.872252,0.870887,-0.001365,0.01757725,1.07018843,1.000000
xamn6,XAM-N-6,12,78.000,83.000,14220,300,59,0.421429,11.800000,24.313707,17.819187,0.405228,0.773348,1.435876,2.542653,0.009050,14.175184,11170,1.435876,3.1849615573883057,15,0.254237,0.05681746,0.05681746,0.00000000,0.05681746,0.05681746,0.00000000,1.571519,1.640084,-0.043630,0.069145,0.070861,-0.024806,0.868530,0.867390,-0.001140,0.01786063,1.08845655,1.000000
xamn6,XAM-N-6,13,79.000,84.000,14205,300,60,0.428571,12.000000,24.789392,17.473824,0.413157,0.746534,1.364254,2.348904,0.009050,13.784904,11109,1.364254,2.9592885971069336,16,0.266667,0.05654282,0.05654281,0.00000007,0.05654282,0.05654282,0.00000000,1.563604,1.627455,-0.040836,0.067348,0.068866,-0.022544,0.873215,0.872167,-0.001048,0.01682553,1.10820005,1.000000
xamn6,XAM-N-6,14,80.000,85.000,14125,300,60,0.428571,12.000000,25.243500,17.145432,0.420725,0.705017,1.256486,2.205791,0.004071,13.495445,11142,1.256486,2.741300106048584,15,0.250000,0.05597362,0.05597362,0.00000007,0.05597362,0.05597362,0.00000000,1.583292,1.640779,-0.036308,0.069735,0.070943,-0.017334,0.869030,0.868306,-0.000724,0.01769061,1.12303518,1.000000
xamn6,XAM-N-6,15,81.000,86.000,13913,300,57,0.407143,11.400000,25.893684,17.000744,0.431561,0.668805,1.106123,2.149184,0.004071,13.353592,11031,1.106123,2.46955943107605,12,0.210526,0.05499556,0.05499556,0.00000007,0.05499556,0.05499556,0.00000000,1.589449,1.643786,-0.034187,0.069687,0.070946,-0.018063,0.870630,0.869830,-0.000800,0.01692477,1.15043607,1.000000
xamn6,XAM-N-6,16,82.000,87.000,13848,300,59,0.421429,11.800000,26.754229,17.006765,0.445904,0.677978,1.123918,2.104058,0.004071,13.373154,11029,1.123918,2.419137954711914,6,0.101695,0.05481238,0.05481238,0.00000015,0.05481238,0.05481238,0.00000000,1.580373,1.630416,-0.031666,0.069128,0.070372,-0.017991,0.871142,0.870220,-0.000923,0.01715456,1.17951492,1.000000
xamn6,XAM-N-6,17,83.000,88.000,13903,300,63,0.450000,12.600000,27.790564,17.028984,0.463176,0.710997,1.195801,2.084974,0.004071,13.832699,11140,1.195801,2.4763269424438477,10,0.158730,0.05502753,0.05502753,0.00000000,0.05502753,0.05502753,0.00000000,1.570884,1.624182,-0.033929,0.068916,0.070309,-0.020216,0.870087,0.868933,-0.001154,0.01793904,1.21677565,1.000000
xamn6,XAM-N-6,18,84.000,89.000,13891,300,60,0.428571,12.000000,28.534348,16.927671,0.475572,0.677326,1.125171,2.095716,0.004071,14.381154,11174,1.125171,2.304710626602173,9,0.150000,0.05494523,0.05494522,0.00000015,0.05494523,0.05494523,0.00000000,1.560363,1.613779,-0.034233,0.067330,0.068963,-0.024245,0.872231,0.870818,-0.001413,0.01713268,1.23387348,1.000000
xamn6,XAM-N-6,19,85.000,90.000,13854,300,60,0.428571,12.000000,28.904570,16.881956,0.481743,0.654558,1.152633,2.081605,0.012281,14.458148,11154,1.152633,2.2513632774353027,7,0.116667,0.05476736,0.05476735,0.00000007,0.05476736,0.05476736,0.00000000,1.553126,1.607334,-0.034903,0.066631,0.068331,-0.025518,0.873281,0.871790,-0.001490,0.01727409,1.22933910,1.000000
xamn6,XAM-N-6,20,86.000,91.000,13814,300,57,0.407143,11.400000,28.778469,16.780121,0.479641,0.644415,1.164979,2.054456,0.065784,14.383053,11114,1.164979,2.1037466526031494,10,0.175439,0.05449622,0.05449622,-0.00000007,0.05449622,0.05449622,0.00000000,1.558998,1.618431,-0.038122,0.068784,0.070518,-0.025208,0.867263,0.865890,-0.001374,0.01785151,1.20283743,1.000000
xamn6,XAM-N-6,21,87.000,92.000,13834,300,59,0.421429,11.800000,28.652794,16.786991,0.477547,0.612754,1.120998,2.052126,0.233567,14.748086,11134,1.120998,2.184586524963379,10,0.169492,0.05434001,0.05434001,-0.00000007,0.05434001,0.05434001,0.00000000,1.546697,1.609079,-0.040333,0.066994,0.068854,-0.027772,0.870699,0.869253,-0.001446,0.01623848,1.18901124,1.000000
xamn6,XAM-N-6,22,88.000,93.000,13651,300,59,0.421429,11.800000,28.378923,16.903183,0.472982,0.574101,1.029309,2.074569,0.204122,15.225891,10951,1.029309,2.2054710388183594,6,0.101695,0.05361378,0.05361378,0.00000000,0.05361378,0.05361378,0.00000000,1.523039,1.585159,-0.040787,0.064260,0.066300,-0.031752,0.876513,0.874809,-0.001704,0.01685277,1.17427157,1.000000
xamn6,XAM-N-6,23,89.000,94.000,13496,300,57,0.407143,11.400000,27.929939,16.925451,0.465499,0.590129,1.058277,2.060069,0.174408,15.203709,10796,1.058277,2.1234569549560547,7,0.122807,0.05294276,0.05294276,-0.00000008,0.05294276,0.05294276,0.00000000,1.527119,1.588619,-0.040272,0.066060,0.067967,-0.028869,0.872390,0.870945,-0.001445,0.01603131,1.14843824,1.000000
xamn6,XAM-N-6,24,90.000,95.000,13269,300,58,0.414286,11.600000,27.728655,17.097328,0.462144,0.589903,0.948238,2.057780,0.100428,15.451777,10574,0.948238,2.1385388374328613,8,0.137931,0.05190391,0.05190391,0.00000000,0.05190391,0.05190391,0.00000000,1.508554,1.566735,-0.038567,0.063393,0.065073,-0.026499,0.878065,0.876992,-0.001073,0.01498087,1.14267709,1.000000
xamn6,XAM-N-6,25,91.000,96.000,13246,300,59,0.421429,11.800000,27.948248,17.260221,0.465804,0.627145,1.065745,2.073490,0.004034,15.845602,10521,1.065745,2.167271137237549,7,0.118644,0.05164586,0.05164586,0.00000008,0.05164586,0.05164586,0.00000000,1.484448,1.540088,-0.037482,0.060376,0.062178,-0.029844,0.884466,0.883226,-0.001240,0.01506329,1.16397648,1.000000
xamn6,XAM-N-6,26,92.000,97.000,13173,300,62,0.442857,12.400000,28.227015,17.328268,0.470450,0.658416,1.137323,2.037586,0.004034,15.341688,10389,1.137323,2.210024833679199,11,0.177419,0.05132186,0.05132186,0.00000000,0.05132186,0.05132186,0.00000000,1.490397,1.546421,-0.037590,0.061549,0.063231,-0.027319,0.881997,0.880914,-0.001083,0.01524069,1.17594943,1.000000
xamn6,XAM-N-6,27,93.000,98.000,13331,300,62,0.442857,12.400000,28.772348,17.392179,0.479539,0.665565,1.124969,1.973961,0.003457,14.634985,10469,1.124969,2.101168632507324,13,0.209677,0.05152320,0.05152320,0.00000000,0.05152320,0.05152320,0.00000000,1.493811,1.551196,-0.038415,0.061992,0.063354,-0.021970,0.881250,0.880685,-0.000565,0.01531036,1.20875433,1.000000
xamn6,XAM-N-6,28,94.000,99.000,13600,300,59,0.421429,11.800000,29.358713,17.462702,0.489312,0.703222,1.269589,1.944024,0.003457,14.383123,10618,1.269589,1.9279124736785889,11,0.186441,0.05225462,0.05225462,-0.00000008,0.05225462,0.05225462,0.00000000,1.506176,1.562353,-0.037297,0.062478,0.063731,-0.020060,0.881020,0.880589,-0.000431,0.01612160,1.25061530,1.000000
xamn6,XAM-N-6,29,95.000,100.000,13923,300,59,0.421429,11.800000,29.950634,17.508707,0.499177,1.036381,10.113532,1.901276,0.000171,14.204059,10816,10.113532,1.8701636791229248,13,0.220339,0.05331308,0.05331309,-0.00000015,0.05331308,0.05331308,0.00000000,1.508511,1.568125,-0.039518,0.062403,0.063619,-0.019495,0.881159,0.880850,-0.000309,0.01815025,1.29170964,1.000000
xamn6,XAM-N-6,30,96.000,101.000,13998,300,61,0.435714,12.200000,30.409410,17.695330,0.506824,0.995373,10.075291,1.883872,0.000171,14.383333,10827,10.075291,1.9019414186477661,11,0.180328,0.05360685,0.05360685,0.00000000,0.05360685,0.05360685,0.00000000,1.512573,1.569010,-0.037312,0.061892,0.062645,-0.012174,0.883127,0.883410,0.000282,0.01875282,1.33942064,1.000000
xamn6,XAM-N-6,31,97.000,102.000,14049,300,60,0.428571,12.000000,30.581381,17.843168,0.509690,1.009971,10.063503,1.903764,0.000171,14.923161,10877,10.063503,1.8768597841262817,11,0.183333,0.05378540,0.05378540,0.00000007,0.05378540,0.05378540,0.00000000,1.510001,1.568439,-0.038701,0.061738,0.062295,-0.009033,0.883265,0.883980,0.000715,0.01918212,1.37667004,1.000000
xamn6,XAM-N-6,32,98.000,103.000,13829,300,62,0.442857,12.400000,30.404818,17.980080,0.506747,1.021073,10.149971,1.948720,0.000171,15.049696,10675,10.149971,1.9985401630401611,13,0.209677,0.05320222,0.05320222,0.00000000,0.05320222,0.05320222,0.00000000,1.521368,1.581532,-0.039546,0.063051,0.063616,-0.008962,0.880738,0.881640,0.000902,0.01869801,1.40148343,0.999740
xamn6,XAM-N-6,33,99.000,104.000,13726,300,66,0.471429,13.200000,30.123812,18.146124,0.502064,0.965945,10.164335,2.079891,0.000171,15.179745,10632,10.164335,2.316477060317993,11,0.166667,0.05297411,0.05297410,0.00000015,0.05297411,0.05297411,0.00000000,1.524261,1.591651,-0.044212,0.064178,0.064908,-0.011377,0.878391,0.879336,0.000944,0.01874540,1.42337380,0.997935
xamn6,XAM-N-6,34,100.000,105.000,13629,300,60,0.428571,12.000000,29.800135,18.321760,0.496669,0.618327,1.051449,2.255811,0.246937,15.475783,10595,1.051449,2.29419207572937,9,0.150000,0.05274554,0.05274553,0.00000015,0.05274554,0.05274554,0.00000000,1.526818,1.601585,-0.048969,0.064233,0.064910,-0.010537,0.879153,0.880329,0.001177,0.01877456,1.44744441,0.995939
xamn6,XAM-N-6,35,101.000,106.000,13579,300,59,0.421429,11.800000,29.207890,18.433105,0.486798,0.645676,1.087072,2.421418,0.246937,15.100833,10576,1.087072,2.482485055923462,9,0.152542,0.05259103,0.05259101,0.00000030,0.05259103,0.05259103,0.00000000,1.569777,1.646292,-0.048743,0.069145,0.069967,-0.011881,0.869857,0.870936,0.001078,0.01768082,1.45465893,0.994665
xamn6,XAM-N-6,36,102.000,107.000,13606,300,61,0.435714,12.200000,28.771179,18.528597,0.479520,0.651599,1.071696,2.522294,0.000017,14.915874,10614,1.071696,2.7154433727264404,8,0.131148,0.05274576,0.05274575,0.00000023,0.05274576,0.05274576,0.00000000,1.567911,1.642290,-0.047438,0.067873,0.069255,-0.020359,0.872913,0.872942,0.000029,0.01628269,1.47014133,0.993584
xamn6,XAM-N-6,37,103.000,108.000,13661,300,60,0.428571,12.000000,28.305079,18.483337,0.471751,0.638342,1.010492,2.596134,0.000017,14.772408,10653,1.010492,2.8048999309539795,9,0.150000,0.05295498,0.05295497,0.00000015,0.05295498,0.05295498,0.00000000,1.595930,1.660127,-0.040226,0.069941,0.071684,-0.024928,0.869919,0.869110,-0.000809,0.01526259,1.46881907,0.992885
xamn6,XAM-N-6,38,104.000,109.000,13510,300,58,0.414286,11.600000,27.741802,18.422819,0.462363,0.652255,1.061510,2.577810,0.000017,14.507154,10502,1.061510,2.7335662841796875,10,0.172414,0.05242703,0.05242703,0.00000008,0.05242703,0.05242703,0.00000000,1.582383,1.635825,-0.033773,0.067316,0.068959,-0.024418,0.875308,0.874314,-0.000994,0.01600293,1.43794284,0.993838
xamn6,XAM-N-6,39,105.000,110.000,13492,300,60,0.428571,12.000000,27.219515,18.181133,0.453659,0.656296,1.096086,2.512377,0.000017,14.508291,10487,1.096086,2.7818615436553955,10,0.166667,0.05238219,0.05238219,0.00000000,0.05238219,0.05238219,0.00000000,1.582642,1.625111,-0.026835,0.068591,0.070239,-0.024025,0.870812,0.869513,-0.001300,0.01601627,1.39399193,0.995664
xamn6,XAM-N-6,40,106.000,111.000,13458,300,57,0.407143,11.400000,26.690128,17.916723,0.444835,0.689404,1.210678,2.414638,0.000017,14.658993,10515,1.210678,2.593435287475586,14,0.245614,0.05220813,0.05220813,0.00000000,0.05220813,0.05220813,0.00000000,1.550528,1.589761,-0.025303,0.065596,0.067248,-0.025192,0.875121,0.873606,-0.001516,0.01739259,1.32782888,0.996924
xamn6,XAM-N-6,41,107.000,112.000,13209,300,56,0.400000,11.200000,26.046879,17.796736,0.434115,0.664228,1.143845,2.360044,0.356307,14.538948,10315,1.143845,2.512444496154785,16,0.285714,0.05126376,0.05126377,-0.00000008,0.05126376,0.05126376,0.00000000,1.549398,1.588538,-0.025261,0.065437,0.066672,-0.018869,0.875679,0.874822,-0.000857,0.01658349,1.27103018,0.997990
xamn6,XAM-N-6,42,108.000,113.000,13076,300,58,0.414286,11.600000,25.568317,17.799078,0.426139,0.685192,1.240810,2.301195,0.356307,14.494144,10230,1.240810,2.547451972961426,21,0.362069,0.05076362,0.05076362,0.00000000,0.05076362,0.05076362,0.00000000,1.518507,1.559116,-0.026742,0.062720,0.063367,-0.010319,0.879080,0.879007,-0.000073,0.01636721,1.21435457,0.999002
xamn6,XAM-N-6,43,109.000,114.000,13038,300,58,0.414286,11.600000,25.345646,17.877537,0.422427,0.681879,1.227711,2.202636,0.356307,14.357948,10193,1.227711,2.455354928970337,25,0.431034,0.05072327,0.05072327,0.00000008,0.05072327,0.05072327,0.00000000,1.532981,1.578923,-0.029969,0.064482,0.065139,-0.010188,0.875689,0.875656,-0.000033,0.01669525,1.20306268,0.999827
xamn6,XAM-N-6,44,110.000,115.000,13050,300,59,0.421429,11.800000,25.139246,18.038115,0.418987,0.649755,1.180700,2.140284,0.356307,13.993459,10219,1.180700,2.447234630584717,25,0.423729,0.05084037,0.05084037,0.00000000,0.05084037,0.05084037,0.00000000,1.523908,1.572797,-0.032081,0.063557,0.064296,-0.011635,0.877476,0.877321,-0.000155,0.01680397,1.20292259,1.000000
xamn6,XAM-N-6,45,111.000,116.000,13186,300,58,0.414286,11.600000,25.231823,18.235170,0.420530,0.580994,1.030264,2.096459,0.360069,13.645006,10296,1.030264,2.373365879058838,22,0.379310,0.05142797,0.05142797,-0.00000008,0.05142797,0.05142797,0.00000000,1.496663,1.548688,-0.034761,0.060366,0.061346,-0.016237,0.883974,0.883360,-0.000614,0.01726305,1.21904361,1.000000
xamn6,XAM-N-6,46,112.000,117.000,13505,300,58,0.414286,11.600000,25.320381,18.240614,0.422006,0.541927,0.967046,2.107010,0.519236,13.526575,10555,0.967046,2.4210896492004395,17,0.293103,0.05259691,0.05259691,0.00000008,0.05259691,0.05259691,0.00000000,1.513514,1.561570,-0.031751,0.062946,0.063830,-0.014040,0.879187,0.878706,-0.000481,0.01848611,1.22942771,1.000000
xamn6,XAM-N-6,47,113.000,118.000,13851,300,57,0.407143,11.400000,25.223822,18.137964,0.420397,0.511640,0.812240,2.120787,0.519236,13.407075,10869,0.812240,2.4532389640808105,7,0.122807,0.05389092,0.05389093,-0.00000007,0.05389092,0.05389092,0.00000000,1.530142,1.575265,-0.029489,0.065819,0.066732,-0.013872,0.873608,0.873081,-0.000527,0.01921021,1.24700691,1.000000
xamn6,XAM-N-6,48,114.000,119.000,14155,300,59,0.421429,11.800000,25.031427,17.925541,0.417190,0.511093,0.810172,2.228001,0.522264,13.906702,11172,0.810172,2.7073824405670166,9,0.152542,0.05497789,0.05497789,0.00000000,0.05497789,0.05497789,0.00000000,1.507948,1.553444,-0.030171,0.064240,0.065028,-0.012257,0.876569,0.876286,-0.000284,0.01745436,1.25991446,1.000000
xamn6,XAM-N-6,49,115.000,120.000,14372,300,60,0.428571,12.000000,24.646122,17.417929,0.410769,0.530341,0.916689,2.359974,0.373705,14.374249,11379,0.916689,2.957679033279419,8,0.133333,0.05584576,0.05584576,0.00000007,0.05584576,0.05584576,0.00000000,1.486502,1.533816,-0.031829,0.061440,0.062516,-0.017505,0.882231,0.881611,-0.000620,0.01720589,1.27289328,1.000000
xamn6,XAM-N-6,50,116.000,121.000,14415,300,60,0.428571,12.000000,23.953482,16.708740,0.399225,0.562400,1.015997,2.491298,0.358755,14.567544,11453,1.015997,3.170793294906616,10,0.166667,0.05609676,0.05609676,0.00000007,0.05609676,0.05609676,0.00000000,1.496358,1.545682,-0.032962,0.062749,0.063753,-0.016000,0.880013,0.879700,-0.000313,0.01672729,1.26621459,1.000000
xamn6,XAM-N-6,51,117.000,122.000,14437,300,63,0.450000,12.600000,23.384367,16.024401,0.389739,0.580402,1.063040,2.546056,0.358755,14.416025,11445,1.063040,3.4041991233825684,11,0.174603,0.05628161,0.05628162,-0.00000007,0.05628161,0.05628161,0.00000000,1.470250,1.522962,-0.035852,0.059977,0.060900,-0.015390,0.884653,0.884485,-0.000168,0.01558750,1.27785945,1.000000
xamn6,XAM-N-6,52,118.000,123.000,14432,300,64,0.457143,12.800000,23.055012,15.448565,0.384250,0.630858,1.278867,2.547476,0.358681,14.305634,11405,1.278867,3.472825050354004,14,0.218750,0.05628319,0.05628319,-0.00000007,0.05628319,0.05628319,0.00000000,1.437292,1.492517,-0.038423,0.055663,0.056679,-0.018255,0.893264,0.893063,-0.000202,0.01586644,1.29938145,1.000000
xamn6,XAM-N-6,53,119.000,124.000,14461,300,62,0.442857,12.400000,22.749170,15.046605,0.379153,0.625048,1.282250,2.560933,0.358681,14.077986,11424,1.282250,3.437347412109375,13,0.209677,0.05635330,0.05635331,-0.00000014,0.05635330,0.05635330,0.00000000,1.450038,1.502524,-0.036196,0.057050,0.058015,-0.016909,0.890321,0.890119,-0.000203,0.01573692,1.29552741,1.000000
xamn6,XAM-N-6,54,120.000,125.000,14594,300,62,0.442857,12.400000,22.589281,15.054670,0.376488,0.631498,1.242279,2.545759,0.358681,13.851198,11550,1.242279,3.4519357681274414,14,0.225806,0.05683721,0.05683722,-0.00000014,0.05683721,0.05683721,0.00000000,1.458271,1.506921,-0.033362,0.057713,0.058346,-0.010965,0.889192,0.889430,0.000239,0.01665325,1.30440674,1.000000
xamn6,XAM-N-6,55,121.000,126.000,14830,300,61,0.435714,12.200000,22.853586,15.480011,0.380893,0.658104,1.283216,2.479987,0.350150,13.972523,11763,1.283216,3.351778268814087,20,0.327869,0.05776012,0.05776013,-0.00000007,0.05776012,0.05776012,0.00000000,1.464936,1.508766,-0.029920,0.058358,0.058817,-0.007863,0.888073,0.888442,0.000369,0.01830912,1.34698763,1.000000
xamn6,XAM-N-6,56,122.000,127.000,14977,300,64,0.457143,12.800000,23.152987,16.021648,0.385883,0.671980,1.329372,2.458419,0.350150,14.141065,11940,1.329372,3.4416842460632324,24,0.375000,0.05832325,0.05832325,-0.00000007,0.05832325,0.05832325,0.00000000,1.470188,1.509515,-0.026750,0.059016,0.059476,-0.007788,0.886718,0.887032,0.000315,0.01960391,1.36470719,1.000000
xamn6,XAM-N-6,57,123.000,128.000,15174,300,62,0.442857,12.400000,23.206144,16.368120,0.386769,0.626508,1.160224,2.519281,0.025003,14.355698,12172,1.160224,3.4560799598693848,23,0.370968,0.05913154,0.05913155,-0.00000014,0.05913154,0.05913154,0.00000000,1.472123,1.511731,-0.026905,0.058477,0.058947,-0.008042,0.888566,0.888785,0.000219,0.01964296,1.37590221,1.000000
xamn6,XAM-N-6,58,124.000,129.000,15262,300,65,0.464286,13.000000,23.176281,16.548950,0.386271,0.606122,1.116784,2.550580,0.024197,14.341440,12270,1.116784,3.6280088424682617,17,0.261538,0.05958038,0.05958039,-0.00000013,0.05958038,0.05958038,0.00000000,1.465928,1.506225,-0.027489,0.057850,0.058339,-0.008455,0.889186,0.889461,0.000275,0.01911459,1.40534067,1.000000
xamn6,XAM-N-6,59,125.000,130.000,15324,300,66,0.471429,13.200000,23.118773,16.602375,0.385313,0.634307,1.292688,2.631322,0.024197,14.628224,12328,1.292688,3.7748396396636963,16,0.242424,0.05993342,0.05993342,-0.00000013,0.05993342,0.05993342,0.00000000,1.488449,1.531585,-0.028980,0.061137,0.061655,-0.008476,0.882725,0.883122,0.000397,0.01898589,1.42340352,1.000000
xamn6,XAM-N-6,60,126.000,131.000,15401,300,65,0.464286,13.000000,22.962019,16.512514,0.382700,0.615007,1.289653,2.702229,0.024197,14.696549,12397,1.289653,3.8384320735931396,9,0.138462,0.06023304,0.06023305,-0.00000013,0.06023304,0.06023304,0.00000000,1.471008,1.517304,-0.031472,0.059021,0.059728,-0.011982,0.886641,0.886847,0.000206,0.01955268,1.41954796,1.000000
xamn6,XAM-N-6,61,127.000,132.000,15554,300,67,0.478571,13.400000,22.764711,16.216682,0.379412,0.606160,1.256369,2.777301,0.024197,14.972448,12548,1.256369,4.043000221252441,8,0.119403,0.06093446,0.06093447,-0.00000013,0.06093446,0.06093446,0.00000000,1.487270,1.535682,-0.032551,0.061048,0.061803,-0.012368,0.882794,0.882965,0.000171,0.02067338,1.43400178,1.000000
xamn6,XAM-N-6,62,128.000,133.000,15715,300,68,0.485714,13.600000,22.770355,16.065836,0.379506,0.624500,1.381037,2.762817,0.024197,14.864697,12682,1.381037,4.095239162445068,7,0.102941,0.06172615,0.06172615,0.00000000,0.06172615,0.06172615,0.00000000,1.486669,1.537576,-0.034242,0.060543,0.061311,-0.012683,0.884162,0.884426,0.000264,0.02089837,1.45147115,1.000000
xamn6,XAM-N-6,63,129.000,134.000,15975,300,69,0.492857,13.800000,22.763464,15.861585,0.379391,0.635230,1.388835,2.730278,0.434133,14.599314,12940,1.388835,4.13981819152832,8,0.115942,0.06282203,0.06282203,-0.00000006,0.06282203,0.06282203,0.00000000,1.506479,1.561002,-0.036192,0.063158,0.063943,-0.012433,0.878978,0.879286,0.000308,0.02128377,1.46365343,1.000000
xamn6,XAM-N-6,64,130.000,135.000,16165,300,69,0.492857,13.800000,22.919336,15.690535,0.381989,0.651434,1.357717,2.579324,0.236879,13.936522,13134,1.357717,3.988873243331909,15,0.217391,0.06361663,0.06361663,-0.00000006,0.06361663,0.06361663,0.00000000,1.509743,1.566594,-0.037656,0.063214,0.064029,-0.012901,0.879362,0.879634,0.000273,0.02133986,1.47485131,1.000000
xamn6,XAM-N-6,65,131.000,136.000,16536,300,72,0.514286,14.400000,23.047766,15.421121,0.384129,0.657517,1.347109,2.443626,0.000001,13.305751,13492,1.347109,4.001147270202637,21,0.291667,0.06510977,0.06510977,0.00000000,0.06510977,0.06510977,0.00000000,1.512579,1.570089,-0.038022,0.063018,0.063761,-0.011787,0.880404,0.880778,0.000374,0.02100939,1.51290815,1.000000
xamn6,XAM-N-6,66,132.000,137.000,16968,300,72,0.514286,14.400000,23.176144,15.140098,0.386269,0.644302,1.320289,2.318129,0.000001,12.615355,13878,1.320289,3.9100418090820312,20,0.277778,0.06669254,0.06669254,0.00000000,0.06669254,0.06669254,0.00000000,1.512730,1.569778,-0.037712,0.063190,0.064004,-0.012878,0.879733,0.880090,0.000357,0.02157818,1.53666762,1.000000
xamn6,XAM-N-6,67,133.000,138.000,17280,300,69,0.492857,13.800000,23.207535,14.767168,0.386792,0.678224,1.324045,2.222441,0.000001,11.965895,14217,1.324045,3.7223286628723145,23,0.333333,0.06774312,0.06774311,0.00000012,0.06774312,0.06774312,0.00000000,1.536632,1.591493,-0.035702,0.067032,0.067702,-0.009994,0.871649,0.872242,0.000594,0.02164759,1.53415630,1.000000
xamn6,XAM-N-6,68,134.000,139.000,17478,300,73,0.521429,14.600000,23.402102,14.587489,0.390035,0.722884,1.433811,2.150848,0.000001,11.752921,14416,1.433811,3.8079957962036133,25,0.342466,0.06838949,0.06838948,0.00000012,0.06838949,0.06838949,0.00000000,1.513159,1.565797,-0.034787,0.063864,0.064509,-0.010099,0.878190,0.878674,0.000484,0.02034566,1.53565996,1.000000
xamn6,XAM-N-6,69,135.000,140.000,17861,300,73,0.521429,14.600000,23.475725,14.524086,0.391262,0.704181,1.375009,2.152897,0.000001,11.693378,14759,1.375009,3.860060691833496,22,0.301370,0.06989507,0.06989506,0.00000011,0.06989507,0.06989507,0.00000000,1.508090,1.556072,-0.031816,0.063240,0.063871,-0.009990,0.879483,0.879842,0.000359,0.01928416,1.54130402,1.000000
xamn6,XAM-N-6,70,136.000,141.000,17966,300,72,0.514286,14.400000,23.445389,14.556553,0.390756,0.706299,1.351739,2.166328,0.007340,11.578667,14817,1.351739,3.857389450073242,15,0.208333,0.07041223,0.07041223,0.00000000,0.07041223,0.07041223,0.00000000,1.521095,1.566236,-0.029677,0.064928,0.065568,-0.009859,0.875764,0.876096,0.000331,0.01876758,1.51184833,1.000000
xamn6,XAM-N-6,71,137.000,142.000,17988,300,76,0.542857,15.200000,23.475645,14.677874,0.391261,0.785580,1.504937,2.156161,0.007340,11.606815,14827,1.504937,4.008447647094727,17,0.223684,0.07061440,0.07061441,-0.00000011,0.07061440,0.07061440,0.00000000,1.498777,1.545141,-0.030935,0.062028,0.062617,-0.009498,0.881573,0.881924,0.000351,0.01848533,1.49625391,1.000000
xamn6,XAM-N-6,72,138.000,143.000,18110,300,75,0.535714,15.000000,23.626627,14.961047,0.393777,0.785160,1.517307,2.181399,0.000046,12.070736,14874,1.517307,4.005515098571777,20,0.266667,0.07118183,0.07118183,-0.00000011,0.07118183,0.07118183,0.00000000,1.499393,1.547929,-0.032371,0.061950,0.062493,-0.008769,0.881864,0.882373,0.000509,0.01840543,1.48850681,1.000000
xamn6,XAM-N-6,73,139.000,144.000,18320,300,74,0.528571,14.800000,23.695354,15.225739,0.394923,0.780798,1.469049,2.179788,0.000046,12.123565,15079,1.469049,3.9926586151123047,20,0.270270,0.07209755,0.07209756,-0.00000011,0.07209755,0.07209755,0.00000000,1.532696,1.583188,-0.032943,0.065311,0.065751,-0.006728,0.876219,0.876971,0.000753,0.01889963,1.48281134,1.000000
xamn6,XAM-N-6,74,140.000,145.000,18318,300,77,0.550000,15.400000,23.671709,15.379320,0.394528,0.760735,1.417554,2.179996,0.000046,12.285994,15098,1.417554,4.106762886047363,17,0.220779,0.07193238,0.07193239,-0.00000011,0.07193238,0.07193238,0.00000000,1.538378,1.591222,-0.034351,0.065053,0.065584,-0.008161,0.876448,0.877063,0.000615,0.01828906,1.48121378,1.000000
xamn6,XAM-N-6,75,141.000,146.000,18311,300,75,0.535714,15.000000,23.719625,15.393521,0.395327,0.781868,1.443659,2.216964,0.000046,12.862483,15129,1.443659,4.06104850769043,25,0.333333,0.07182475,0.07182475,0.00000000,0.07182475,0.07182475,0.00000000,1.563159,1.620556,-0.036719,0.067868,0.068671,-0.011826,0.871531,0.871839,0.000308,0.01966828,1.49687650,1.000000
xamn6,XAM-N-6,76,142.000,147.000,18265,300,77,0.550000,15.400000,23.370401,15.273815,0.389507,0.764218,1.410737,2.261770,0.000046,12.990566,15143,1.410737,4.211211204528809,23,0.298701,0.07162232,0.07162231,0.00000011,0.07162232,0.07162232,0.00000000,1.581440,1.640515,-0.037355,0.068579,0.069656,-0.015707,0.871840,0.871720,-0.000120,0.01974850,1.47615058,0.999975
xamn6,XAM-N-6,77,143.000,148.000,18087,300,76,0.542857,15.200000,22.828400,14.988430,0.380473,0.781869,1.497176,2.322960,0.003048,12.878025,15033,1.497176,4.258387565612793,28,0.368421,0.07090020,0.07090020,0.00000000,0.07090020,0.07090020,0.00000000,1.594073,1.647703,-0.033643,0.069860,0.071084,-0.017519,0.869677,0.869017,-0.000660,0.01960406,1.46176651,0.999975
xamn6,XAM-N-6,78,144.000,149.000,18014,300,76,0.542857,15.200000,22.441950,14.679717,0.374032,0.850217,1.695480,2.383142,0.007829,12.992074,14947,1.695480,4.345639705657959,30,0.394737,0.07057925,0.07057924,0.00000011,0.07057925,0.07057925,0.00000000,1.574609,1.622571,-0.030460,0.067536,0.068883,-0.019934,0.873217,0.872048,-0.001169,0.02117324,1.46924204,0.999975
xamn6,XAM-N-6,79,145.000,150.000,17882,300,75,0.535714,15.000000,22.228920,14.440437,0.370482,0.874184,1.760707,2.431421,0.007829,12.879232,14834,1.760707,4.356910228729248,39,0.520000,0.07001952,0.07001952,0.00000000,0.07001952,0.07001952,0.00000000,1.573873,1.619729,-0.029136,0.068008,0.069478,-0.021621,0.872218,0.870801,-0.001416,0.02187133,1.48194640,0.999975
xamn6,XAM-N-6,80,146.000,151.000,17885,300,74,0.528571,14.800000,22.112473,14.273264,0.368541,0.823120,1.713282,2.443374,0.007829,12.517931,14859,1.713282,4.336212158203125,36,0.486486,0.06990145,0.06990145,0.00000011,0.06990145,0.06990145,0.00000000,1.541236,1.582779,-0.026954,0.064528,0.066051,-0.023601,0.877553,0.875893,-0.001660,0.02237761,1.50567330,0.999975
xamn6,XAM-N-6,81,147.000,152.000,17804,300,70,0.500000,14.000000,22.423763,14.278042,0.373729,0.808677,1.674500,2.428357,0.007829,12.360869,14778,1.674500,4.117722511291504,35,0.500000,0.06940808,0.06940808,0.00000012,0.06940808,0.06940808,0.00000000,1.561840,1.602561,-0.026073,0.069031,0.070173,-0.016538,0.866401,0.865519,-0.000882,0.02361983,1.56900576,1.000000
xamn6,XAM-N-6,82,148.000,153.000,17758,300,73,0.521429,14.600000,22.900257,14.269129,0.381671,0.788809,1.604653,2.357339,0.000248,12.180155,14738,1.604653,4.1032490730285645,33,0.452055,0.06903864,0.06903863,0.00000012,0.06903864,0.06903864,0.00000000,1.535252,1.582048,-0.030481,0.066342,0.067369,-0.015481,0.870629,0.870175,-0.000454,0.02322126,1.65057142,1.000000
xamn6,XAM-N-6,83,149.000,154.000,17701,300,72,0.514286,14.400000,23.346626,14.202444,0.389110,0.696775,1.383890,2.316563,0.000248,12.214919,14660,1.383890,3.967933177947998,32,0.444444,0.06868135,0.06868135,0.00000012,0.06868135,0.06868135,0.00000000,1.531382,1.587481,-0.036633,0.065813,0.066892,-0.016388,0.872552,0.872278,-0.000274,0.02257416,1.73965415,1.000000
xamn6,XAM-N-6,84,150.000,155.000,17688,300,73,0.521429,14.600000,23.545786,14.018684,0.392430,0.676649,1.321041,2.240062,0.000020,12.022653,14558,1.321041,3.8975167274475098,23,0.315068,0.06846083,0.06846082,0.00000012,0.06846083,0.06846083,0.00000000,1.547829,1.603177,-0.035759,0.066342,0.067248,-0.013650,0.872594,0.872556,-0.000038,0.02247652,1.80305522,1.000000
xamn6,XAM-N-6,85,151.000,156.000,17685,300,75,0.535714,15.000000,23.664616,13.863569,0.394410,0.753045,1.459261,2.191625,0.000020,11.915551,14526,1.459261,3.9038069248199463,18,0.240000,0.06822684,0.06822684,0.00000000,0.06822684,0.06822684,0.00000000,1.583828,1.635001,-0.032310,0.069427,0.070000,-0.008260,0.868854,0.869199,0.000345,0.02332021,1.85147014,1.000000
xamn6,XAM-N-6,86,152.000,157.000,17750,300,72,0.514286,14.400000,23.630032,13.677752,0.393834,0.729670,1.408997,2.167158,0.000020,11.925580,14563,1.408997,3.764831066131592,19,0.263889,0.06831490,0.06831490,0.00000012,0.06831490,0.06831490,0.00000000,1.593690,1.638254,-0.027962,0.069893,0.070563,-0.009590,0.869035,0.868862,-0.000173,0.02356414,1.87072666,1.000000
xamn6,XAM-N-6,87,153.000,158.000,17681,300,69,0.492857,13.800000,23.562695,13.630098,0.392712,0.707215,1.284636,2.157885,0.000020,11.934206,14494,1.284636,3.630923271179199,10,0.144928,0.06801224,0.06801224,0.00000000,0.06801224,0.06801224,0.00000000,1.607545,1.647192,-0.024663,0.070867,0.071957,-0.015378,0.868549,0.867392,-0.001157,0.02390789,1.86969412,1.000000
xamn6,XAM-N-6,88,154.000,159.000,17469,300,70,0.500000,14.000000,23.463974,13.519992,0.391066,0.756269,1.383685,2.089991,0.000020,11.606209,14315,1.383685,3.573671579360962,10,0.142857,0.06721620,0.06721620,0.00000000,0.06721620,0.06721620,0.00000000,1.632091,1.662259,-0.018484,0.073622,0.074748,-0.015300,0.863812,0.862444,-0.001368,0.02268639,1.81016200,1.000000
xamn6,XAM-N-6,89,155.000,160.000,17300,300,73,0.521429,14.600000,23.603580,13.437404,0.393393,0.786596,1.446730,2.050956,0.002815,11.684733,14223,1.446730,3.6212711334228516,17,0.232877,0.06680156,0.06680156,0.00000000,0.06680156,0.06680156,0.00000000,1.655376,1.693988,-0.023326,0.077444,0.078930,-0.019181,0.855651,0.854117,-0.001534,0.02182852,1.78016187,1.000000
xamn6,XAM-N-6,90,156.000,161.000,17029,300,71,0.507143,14.200000,23.810308,13.325564,0.396838,0.709448,1.253689,1.988142,0.002815,11.704077,13981,1.253689,3.425715446472168,17,0.239437,0.06599834,0.06599834,0.00000006,0.06599834,0.06599834,0.00000000,1.673263,1.717130,-0.026216,0.078333,0.080127,-0.022895,0.853409,0.851547,-0.001862,0.02091970,1.75399537,1.000000
xamn6,XAM-N-6,91,157.000,162.000,16635,300,69,0.492857,13.800000,24.028503,13.259048,0.400475,0.729938,1.312341,1.951754,0.002815,11.765347,13646,1.312341,3.2396697998046875,17,0.246377,0.06468871,0.06468871,0.00000006,0.06468871,0.06468871,0.00000000,1.674542,1.720349,-0.027355,0.076753,0.079031,-0.029676,0.856977,0.854322,-0.002655,0.02086382,1.73791269,1.000000
xamn6,XAM-N-6,92,158.000,163.000,16300,300,69,0.492857,13.800000,24.140461,13.154739,0.402341,0.721646,1.330349,1.976621,0.113004,12.131658,13302,1.330349,3.2160773277282715,25,0.362319,0.06356522,0.06356522,-0.00000006,0.06356522,0.06356522,0.00000000,1.697853,1.743926,-0.027136,0.078026,0.080363,-0.029944,0.854539,0.851871,-0.002668,0.01960297,1.70294582,1.000000
xamn6,XAM-N-6,93,159.000,164.000,16020,300,69,0.492857,13.800000,24.319811,13.124739,0.405330,0.697577,1.303017,2.059998,0.113004,12.854610,12969,1.303017,3.262183666229248,22,0.318841,0.06272339,0.06272339,0.00000000,0.06272339,0.06272339,0.00000000,1.731336,1.778589,-0.027293,0.081790,0.084544,-0.033662,0.846006,0.842766,-0.003239,0.02047425,1.69500873,1.000000
xamn6,XAM-N-6,94,160.000,165.000,15614,300,68,0.485714,13.600000,24.445829,13.121025,0.407430,0.699360,1.315078,2.152758,0.023469,13.495072,12515,1.315078,3.263031005859375,17,0.250000,0.06132207,0.06132208,-0.00000007,0.06132207,0.06132207,0.00000000,1.740874,1.777187,-0.020859,0.081210,0.083848,-0.032483,0.847107,0.843625,-0.003483,0.02068593,1.65411470,1.000000
xamn6,XAM-N-6,95,161.000,166.000,15236,300,68,0.485714,13.600000,24.404268,13.086881,0.406738,0.699447,1.331420,2.197309,0.000060,13.601268,12133,1.331420,3.268923282623291,18,0.264706,0.06005791,0.06005791,-0.00000007,0.06005791,0.06005791,0.00000000,1.734970,1.766146,-0.017969,0.080821,0.083500,-0.033136,0.847819,0.844004,-0.003815,0.01890235,1.62456053,1.000000
xamn6,XAM-N-6,96,162.000,167.000,15114,300,67,0.478571,13.400000,24.401979,12.990273,0.406700,0.663294,1.248470,2.208011,0.000060,13.492644,12011,1.248470,3.23177170753479,15,0.223881,0.05979244,0.05979245,-0.00000007,0.05979244,0.05979244,0.00000000,1.753540,1.789996,-0.020790,0.084213,0.086875,-0.031617,0.840547,0.836977,-0.003569,0.01891904,1.60824489,1.000000
xamn6,XAM-N-6,97,163.000,168.000,15216,300,71,0.507143,14.200000,24.595083,12.853236,0.409918,0.659867,1.212949,2.160838,0.000060,13.405371,12071,1.212949,3.3402657508850098,10,0.140845,0.06032102,0.06032102,0.00000007,0.06032102,0.06032102,0.00000000,1.738368,1.781283,-0.024687,0.083365,0.086010,-0.031726,0.841856,0.838471,-0.003385,0.02097427,1.61341589,1.000000
xamn6,XAM-N-6,98,164.000,169.000,15357,300,67,0.478571,13.400000,24.776674,12.733262,0.412945,0.597662,1.012985,2.086464,0.000060,13.204758,12272,1.012985,3.1080780029296875,9,0.134328,0.06093706,0.06093706,0.00000000,0.06093706,0.06093706,0.00000000,1.705411,1.753988,-0.028484,0.079594,0.082212,-0.032892,0.849827,0.846517,-0.003309,0.02069918,1.63008703,1.000000
xamn6,XAM-N-6,99,165.000,170.000,15554,300,65,0.464286,13.000000,25.048643,12.725114,0.417477,0.531842,0.820544,2.010805,0.000060,12.924266,12514,0.820544,2.950834274291992,6,0.092308,0.06169463,0.06169463,0.00000000,0.06169463,0.06169463,0.00000000,1.674360,1.724830,-0.030142,0.077823,0.080384,-0.032905,0.853554,0.850240,-0.003314,0.01985506,1.66450034,1.000000
xamn6,XAM-N-6,100,166.000,171.000,15757,300,65,0.464286,13.000000,25.509449,12.798873,0.425157,0.545014,0.908771,1.996150,0.004631,13.057216,12661,0.908771,2.926727771759033,5,0.076923,0.06252397,0.06252396,0.00000006,0.06252397,0.06252397,0.00000000,1.648918,1.699879,-0.030906,0.076251,0.078821,-0.033707,0.856300,0.852817,-0.003484,0.01816719,1.66128097,1.000000
xamn6,XAM-N-6,101,167.000,172.000,15913,300,68,0.485714,13.600000,26.129738,12.854534,0.435496,0.543274,0.890791,2.010138,0.004631,13.575668,12786,0.890791,3.0349907875061035,7,0.102941,0.06324522,0.06324523,-0.00000006,0.06324522,0.06324522,0.00000000,1.619431,1.661974,-0.026271,0.072884,0.075171,-0.031374,0.862776,0.859361,-0.003415,0.01838991,1.65642948,1.000000
xamn6,XAM-N-6,102,168.000,173.000,16025,300,69,0.492857,13.800000,26.729584,12.864970,0.445493,0.521855,0.826639,2.014060,0.008026,13.836589,12950,0.826639,3.050489902496338,4,0.057971,0.06384149,0.06384149,0.00000000,0.06384149,0.06384149,0.00000000,1.616974,1.652418,-0.021920,0.072699,0.074692,-0.027410,0.862751,0.859634,-0.003117,0.01856490,1.67015470,1.000000
xamn6,XAM-N-6,103,169.000,174.000,16100,300,69,0.492857,13.800000,27.330494,12.860121,0.455508,0.525245,0.837579,2.025858,0.008026,14.039738,13025,0.837579,3.023179769515991,4,0.057971,0.06411199,0.06411199,0.00000000,0.06411199,0.06411199,0.00000000,1.632298,1.660062,-0.017009,0.074831,0.076362,-0.020464,0.858164,0.855709,-0.002455,0.01877857,1.67155378,1.000000
xamn6,XAM-N-6,104,170.000,175.000,16213,300,71,0.507143,14.200000,27.735302,12.750058,0.462255,0.543378,0.886898,2.050999,0.002917,14.316230,13138,0.886898,3.1106553077697754,4,0.056338,0.06451279,0.06451279,-0.00000006,0.06451279,0.06451279,0.00000000,1.615000,1.639364,-0.015086,0.073215,0.074511,-0.017693,0.860810,0.858788,-0.002022,0.01818765,1.66794514,1.000000
xamn6,XAM-N-6,105,171.000,176.000,16181,300,70,0.500000,14.000000,27.999636,12.664501,0.466661,0.549905,0.904976,2.081295,0.002917,14.609857,13106,0.904976,3.0700221061706543,7,0.100000,0.06417138,0.06417138,0.00000006,0.06417138,0.06417138,0.00000000,1.613250,1.637661,-0.015132,0.073313,0.074235,-0.012577,0.860275,0.859098,-0.001177,0.01776823,1.69221280,1.000000
xamn6,XAM-N-6,106,172.000,177.000,16183,300,71,0.507143,14.200000,28.129320,12.729902,0.468822,0.556001,0.931872,2.123898,0.002917,14.825689,13048,0.931872,3.138533115386963,8,0.112676,0.06397802,0.06397801,0.00000006,0.06397802,0.06397802,0.00000000,1.611877,1.642155,-0.018785,0.073222,0.073938,-0.009781,0.860112,0.859585,-0.000527,0.01776952,1.71090413,1.000000
xamn6,XAM-N-6,107,173.000,178.000,16135,300,70,0.500000,14.000000,27.962603,12.672638,0.466043,0.586415,1.040257,2.193092,0.002917,15.038996,12995,1.040257,3.177466869354248,8,0.114286,0.06364307,0.06364307,0.00000000,0.06364307,0.06364297,0.00000157,1.611156,1.643198,-0.019888,0.073996,0.074590,-0.008040,0.857644,0.857459,-0.000185,0.01853920,1.69275479,1.000000
xamn6,XAM-N-6,108,174.000,179.000,15888,300,67,0.478571,13.400000,27.757915,12.574699,0.462632,0.690115,1.435314,2.213668,0.002917,15.165833,12747,1.435314,3.059187889099121,11,0.164179,0.06256086,0.06256086,0.00000000,0.06256086,0.06256020,0.00001054,1.572822,1.608447,-0.022650,0.069934,0.070363,-0.006127,0.864832,0.864934,0.000102,0.01997624,1.69819126,1.000000
xamn6,XAM-N-6,109,175.000,180.000,15463,300,66,0.471429,13.200000,27.382780,12.656595,0.456380,0.723874,1.510613,2.227294,0.004244,14.977046,12291,1.510613,3.007953405380249,18,0.272727,0.06098805,0.06098806,-0.00000007,0.06098805,0.06098659,0.00002404,1.583328,1.625623,-0.026712,0.070825,0.071224,-0.005634,0.862804,0.863038,0.000234,0.01970711,1.70563064,1.000000
xamn6,XAM-N-6,110,176.000,181.000,15251,300,66,0.471429,13.200000,26.717140,12.732723,0.445286,0.733779,1.507317,2.247568,0.004244,14.656446,12139,1.507317,3.0654349327087402,14,0.212121,0.06042623,0.06042624,-0.00000013,0.06042623,0.06042477,0.00002420,1.570979,1.622976,-0.033098,0.069544,0.070012,-0.006734,0.865037,0.865334,0.000297,0.01966930,1.69043566,1.000000
xamn6,XAM-N-6,111,177.000,182.000,14966,300,67,0.478571,13.400000,26.007542,12.634964,0.433459,0.794809,1.625888,2.250965,0.004244,14.532189,11937,1.625888,3.141713857650757,15,0.223881,0.05971607,0.05971607,-0.00000007,0.05971607,0.05971460,0.00002462,1.577509,1.632033,-0.034563,0.069636,0.070239,-0.008658,0.865358,0.865485,0.000127,0.01986377,1.69541087,1.000000
xamn6,XAM-N-6,112,178.000,183.000,14673,300,67,0.478571,13.400000,25.355244,12.691038,0.422587,0.802160,1.645537,2.225252,0.077846,14.478011,11709,1.645537,3.1371395587921143,17,0.253731,0.05888679,0.05888679,-0.00000007,0.05888679,0.05888542,0.00002320,1.581612,1.640973,-0.037532,0.068911,0.069608,-0.010117,0.868195,0.868189,-0.000006,0.01950513,1.74249054,1.000000
xamn6,XAM-N-6,113,179.000,184.000,14592,300,64,0.457143,12.800000,24.510195,12.698299,0.408503,0.720429,1.330803,2.224088,0.363785,13.981360,11630,1.330803,3.09192156791687,15,0.234375,0.05897080,0.05897081,-0.00000014,0.05897080,0.05896999,0.00001375,1.596491,1.655496,-0.036959,0.069070,0.069999,-0.013443,0.869688,0.869279,-0.000408,0.02115484,1.73995414,1.000000
xamn6,XAM-N-6,114,180.000,185.000,14689,300,62,0.442857,12.400000,23.957523,12.437009,0.399292,0.733998,1.372484,2.179408,0.300366,13.464865,11800,1.372484,3.0367379188537598,15,0.241935,0.05968673,0.05968673,0.00000000,0.05968673,0.05968673,0.00000000,1.613861,1.669072,-0.034211,0.070501,0.071398,-0.012718,0.868717,0.868377,-0.000339,0.02257023,1.74375579,1.000000
xamn6,XAM-N-6,115,181.000,186.000,14830,300,64,0.457143,12.800000,23.637987,12.099843,0.393966,0.700766,1.295497,2.100851,0.218086,12.992575,12001,1.295497,3.086669921875,16,0.250000,0.06053494,0.06053493,0.00000007,0.06053494,0.06053494,0.00000000,1.632367,1.681996,-0.030403,0.073161,0.073893,-0.010001,0.863582,0.863485,-0.000097,0.02383740,1.75212771,1.000000
xamn6,XAM-N-6,116,182.000,187.000,15194,300,67,0.478571,13.400000,23.454433,11.772471,0.390907,0.636132,1.159992,2.006980,0.124302,12.258167,12343,1.159992,3.1975576877593994,12,0.179104,0.06272865,0.06272865,0.00000000,0.06272865,0.06272865,0.00000000,1.609122,1.658944,-0.030962,0.071480,0.071977,-0.006953,0.867215,0.867384,0.000169,0.02517060,1.75440651,1.000000
xamn6,XAM-N-6,117,183.000,188.000,15582,300,66,0.471429,13.200000,23.400417,11.553793,0.390007,0.614322,1.122109,1.962278,0.124295,11.602974,12671,1.122109,3.202310562133789,11,0.166667,0.06512599,0.06512599,0.00000000,0.06512599,0.06512599,0.00000000,1.597805,1.642600,-0.028036,0.070559,0.070828,-0.003812,0.868780,0.869232,0.000452,0.02401820,1.75413951,1.000000
xamn6,XAM-N-6,118,184.000,189.000,16164,300,69,0.492857,13.800000,23.652054,11.612303,0.394201,0.690421,1.392040,1.959730,0.124295,11.518888,13252,1.392040,3.442537307739258,17,0.246377,0.06905741,0.06905741,0.00000000,0.06905741,0.06905741,0.00000000,1.605110,1.647736,-0.026556,0.071994,0.072039,-0.000626,0.865623,0.866469,0.000846,0.02478856,1.79685229,1.000000
xamn6,XAM-N-6,119,185.000,190.000,16810,300,70,0.500000,14.000000,23.868021,11.789810,0.397800,0.690858,1.410164,1.994130,0.123791,11.813856,13871,1.410164,3.6552484035491943,16,0.228571,0.07318227,0.07318227,0.00000000,0.07318227,0.07318227,0.00000000,1.598929,1.640036,-0.025709,0.072031,0.071900,0.001818,0.864211,0.865370,0.001159,0.02594437,1.83975136,1.000000
xamn6,XAM-N-6,120,186.000,191.000,17397,300,72,0.514286,14.400000,24.084309,11.945252,0.401405,0.741513,1.532519,2.031566,0.123791,12.064276,14398,1.532519,3.901761531829834,22,0.305556,0.07706838,0.07706839,-0.00000010,0.07706838,0.07706838,0.00000000,1.605967,1.641720,-0.022263,0.072817,0.072544,0.003749,0.862449,0.863874,0.001425,0.02709839,1.89319684,1.000000
xamn6,XAM-N-6,121,187.000,192.000,17728,300,71,0.507143,14.200000,23.987495,12.066966,0.399792,0.756425,1.522992,2.071668,0.123791,11.998625,14728,1.522992,3.996817111968994,22,0.309859,0.07926865,0.07926866,-0.00000010,0.07926865,0.07926865,0.00000000,1.616144,1.648861,-0.020244,0.073591,0.073303,0.003915,0.860707,0.862244,0.001537,0.02783834,1.91304124,1.000000
xamn6,XAM-N-6,122,188.000,193.000,17978,300,72,0.514286,14.400000,23.792667,12.153684,0.396544,0.899624,5.439667,2.092385,0.075870,11.772906,14978,5.439667,4.148067474365234,24,0.333333,0.08122072,0.08122072,0.00000000,0.08122072,0.08122072,0.00000000,1.622483,1.652798,-0.018684,0.074015,0.073836,0.002409,0.860048,0.861432,0.001384,0.02811128,1.91706415,1.000000
xamn6,XAM-N-6,123,189.000,194.000,17948,300,73,0.521429,14.600000,23.293892,12.040040,0.388232,0.896736,5.436939,2.113459,0.000026,11.451698,14905,5.436939,4.257885456085205,20,0.273973,0.08136155,0.08136155,0.00000000,0.08136155,0.08136155,0.00000000,1.636840,1.667762,-0.018892,0.076563,0.076369,0.002536,0.854302,0.855748,0.001446,0.02886962,1.88884125,1.000000
xamn6,XAM-N-6,124,190.000,195.000,17889,300,74,0.528571,14.800000,22.755638,11.867620,0.379261,0.920118,5.449673,2.118016,0.000026,11.204110,14788,5.449673,4.348090648651123,18,0.243243,0.08137835,0.08137836,-0.00000010,0.08137835,0.08137835,0.00000000,1.621387,1.654928,-0.020686,0.074645,0.074710,-0.000870,0.858151,0.859272,0.001121,0.02785853,1.87079798,0.999723
xamn6,XAM-N-6,125,191.000,196.000,17862,300,73,0.521429,14.600000,22.170382,11.875342,0.369506,0.915894,5.443987,2.202612,0.000026,11.151294,14761,5.443987,4.4574785232543945,12,0.164384,0.08153360,0.08153360,0.00000000,0.08153360,0.08153360,0.00000000,1.629941,1.667395,-0.022979,0.075647,0.075993,-0.004569,0.856097,0.856744,0.000647,0.02873219,1.85411706,0.998111
xamn6,XAM-N-6,126,192.000,197.000,17889,300,75,0.535714,15.000000,21.753239,12.009594,0.362554,0.940577,5.466677,2.334397,0.000016,11.552007,14743,5.466677,4.7270989418029785,14,0.186667,0.08179669,0.08179670,-0.00000010,0.08179669,0.08179669,0.00000000,1.650176,1.688188,-0.023035,0.078687,0.079345,-0.008358,0.849410,0.849660,0.000251,0.02751397,1.86761078,0.995799
xamn6,XAM-N-6,127,193.000,198.000,17881,300,72,0.514286,14.400000,21.228918,12.200398,0.353815,0.806058,1.574640,2.423650,0.000016,11.917189,14650,1.574640,4.729835510253906,13,0.180556,0.08119839,0.08119839,0.00000000,0.08119839,0.08119839,0.00000000,1.652984,1.698842,-0.027743,0.079327,0.080545,-0.015360,0.847692,0.847545,-0.000147,0.02684684,1.85719228,0.991544
xamn6,XAM-N-6,128,194.000,199.000,17841,300,72,0.514286,14.400000,20.759121,12.498517,0.345985,0.780152,1.549857,2.504371,0.000016,12.207147,14519,1.549857,4.8286051750183105,15,0.208333,0.08038639,0.08038639,0.00000000,0.08038639,0.08038639,0.00000000,1.619696,1.668741,-0.030280,0.074610,0.076453,-0.024712,0.856584,0.855872,-0.000712,0.02607379,1.84380026,0.986834
xamn6,XAM-N-6,129,195.000,200.000,17859,300,73,0.521429,14.600000,20.403362,12.906321,0.340056,0.751379,1.527699,2.639264,0.000016,12.676846,14422,1.527699,5.001943588256836,14,0.191781,0.07916363,0.07916364,-0.00000010,0.07916363,0.07916363,0.00000000,1.624167,1.671426,-0.029097,0.074996,0.077321,-0.030999,0.855550,0.854255,-0.001295,0.02573182,1.82535004,0.980094
xamn6,XAM-N-6,130,196.000,201.000,17803,300,75,0.535714,15.000000,20.085783,13.298163,0.334763,0.707850,1.481949,2.742065,0.000016,13.126698,14210,1.481949,5.159914970397949,15,0.200000,0.07751293,0.07751293,0.00000000,0.07751293,0.07751293,0.00000000,1.597371,1.646015,-0.030452,0.070733,0.073719,-0.042210,0.864725,0.862552,-0.002173,0.02703689,1.80120008,0.977580
xamn6,XAM-N-6,131,197.000,202.000,17684,300,74,0.528571,14.800000,19.658339,13.737122,0.327639,0.673670,1.420734,2.792593,0.022499,13.084394,13945,1.420734,5.146399974822998,19,0.256757,0.07573515,0.07573514,0.00000011,0.07573515,0.07573515,0.00000000,1.579846,1.637073,-0.036223,0.068452,0.071996,-0.051773,0.870473,0.867708,-0.002765,0.02581353,1.76804055,0.974910
xamn6,XAM-N-6,132,198.000,203.000,17795,300,74,0.528571,14.800000,19.464861,14.240255,0.324414,0.663021,1.425450,2.928936,0.022499,12.982720,13956,1.425450,5.305389404296875,21,0.283784,0.07550779,0.07550778,0.00000011,0.07550779,0.07550779,0.00000000,1.568474,1.627817,-0.037835,0.068217,0.071922,-0.054303,0.870495,0.867573,-0.002923,0.02635305,1.76995948,0.971298
xamn6,XAM-N-6,133,199.000,204.000,18258,300,76,0.542857,15.200000,19.484032,14.771370,0.324734,0.691414,1.497897,3.033471,0.004242,12.954987,14285,1.497897,5.541348934173584,20,0.263158,0.07666347,0.07666347,0.00000000,0.07666347,0.07666347,0.00000000,1.589331,1.659985,-0.044455,0.071933,0.075485,-0.049378,0.863100,0.861197,-0.001903,0.02680308,1.80086953,0.968994
xamn6,XAM-N-6,134,200.000,205.000,18717,300,78,0.557143,15.600000,19.295542,15.221744,0.321592,0.753765,4.677423,3.181364,0.004242,12.626758,14624,4.677423,5.84485387802124,22,0.282051,0.07787361,0.07787360,0.00000010,0.07787361,0.07787361,0.00000000,1.594647,1.680718,-0.053975,0.072293,0.075655,-0.046498,0.863176,0.862151,-0.001025,0.02740696,1.81606453,0.969250
xamn6,XAM-N-6,135,201.000,206.000,19233,300,76,0.542857,15.200000,19.073862,15.577647,0.317898,0.740450,4.611850,3.252225,0.004242,12.259847,14935,4.611850,5.913459777832031,23,0.302632,0.07922120,0.07922119,0.00000010,0.07922120,0.07922120,0.00000000,1.606614,1.697135,-0.056343,0.074035,0.076532,-0.033719,0.860312,0.861210,0.000898,0.02850762,1.84584498,0.966916
xamn6,XAM-N-6,136,202.000,207.000,19660,300,75,0.535714,15.000000,18.787430,15.785028,0.313124,0.728150,4.551062,3.387367,0.004242,11.952615,15169,4.551062,6.083644866943359,17,0.226667,0.08017911,0.08017909,0.00000020,0.08017911,0.08017911,0.00000000,1.594964,1.688403,-0.058583,0.071716,0.073423,-0.023792,0.864978,0.867845,0.002867,0.02987602,1.86214467,0.963950
xamn6,XAM-N-6,137,203.000,208.000,20010,300,79,0.564286,15.800000,18.452612,15.969170,0.307544,0.716085,4.498032,3.611394,0.004242,11.684053,15406,4.498032,6.538450241088867,14,0.177215,0.08074125,0.08074124,0.00000010,0.08074125,0.08074125,0.00000000,1.600250,1.702599,-0.063958,0.072382,0.073686,-0.018005,0.863949,0.868299,0.004350,0.02920225,1.88746722,0.963591
xamn6,XAM-N-6,138,204.000,209.000,20177,300,81,0.578571,16.200000,17.952456,16.072628,0.299208,0.668655,4.430246,3.803245,0.180086,11.539326,15480,4.430246,6.866106033325195,11,0.135802,0.08058614,0.08058614,0.00000000,0.08058614,0.08058614,0.00000000,1.593299,1.703821,-0.069367,0.071594,0.072776,-0.016504,0.865592,0.870704,0.005112,0.02777385,1.90129732,0.959030
xamn6,XAM-N-6,139,205.000,210.000,20235,300,79,0.564286,15.800000,17.528286,16.151602,0.292138,0.585506,1.116512,4.012323,0.180086,11.380802,15456,1.116512,7.04872989654541,13,0.164557,0.08042023,0.08042023,0.00000000,0.08042023,0.08042023,0.00000000,1.575636,1.694934,-0.075714,0.069825,0.070876,-0.015060,0.868691,0.874950,0.006259,0.02775190,1.93469028,0.953165
xamn6,XAM-N-6,140,206.000,211.000,20241,300,78,0.557143,15.600000,17.041607,16.165728,0.284027,0.613279,1.233060,4.293312,0.180086,11.127749,15377,1.233060,7.354915142059326,14,0.179487,0.08023377,0.08023377,0.00000000,0.08023377,0.08023377,0.00000000,1.556445,1.692456,-0.087386,0.067947,0.069917,-0.028980,0.871104,0.876893,0.005789,0.02821013,1.92901757,0.946643
xamn6,XAM-N-6,141,207.000,212.000,20418,300,80,0.571429,16.000000,16.679569,16.241459,0.277993,0.614978,1.235518,4.672339,0.150864,10.991009,15502,1.235518,7.901556968688965,16,0.200000,0.08069761,0.08069761,0.00000000,0.08069761,0.08069761,0.00000000,1.547948,1.692428,-0.093337,0.067679,0.070414,-0.040421,0.870340,0.875592,0.005252,0.02519951,1.92551789,0.943183
xamn6,XAM-N-6,142,208.000,213.000,20555,300,85,0.607143,17.000000,16.325974,16.324711,0.272100,0.613961,1.248094,4.907305,0.027840,10.971379,15328,1.248094,8.399086952209473,14,0.164706,0.08098217,0.08098217,0.00000000,0.08098217,0.08098217,0.00000000,1.536123,1.683921,-0.096215,0.066172,0.069563,-0.051243,0.872832,0.877806,0.004974,0.02460835,1.97241991,0.938679
xamn6,XAM-N-6,143,209.000,214.000,20594,300,83,0.592857,16.600000,16.155388,16.591043,0.269256,0.598227,1.214869,5.212543,0.027840,10.684450,15135,1.214869,8.667001724243164,21,0.253012,0.08081487,0.08081487,-0.00000010,0.08081487,0.08081487,0.00000000,1.516850,1.675634,-0.104680,0.064113,0.068517,-0.068682,0.876746,0.880933,0.004187,0.02610187,1.99214598,0.935102
xamn6,XAM-N-6,144,210.000,215.000,20703,300,83,0.592857,16.600000,15.923121,16.718025,0.265385,0.593931,1.163001,5.484865,0.008764,10.268779,15220,1.163001,9.009953498840332,16,0.192771,0.08139218,0.08139218,0.00000000,0.08139218,0.08139218,0.00000000,1.516833,1.689224,-0.113652,0.064835,0.070162,-0.082170,0.874352,0.878224,0.003872,0.02563181,2.04744356,0.936792
xamn6,XAM-N-6,145,211.000,216.000,20886,300,83,0.592857,16.600000,15.769801,16.918058,0.262830,0.575348,1.124525,5.769218,0.003949,10.230947,15175,1.124525,9.386526107788086,13,0.156627,0.08269327,0.08269327,0.00000000,0.08269327,0.08269327,0.00000000,1.527243,1.711194,-0.120446,0.066921,0.073244,-0.094488,0.870106,0.873366,0.003260,0.02814619,2.14526702,0.940039
xamn6,XAM-N-6,146,212.000,217.000,21073,300,84,0.600000,16.800000,15.707241,17.171618,0.261787,0.597369,1.297958,5.871942,0.000114,10.343206,14890,1.297958,9.596990585327148,46,0.547619,0.08409074,0.08409074,0.00000000,0.08409074,0.08409074,0.00000000,1.526835,1.726807,-0.130971,0.067717,0.074980,-0.107256,0.867757,0.870559,0.002802,0.03088133,2.28626887,0.940379
xamn6,XAM-N-6,147,213.000,218.000,21240,300,81,0.578571,16.200000,15.514392,17.344650,0.258573,0.579638,1.284021,6.091098,0.000114,10.240145,14857,1.284021,9.788158416748047,60,0.740741,0.08543483,0.08543483,0.00000000,0.08543483,0.08543483,0.00000000,1.529614,1.735452,-0.134569,0.068453,0.075843,-0.107956,0.865917,0.868835,0.002918,0.03060660,2.40633477,0.936631
xamn6,XAM-N-6,148,214.000,219.000,21300,300,80,0.571429,16.000000,15.085220,17.321302,0.251420,0.551347,1.298253,6.342703,0.000114,10.313158,14712,1.298253,10.102622032165527,52,0.650000,0.08647719,0.08647720,-0.00000009,0.08647719,0.08647719,0.00000000,1.534413,1.735258,-0.130894,0.069364,0.076517,-0.103124,0.863436,0.866879,0.003444,0.03056630,2.28200774,0.935584
xamn6,XAM-N-6,149,215.000,220.000,21306,300,85,0.607143,17.000000,14.735755,17.451155,0.245596,0.524593,1.290287,6.592524,0.000114,10.874777,14452,1.290287,10.62750244140625,51,0.600000,0.08706367,0.08706368,-0.00000009,0.08706367,0.08706367,0.00000000,1.528349,1.727401,-0.130240,0.069297,0.076284,-0.100828,0.862947,0.867072,0.004126,0.03007880,2.01615041,0.931716
xamn6,XAM-N-6,150,216.000,221.000,21184,300,83,0.592857,16.600000,14.346122,17.581360,0.239102,0.483458,1.162119,6.731567,0.000114,11.021392,14249,1.162119,10.725194931030273,51,0.614458,0.08678048,0.08678049,-0.00000009,0.08678048,0.08678048,0.00000000,1.521714,1.725972,-0.134229,0.068756,0.074591,-0.084864,0.863717,0.870307,0.006590,0.03023426,1.84342823,0.927011
xamn6,XAM-N-6,151,217.000,222.000,20959,300,83,0.592857,16.600000,13.763117,17.517809,0.229385,0.440563,1.030231,6.909750,0.000010,10.789444,14139,1.030231,10.941668510437012,16,0.192771,0.08597166,0.08597167,-0.00000019,0.08597166,0.08597166,0.00000000,1.536428,1.742545,-0.134153,0.070167,0.075260,-0.072577,0.861478,0.869262,0.007784,0.02999652,1.67619384,0.923436
xamn6,XAM-N-6,152,218.000,223.000,20652,300,83,0.592857,16.600000,13.156696,17.360054,0.219278,0.430597,1.035377,6.987187,0.000010,10.456097,13919,1.035377,11.042073249816895,5,0.060241,0.08499305,0.08499307,-0.00000019,0.08499305,0.08499305,0.00000000,1.550843,1.775228,-0.144686,0.071543,0.076851,-0.074196,0.859260,0.866733,0.007473,0.03058030,1.66577572,0.919901
xamn6,XAM-N-6,153,219.000,224.000,20599,300,83,0.592857,16.600000,12.834682,17.346254,0.213911,0.417203,0.988462,6.871881,0.000010,10.427295,13890,0.988462,10.94137954711914,6,0.072289,0.08499675,0.08499674,0.00000009,0.08499675,0.08499675,0.00000000,1.578232,1.812467,-0.148416,0.073494,0.078764,-0.071700,0.857072,0.864116,0.007043,0.02972081,1.64606367,0.920285
xamn6,XAM-N-6,154,220.000,225.000,20484,300,81,0.578571,16.200000,12.566581,17.250185,0.209443,0.417131,0.990537,6.753691,0.000010,10.095890,13757,0.990537,10.742302894592285,6,0.074074,0.08467842,0.08467842,0.00000000,0.08467842,0.08467842,0.00000000,1.612087,1.841291,-0.142178,0.075292,0.080126,-0.064193,0.856765,0.862868,0.006103,0.02994002,1.66262802,0.917465
xamn6,XAM-N-6,155,221.000,226.000,20366,300,77,0.550000,15.400000,12.427398,17.100439,0.207123,0.444432,1.048549,6.555737,0.000010,9.852905,13820,1.048549,10.363122940063477,11,0.142857,0.08430220,0.08430221,-0.00000009,0.08430220,0.08430220,0.00000000,1.635373,1.848718,-0.130457,0.076610,0.081587,-0.064966,0.854869,0.859326,0.004457,0.02903326,1.70790123,0.921450
xamn6,XAM-N-6,156,222.000,227.000,20286,300,78,0.557143,15.600000,12.545992,16.917559,0.209100,0.527684,1.314151,6.216918,0.000010,9.942804,13985,1.314151,10.01076889038086,19,0.243590,0.08414064,0.08414064,0.00000000,0.08414064,0.08414064,0.00000000,1.628956,1.825052,-0.120381,0.075113,0.080561,-0.072526,0.858054,0.860364,0.002310,0.02969991,1.74055902,0.924556
xamn6,XAM-N-6,157,223.000,228.000,20239,300,80,0.571429,16.000000,12.914443,16.888662,0.215241,0.564863,1.347121,5.929880,0.032808,10.180408,14181,1.347121,9.729398727416992,30,0.375000,0.08384984,0.08384985,-0.00000010,0.08384984,0.08384984,0.00000000,1.620436,1.786897,-0.102726,0.073369,0.078752,-0.073356,0.860769,0.861866,0.001097,0.02933801,1.70264175,0.935988
xamn6,XAM-N-6,158,224.000,229.000,20179,300,81,0.578571,16.200000,13.296474,16.723635,0.221608,0.586496,1.301807,5.690697,0.004055,10.231689,14318,1.301807,9.451210021972656,29,0.358025,0.08330619,0.08330619,0.00000000,0.08330619,0.08330619,0.00000000,1.606571,1.744239,-0.085691,0.070449,0.075724,-0.074870,0.865811,0.865742,-0.000069,0.02900276,1.67594979,0.938206
xamn6,XAM-N-6,159,225.000,230.000,20085,300,78,0.557143,15.600000,13.657391,16.551201,0.227623,0.623471,1.352623,5.428334,0.004055,9.918610,14468,1.352623,8.9827299118042,28,0.358974,0.08252035,0.08252035,0.00000000,0.08252035,0.08252035,0.00000000,1.597859,1.713617,-0.072446,0.068694,0.073844,-0.074973,0.867012,0.865988,-0.001025,0.02774465,1.62579765,0.944212
xamn6,XAM-N-6,160,226.000,231.000,20168,300,80,0.571429,16.000000,14.190930,16.485228,0.236516,0.639794,1.361091,5.145770,0.004055,9.589664,14674,1.361091,8.697021484375,26,0.325000,0.08235233,0.08235233,0.00000000,0.08235233,0.08235233,0.00000000,1.587862,1.681079,-0.058706,0.066546,0.071916,-0.080701,0.870623,0.867629,-0.002993,0.02622882,1.61349070,0.945513
xamn6,XAM-N-6,161,227.000,232.000,20163,300,79,0.564286,15.800000,14.819042,16.696085,0.246984,0.607543,1.139857,4.907599,0.004055,9.416408,14767,1.139857,8.3207368850708,21,0.265823,0.08181188,0.08181189,-0.00000010,0.08181188,0.08181188,0.00000000,1.594406,1.673660,-0.049708,0.066201,0.071087,-0.073811,0.872442,0.869254,-0.003188,0.02664218,1.60603206,0.950119
xamn6,XAM-N-6,162,228.000,233.000,20275,300,79,0.564286,15.800000,15.588645,16.807751,0.259811,0.643709,1.268176,4.601490,0.002768,9.254085,15017,1.268176,7.918425559997559,10,0.126582,0.08185922,0.08185922,0.00000000,0.08185922,0.08185922,0.00000000,1.608039,1.679556,-0.044474,0.067428,0.071585,-0.061645,0.872168,0.869686,-0.002482,0.02623906,1.62404073,0.952348
xamn6,XAM-N-6,163,229.000,234.000,20203,300,78,0.557143,15.600000,16.203253,16.805420,0.270054,0.672535,1.335232,4.386341,0.002768,8.903964,15247,1.335232,7.573657989501953,12,0.153846,0.08144932,0.08144932,0.00000000,0.08144932,0.08144931,0.00000020,1.616493,1.683166,-0.041246,0.068646,0.072283,-0.052983,0.870902,0.868796,-0.002107,0.02646857,1.61643778,0.960664
xamn6,XAM-N-6,164,230.000,235.000,20236,300,80,0.571429,16.000000,16.895391,16.784145,0.281590,0.686037,1.347410,4.084487,0.002768,9.080779,15432,1.347410,7.264579772949219,13,0.162500,0.08158658,0.08158659,-0.00000010,0.08158658,0.08158620,0.00000470,1.609261,1.668215,-0.036634,0.068492,0.071596,-0.045315,0.872892,0.871075,-0.001817,0.02715789,1.61306937,0.968578
xamn6,XAM-N-6,165,231.000,236.000,20154,300,79,0.564286,15.800000,17.543861,16.677380,0.292398,0.687475,1.346586,3.853132,0.002768,9.608606,15571,1.346586,6.9041218757629395,29,0.367089,0.08131494,0.08131494,0.00000000,0.08131494,0.08131419,0.00000924,1.598194,1.660117,-0.038746,0.067054,0.069104,-0.030576,0.877628,0.877504,-0.000123,0.02707481,1.58753195,0.973943
xamn6,XAM-N-6,166,232.000,237.000,20011,300,79,0.564286,15.800000,18.030798,16.347486,0.300513,0.652989,1.255409,3.591320,0.002768,9.879132,15616,1.255409,6.551609992980957,45,0.569620,0.08074304,0.08074304,0.00000000,0.08074304,0.08074130,0.00002157,1.591775,1.645045,-0.033466,0.067812,0.068999,-0.017513,0.875430,0.876324,0.000894,0.02626005,1.55972007,0.977198
xamn6,XAM-N-6,167,233.000,238.000,19661,300,80,0.571429,16.000000,18.376106,15.951688,0.306268,0.673727,1.313806,3.371217,0.002788,10.228970,15521,1.313806,6.2685418128967285,45,0.562500,0.07941721,0.07941721,0.00000000,0.07941721,0.07941420,0.00003783,1.585270,1.637964,-0.033239,0.067607,0.068487,-0.013021,0.875420,0.876498,0.001078,0.02531080,1.51850587,0.980614
xamn6,XAM-N-6,168,234.000,239.000,19191,300,75,0.535714,15.000000,18.673035,15.526218,0.311217,0.704669,1.364784,3.171517,0.000002,10.453720,15341,1.364784,5.757689952850342,47,0.626667,0.07759485,0.07759485,0.00000000,0.07759485,0.07759163,0.00004150,1.579907,1.633214,-0.033740,0.067811,0.068481,-0.009885,0.874255,0.875443,0.001188,0.02377725,1.48082061,0.984923
xamn6,XAM-N-6,169,235.000,240.000,18664,300,75,0.535714,15.000000,18.872061,15.120219,0.314534,0.720306,1.367301,2.966223,0.000002,10.451097,15047,1.367301,5.437093257904053,52,0.693333,0.07554653,0.07554652,0.00000011,0.07554653,0.07554123,0.00007012,1.588191,1.648146,-0.037750,0.068073,0.068914,-0.012346,0.874202,0.875275,0.001073,0.02258305,1.43853745,0.988017
xamn6,XAM-N-6,170,236.000,241.000,18257,300,75,0.535714,15.000000,19.072817,14.608510,0.317880,0.760559,1.480474,2.825200,0.000002,10.485810,14753,1.480474,5.20409631729126,34,0.453333,0.07394256,0.07394256,0.00000011,0.07394256,0.07393394,0.00011671,1.605247,1.665827,-0.037738,0.071010,0.072286,-0.017973,0.867412,0.867556,0.000144,0.02230918,1.41168434,0.991447
xamn6,XAM-N-6,171,237.000,242.000,17877,300,71,0.507143,14.200000,19.184256,14.087997,0.319738,0.826241,1.677059,2.838757,0.000002,10.719784,14627,1.677059,4.997653961181641,19,0.267606,0.07247159,0.07247159,0.00000000,0.07247159,0.07246110,0.00014477,1.606813,1.669967,-0.039304,0.070334,0.071777,-0.020514,0.869722,0.869450,-0.000272,0.02185751,1.36368649,0.995167
xamn6,XAM-N-6,172,238.000,243.000,17639,300,73,0.521429,14.600000,19.490993,13.826544,0.324850,0.789623,1.589481,2.785530,0.000002,11.296956,14431,1.589481,4.9608988761901855,33,0.452055,0.07164893,0.07164893,0.00000000,0.07164893,0.07163637,0.00017531,1.597596,1.658087,-0.037864,0.069071,0.070501,-0.020708,0.871058,0.870577,-0.000481,0.02094301,1.33499228,0.998087
xamn6,XAM-N-6,173,239.000,244.000,17454,300,70,0.500000,14.000000,19.846394,13.650522,0.330773,0.798113,1.650303,2.661731,0.279436,11.890434,14171,1.650303,4.64937686920166,32,0.457143,0.07094468,0.07094468,0.00000000,0.07094468,0.07092695,0.00024992,1.614472,1.670620,-0.034778,0.071335,0.072604,-0.017800,0.866893,0.866444,-0.000449,0.02060135,1.31820624,0.998943
xamn6,XAM-N-6,174,240.000,245.000,17450,300,73,0.521429,14.600000,20.298365,13.478908,0.338306,0.771607,1.625080,2.585249,0.171376,12.211714,14161,1.625080,4.639615058898926,34,0.465753,0.07085729,0.07085729,-0.00000011,0.07085729,0.07079178,0.00092447,1.602235,1.649628,-0.029579,0.071033,0.072013,-0.013801,0.866495,0.866154,-0.000342,0.01962609,1.31715592,0.998994
xamn6,XAM-N-6,175,241.000,246.000,17373,300,73,0.521429,14.600000,20.568815,13.568913,0.342814,0.728882,1.509366,2.478720,0.012521,12.090351,14149,1.509366,4.484929084777832,33,0.452055,0.07054630,0.07054630,0.00000000,0.07054630,0.07041944,0.00179820,1.599321,1.636620,-0.023322,0.070071,0.070568,-0.007091,0.869264,0.869399,0.000135,0.01925351,1.29634097,0.998498
xamn6,XAM-N-6,176,242.000,247.000,17390,300,69,0.492857,13.800000,20.974527,13.977915,0.349575,0.707173,1.446831,2.368183,0.012521,11.989024,14128,1.446831,4.17675256729126,32,0.463768,0.07076495,0.07076495,0.00000000,0.07076495,0.07057617,0.00266762,1.643761,1.675561,-0.019346,0.075344,0.075365,-0.000273,0.858776,0.859604,0.000828,0.01905702,1.30407140,0.997179
xamn6,XAM-N-6,177,243.000,248.000,17316,300,69,0.492857,13.800000,21.152199,14.361567,0.352537,0.764838,1.663043,2.265100,0.000048,11.507900,14013,1.663043,4.03466272354126,19,0.275362,0.07048329,0.07048329,0.00000000,0.07048329,0.07023036,0.00358839,1.659679,1.682317,-0.013640,0.075325,0.074919,0.005385,0.860534,0.861679,0.001144,0.01849828,1.30147393,0.996024
xamn6,XAM-N-6,178,244.000,249.000,17375,300,67,0.478571,13.400000,21.249832,14.785783,0.354164,0.768799,1.700647,2.244421,0.000025,11.362107,13988,1.700647,3.928924322128296,23,0.343284,0.07065532,0.07065532,0.00000000,0.07065532,0.07033990,0.00446425,1.660604,1.677468,-0.010155,0.074543,0.073910,0.008500,0.862192,0.863455,0.001263,0.01872663,1.30610463,0.994483
xamn6,XAM-N-6,179,245.000,250.000,17373,300,70,0.500000,14.000000,21.339275,15.373233,0.355655,0.766566,1.708770,2.267946,0.000025,11.534259,13986,1.708770,4.0631608963012695,21,0.300000,0.07060783,0.07060783,0.00000011,0.07060783,0.07027629,0.00469551,1.669315,1.688137,-0.011275,0.075732,0.075273,0.006056,0.858983,0.860174,0.001191,0.01887257,1.31882024,0.994250
xamn6,XAM-N-6,180,246.000,251.000,17428,300,71,0.507143,14.200000,21.366306,15.788066,0.356105,0.761623,1.706190,2.312344,0.000025,11.932580,14014,1.706190,4.166414260864258,21,0.295775,0.07106521,0.07106521,0.00000000,0.07106521,0.07073204,0.00468833,1.656243,1.676268,-0.012091,0.074485,0.074063,0.005661,0.860443,0.861572,0.001129,0.01873490,1.32978884,0.995249
xamn6,XAM-N-6,181,247.000,252.000,17594,300,72,0.514286,14.400000,21.370462,16.121113,0.356174,0.697539,1.543051,2.328547,0.000025,12.233196,14087,1.543051,4.266351222991943,20,0.277778,0.07222392,0.07222392,0.00000000,0.07222392,0.07188799,0.00465129,1.598670,1.627771,-0.018203,0.068126,0.068289,-0.002403,0.872581,0.872688,0.000107,0.01866853,1.34120855,0.995498
xamn6,XAM-N-6,182,248.000,253.000,17773,300,72,0.514286,14.400000,21.391735,16.522617,0.356529,0.635437,1.312070,2.378515,0.000025,12.587713,14220,1.312070,4.366305351257324,18,0.250000,0.07346851,0.07346851,0.00000000,0.07346851,0.07313420,0.00455041,1.571091,1.605750,-0.022061,0.067002,0.067465,-0.006921,0.874115,0.873783,-0.000332,0.01818728,1.35560401,0.995443
xamn6,XAM-N-6,183,249.000,254.000,17972,300,72,0.514286,14.400000,21.400030,16.933619,0.356667,0.612961,1.299728,2.417019,0.000030,12.646077,14416,1.299728,4.4609270095825195,13,0.180556,0.07487794,0.07487795,-0.00000011,0.07487794,0.07454952,0.00438611,1.536891,1.581071,-0.028746,0.063864,0.064875,-0.015837,0.880113,0.879040,-0.001074,0.01944699,1.38119917,0.994667
xamn6,XAM-N-6,184,250.000,255.000,18038,300,72,0.514286,14.400000,21.201468,17.244812,0.353358,0.632180,1.434246,2.475712,0.000030,12.483076,14440,1.434246,4.576899528503418,10,0.138889,0.07577576,0.07577576,-0.00000011,0.07577576,0.07546988,0.00403657,1.524559,1.575396,-0.033345,0.062131,0.063609,-0.023786,0.883549,0.882169,-0.001380,0.01949621,1.36876926,0.994038
xamn6,XAM-N-6,185,251.000,256.000,18173,300,75,0.535714,15.000000,21.123964,17.771587,0.352066,0.620107,1.412595,2.563351,0.000030,12.104857,14568,1.412595,4.828378677368164,10,0.133333,0.07653478,0.07653479,-0.00000021,0.07653478,0.07627052,0.00345270,1.535300,1.600341,-0.042364,0.063455,0.065446,-0.031380,0.881676,0.880111,-0.001565,0.02184654,1.38169067,0.991853
xamn6,XAM-N-6,186,252.000,257.000,18212,300,74,0.528571,14.800000,20.757761,18.216309,0.345963,0.630730,1.441336,2.685770,0.000030,11.681096,14589,1.441336,4.9548845291137695,8,0.108108,0.07646192,0.07646194,-0.00000021,0.07646192,0.07625297,0.00273273,1.573578,1.649242,-0.048084,0.068618,0.071230,-0.038062,0.870355,0.868370,-0.001985,0.02188159,1.38439135,0.990611
xamn6,XAM-N-6,187,253.000,258.000,18205,300,73,0.521429,14.600000,20.024260,18.471315,0.333738,0.603547,1.380960,2.907022,0.000196,11.100694,14516,1.380960,5.222911834716797,7,0.095890,0.07641320,0.07641322,-0.00000021,0.07641320,0.07626441,0.00194718,1.610766,1.707608,-0.060121,0.072216,0.076235,-0.055646,0.862772,0.859716,-0.003056,0.02060203,1.37534307,0.983290
xamn6,XAM-N-6,188,254.000,259.000,18429,300,74,0.528571,14.800000,19.398529,18.704964,0.323309,0.540418,1.170055,3.256778,0.000196,11.061383,14577,1.170055,5.7449445724487305,14,0.189189,0.07750079,0.07750081,-0.00000021,0.07750079,0.07740225,0.00127145,1.645504,1.754192,-0.066051,0.076579,0.081421,-0.063227,0.852938,0.849428,-0.003509,0.02219852,1.36383884,0.974605
xamn6,XAM-N-6,189,255.000,260.000,18738,300,74,0.528571,14.800000,18.852463,18.832472,0.314208,0.473631,0.906811,3.561952,0.000196,11.077862,14586,0.906811,6.183618545532227,14,0.189189,0.07892052,0.07892053,-0.00000010,0.07892052,0.07886572,0.00069435,1.653858,1.773829,-0.072540,0.078758,0.084273,-0.070023,0.847932,0.843884,-0.004048,0.02347241,1.39601179,0.968540
xamn6,XAM-N-6,190,256.000,261.000,18968,300,79,0.564286,15.800000,18.173548,18.734386,0.302892,0.473227,0.969164,3.844184,0.000196,11.269073,14570,0.969164,6.796156406402588,18,0.227848,0.08014165,0.08014165,0.00000000,0.08014165,0.08009895,0.00053282,1.646141,1.773988,-0.077665,0.078869,0.084903,-0.076505,0.846670,0.842332,-0.004338,0.02550460,1.42745543,0.960143
xamn6,XAM-N-6,191,257.000,262.000,19192,300,77,0.550000,15.400000,17.564829,18.563059,0.292747,0.497476,1.152183,4.109163,0.004299,11.297401,14565,1.152183,7.110562324523926,23,0.298701,0.08143688,0.08143688,0.00000000,0.08143688,0.08139377,0.00052935,1.613589,1.756774,-0.088737,0.074641,0.081635,-0.093706,0.855715,0.850913,-0.004803,0.02578280,1.44865554,0.955591
xamn6,XAM-N-6,192,258.000,263.000,19601,300,78,0.557143,15.600000,17.254547,18.373215,0.287576,0.481133,1.113017,4.353430,0.004299,11.569344,14689,1.113017,7.514490127563477,28,0.358974,0.08325335,0.08325336,-0.00000010,0.08325335,0.08321368,0.00047643,1.584562,1.734095,-0.094369,0.071983,0.079423,-0.103355,0.860307,0.855174,-0.005133,0.02468458,1.48419642,0.951857
xamn6,XAM-N-6,193,259.000,264.000,19766,300,78,0.557143,15.600000,16.742960,18.058559,0.279049,0.505565,1.229497,4.487572,0.010152,11.259089,14587,1.229497,7.703246593475342,25,0.320513,0.08316410,0.08316411,-0.00000010,0.08316410,0.08313424,0.00035915,1.563139,1.727765,-0.105318,0.069568,0.077885,-0.119554,0.864976,0.859149,-0.005827,0.02568311,1.51130141,0.948252
xamn6,XAM-N-6,194,260.000,265.000,20028,300,82,0.585714,16.400000,16.153641,17.716536,0.269227,0.532526,1.293192,4.619203,0.005471,10.774592,14795,1.293192,8.0673189163208,27,0.329268,0.08347000,0.08346999,0.00000010,0.08347000,0.08343719,0.00039316,1.555123,1.719193,-0.105503,0.067551,0.076777,-0.136580,0.869989,0.862220,-0.007769,0.02376137,1.52822293,0.943379
xamn6,XAM-N-6,195,261.000,266.000,20261,300,78,0.557143,15.600000,15.685157,17.446568,0.261419,0.551798,1.332666,4.803405,0.005471,10.292882,14990,1.332666,8.16187858581543,30,0.384615,0.08368142,0.08368142,0.00000000,0.08368142,0.08366093,0.00024483,1.550269,1.718227,-0.108341,0.066542,0.076758,-0.153529,0.871317,0.861900,-0.009417,0.02328126,1.52744152,0.940477
xamn6,XAM-N-6,196,262.000,267.000,20544,300,79,0.564286,15.800000,15.379791,17.309050,0.256330,0.549789,1.263781,4.920009,0.004215,10.179548,15191,1.263781,8.371716499328613,26,0.329114,0.08408726,0.08408727,-0.00000010,0.08408726,0.08407930,0.00009474,1.570045,1.729556,-0.101597,0.067688,0.077549,-0.145683,0.869406,0.859839,-0.009567,0.02233169,1.53190416,0.937836
xamn6,XAM-N-6,197,263.000,268.000,20808,300,79,0.564286,15.800000,14.991487,17.139217,0.249858,0.590212,1.378823,4.985877,0.004215,10.062181,15290,1.378823,8.48802375793457,30,0.379747,0.08437180,0.08437180,0.00000000,0.08437180,0.08436606,0.00006809,1.580306,1.722799,-0.090168,0.067925,0.076954,-0.132913,0.869457,0.860041,-0.009416,0.02417019,1.55082827,0.937587
xamn6,XAM-N-6,198,264.000,269.000,21170,300,82,0.585714,16.400000,14.748199,17.002104,0.245803,0.588710,1.305679,5.070723,0.004215,10.241851,15586,1.305679,8.776668548583984,25,0.304878,0.08587909,0.08587909,0.00000000,0.08587909,0.08587531,0.00004401,1.600283,1.714454,-0.071344,0.068824,0.076138,-0.106277,0.869083,0.860815,-0.008268,0.02402575,1.57835064,0.940503
xamn6,XAM-N-6,199,265.000,270.000,21317,300,83,0.592857,16.600000,14.392074,16.786161,0.239868,0.590408,1.309404,5.092588,0.000002,10.416759,15366,1.309404,8.89910888671875,21,0.253012,0.08665495,0.08665495,0.00000000,0.08665495,0.08665412,0.00000959,1.604822,1.706338,-0.063256,0.068526,0.073869,-0.077981,0.870496,0.864886,-0.005611,0.02431594,1.62749240,0.936607
xamn6,XAM-N-6,200,266.000,271.000,21479,300,87,0.621429,17.400000,14.031918,16.513559,0.233865,0.604450,1.312453,5.085543,0.000002,10.503078,15079,1.312453,9.109406471252441,18,0.206897,0.08747482,0.08747482,0.00000000,0.08747482,0.08747463,0.00000219,1.620373,1.703571,-0.051345,0.068455,0.071657,-0.046772,0.872958,0.869821,-0.003137,0.02615699,1.67664775,0.933670
xamn6,XAM-N-6,201,267.000,272.000,21821,300,88,0.628571,17.600000,13.872068,16.297667,0.231201,0.627537,1.402286,5.021909,0.000002,10.314252,15077,1.402286,9.144282341003418,24,0.272727,0.08889183,0.08889183,0.00000000,0.08889183,0.08889180,0.00000036,1.615095,1.683103,-0.042108,0.068091,0.069207,-0.016400,0.873879,0.873475,-0.000404,0.02673446,1.70510989,0.930049
xamn6,XAM-N-6,202,268.000,273.000,21983,300,88,0.628571,17.600000,13.799666,16.205538,0.229994,0.574698,1.241943,4.916405,0.000002,9.933867,15142,1.241943,9.03915786743164,21,0.238636,0.08904760,0.08904760,0.00000000,0.08904760,0.08904760,0.00000000,1.605832,1.668517,-0.039036,0.067556,0.067158,0.005889,0.875734,0.877852,0.002119,0.02644875,1.70356463,0.930994
xamn6,XAM-N-6,203,269.000,274.000,22177,300,90,0.642857,18.000000,13.864239,16.235418,0.231071,0.570488,1.294843,4.768339,0.000002,9.437924,15256,1.294843,8.954761505126953,23,0.255556,0.08922357,0.08922357,0.00000000,0.08922357,0.08922357,0.00000000,1.587095,1.649276,-0.039179,0.066318,0.064789,0.023053,0.877959,0.882673,0.004714,0.02757500,1.70486269,0.929853
xamn6,XAM-N-6,204,270.000,275.000,22630,300,87,0.621429,17.400000,14.297349,16.457806,0.238289,0.583678,1.336608,4.724830,0.000019,9.260386,15879,1.336608,8.794293403625488,26,0.298851,0.09035760,0.09035760,0.00000000,0.09035760,0.09035760,0.00000000,1.589792,1.652276,-0.039303,0.067605,0.065191,0.035695,0.874935,0.881771,0.006836,0.03043773,1.74061471,0.936606
xamn6,XAM-N-6,205,271.000,276.000,22956,300,87,0.621429,17.400000,14.707976,16.702566,0.245133,0.551021,1.271448,4.651494,0.016249,9.196065,16261,1.271448,8.700224876403809,26,0.298851,0.09094218,0.09094218,0.00000000,0.09094218,0.09094218,0.00000000,1.578542,1.642926,-0.040787,0.067984,0.064799,0.046850,0.872597,0.881320,0.008723,0.02821174,1.78753584,0.942211
xamn6,XAM-N-6,206,272.000,277.000,22975,300,88,0.628571,17.600000,14.886118,16.731155,0.248102,0.508656,1.106026,4.618400,0.006793,9.116025,16336,1.106026,8.667993545532227,40,0.454545,0.09040662,0.09040661,0.00000009,0.09040662,0.09040662,0.00000000,1.575103,1.641175,-0.041948,0.067745,0.064297,0.050904,0.872948,0.882563,0.009615,0.02733162,1.80871555,0.947312
xamn6,XAM-N-6,207,273.000,278.000,22967,300,84,0.600000,16.800000,15.035410,16.686190,0.250590,0.514457,1.115059,4.482706,0.006793,9.176508,16353,1.115059,8.347675323486328,48,0.571429,0.09040799,0.09040798,0.00000009,0.09040799,0.09040799,0.00000000,1.579571,1.654287,-0.047301,0.068122,0.064551,0.052416,0.871811,0.882158,0.010347,0.02655813,1.84159768,0.948842
xamn6,XAM-N-6,208,274.000,279.000,22750,300,87,0.621429,17.400000,15.133209,16.562859,0.252220,0.498520,0.988801,4.355717,0.006793,9.470233,16288,0.988801,8.28788948059082,48,0.551724,0.08963398,0.08963397,0.00000009,0.08963398,0.08963398,0.00000000,1.586022,1.665846,-0.050330,0.068775,0.065915,0.041581,0.869850,0.879041,0.009191,0.02760094,1.81582760,0.952132
xamn6,XAM-N-6,209,275.000,280.000,22310,300,87,0.621429,17.400000,15.023473,16.349392,0.250391,0.469535,0.835064,4.202689,0.006793,9.692417,16065,0.835064,8.068400382995605,48,0.551724,0.08804688,0.08804686,0.00000018,0.08804688,0.08804688,0.00000000,1.585388,1.666741,-0.051315,0.068429,0.066223,0.032237,0.869910,0.877769,0.007859,0.02896324,1.77463477,0.951551
xamn6,XAM-N-6,210,276.000,281.000,21895,300,84,0.600000,16.800000,14.894415,16.011164,0.248240,0.514296,1.105408,4.114144,0.000011,9.630782,16042,1.105408,7.810742378234863,43,0.511905,0.08664072,0.08664070,0.00000028,0.08664072,0.08664072,0.00000000,1.588902,1.668783,-0.050275,0.068426,0.067216,0.017677,0.870627,0.876776,0.006149,0.02848232,1.71380506,0.953592
xamn6,XAM-N-6,211,277.000,282.000,21690,300,88,0.628571,17.600000,15.141875,15.921537,0.252365,0.612439,1.478279,4.025752,0.000011,10.089184,16342,1.478279,7.835384368896484,43,0.488636,0.08626637,0.08626636,0.00000009,0.08626637,0.08626637,0.00000000,1.584371,1.659935,-0.047694,0.068212,0.068028,0.002700,0.870839,0.875198,0.004359,0.02637395,1.64481528,0.956100
xamn6,XAM-N-6,212,278.000,283.000,21488,300,82,0.585714,16.400000,15.479471,15.921044,0.257991,0.681799,1.625752,3.959077,0.000011,10.553228,16583,1.625752,7.4824066162109375,32,0.390244,0.08587218,0.08587218,0.00000009,0.08587218,0.08587218,0.00000000,1.575112,1.645244,-0.044525,0.068482,0.069430,-0.013844,0.868921,0.871215,0.002294,0.02787848,1.59052060,0.961509
xamn6,XAM-N-6,213,279.000,284.000,21446,300,85,0.607143,17.000000,15.800891,15.907170,0.263348,0.688698,1.665624,3.892981,0.000011,10.530041,16866,1.665624,7.505551815032959,31,0.364706,0.08601752,0.08601752,0.00000000,0.08601752,0.08601752,0.00000000,1.570596,1.638860,-0.043464,0.068865,0.070100,-0.017937,0.867691,0.869607,0.001917,0.02712683,1.56671940,0.968379
xamn6,XAM-N-6,214,280.000,285.000,21374,300,84,0.600000,16.800000,16.155464,15.897474,0.269258,0.713548,1.761361,3.821974,0.000011,10.376278,16975,1.761361,7.35571813583374,30,0.357143,0.08596431,0.08596431,0.00000000,0.08596431,0.08596431,0.00000000,1.571910,1.637644,-0.041818,0.069235,0.071093,-0.026840,0.866411,0.866908,0.000497,0.02648332,1.54302555,0.976125
xamn6,XAM-N-6,215,281.000,286.000,21368,300,85,0.607143,17.000000,16.581331,16.114429,0.276356,0.677044,1.639319,3.692287,0.000053,10.436422,16967,1.639319,7.2248921394348145,32,0.376471,0.08621725,0.08621725,0.00000000,0.08621725,0.08621725,0.00000000,1.584144,1.650131,-0.041654,0.071407,0.073481,-0.029037,0.861577,0.861335,-0.000242,0.02754202,1.55281753,0.982668
xamn6,XAM-N-6,216,282.000,287.000,21250,300,85,0.607143,17.000000,16.558659,16.189520,0.275978,0.594715,1.371905,3.656854,0.000053,10.296922,16620,1.371905,7.182333469390869,14,0.164706,0.08607820,0.08607820,0.00000000,0.08607820,0.08607820,0.00000000,1.596471,1.662071,-0.041091,0.072999,0.075158,-0.029566,0.858784,0.857701,-0.001083,0.02800902,1.55225467,0.985791
xamn6,XAM-N-6,217,283.000,288.000,21273,300,87,0.621429,17.400000,16.561876,16.322685,0.276031,0.600302,1.463603,3.676031,0.025155,10.342263,16562,1.463603,7.310760021209717,11,0.126437,0.08685134,0.08685134,0.00000000,0.08685134,0.08685134,0.00000000,1.612843,1.671038,-0.036083,0.074448,0.076516,-0.027778,0.857386,0.855526,-0.001859,0.02944858,1.55178314,0.987837
xamn6,XAM-N-6,218,284.000,289.000,21198,300,85,0.607143,17.000000,16.518669,16.433697,0.275311,0.676526,1.690141,3.651749,0.025155,10.603497,16420,1.690141,7.221430778503418,17,0.200000,0.08719172,0.08719171,0.00000009,0.08719172,0.08719172,0.00000000,1.618407,1.670441,-0.032151,0.074393,0.076394,-0.026894,0.858610,0.855916,-0.002695,0.03161499,1.55222650,0.988367
xamn6,XAM-N-6,219,285.000,290.000,21209,300,87,0.621429,17.400000,16.497585,16.597874,0.274960,0.709779,1.804870,3.756504,0.025155,10.951549,16465,1.804870,7.444511890411377,18,0.206897,0.08790352,0.08790352,0.00000000,0.08790352,0.08790352,0.00000000,1.625866,1.671649,-0.028159,0.075483,0.076986,-0.019918,0.857380,0.855339,-0.002042,0.03074008,1.57827713,0.989497
xamn6,XAM-N-6,220,286.000,291.000,21391,300,89,0.635714,17.800000,16.660599,16.710785,0.277677,0.738020,1.849420,3.853843,0.025155,11.116241,16747,1.849420,7.694794178009033,25,0.280899,0.08998406,0.08998406,0.00000000,0.08998406,0.08998404,0.00000018,1.637792,1.678089,-0.024605,0.077223,0.078644,-0.018401,0.853891,0.851499,-0.002392,0.03095840,1.59766618,0.989187
xamn6,XAM-N-6,221,287.000,292.000,21466,300,87,0.621429,17.400000,16.926291,16.798149,0.282105,0.752975,1.852319,3.860851,0.025155,11.097933,16917,1.852319,7.653775215148926,29,0.333333,0.09138793,0.09138792,0.00000009,0.09138793,0.09138792,0.00000017,1.641386,1.675720,-0.020917,0.078252,0.079508,-0.016048,0.850257,0.848322,-0.001934,0.03027765,1.61357464,0.989434
xamn6,XAM-N-6,222,288.000,293.000,21558,300,90,0.642857,18.000000,17.309956,16.826567,0.288499,0.715328,1.728779,3.756612,0.026931,10.969884,16981,1.728779,7.661520957946777,40,0.444444,0.09239744,0.09239744,0.00000000,0.09239744,0.09239743,0.00000017,1.636794,1.667594,-0.018818,0.075903,0.076759,-0.011282,0.855038,0.853832,-0.001205,0.02797521,1.63536156,0.988060
xamn6,XAM-N-6,223,289.000,294.000,21554,300,86,0.614286,17.200000,17.725204,16.803324,0.295420,0.639639,1.456927,3.706766,0.000259,10.872693,16996,1.456927,7.434630870819092,32,0.372093,0.09295184,0.09295184,0.00000000,0.09295184,0.09295182,0.00000017,1.640252,1.670780,-0.018612,0.075242,0.075894,-0.008656,0.856660,0.856207,-0.000452,0.02698973,1.64981668,0.987306
xamn6,XAM-N-6,224,290.000,295.000,21525,300,83,0.592857,16.600000,18.319715,16.721285,0.305329,0.614563,1.235703,3.504069,0.000259,10.833582,17018,1.235703,7.058555603027344,28,0.337349,0.09339955,0.09339956,-0.00000009,0.09339955,0.09339953,0.00000017,1.671638,1.699466,-0.016647,0.077733,0.078165,-0.005553,0.852477,0.852732,0.000255,0.02638883,1.65202057,0.987227
xamn6,XAM-N-6,225,291.000,296.000,21188,300,82,0.585714,16.400000,18.778828,16.453468,0.312980,0.593802,1.120346,3.288699,0.000259,10.943892,16851,1.120346,6.682950496673584,22,0.268293,0.09181551,0.09181550,0.00000009,0.09181551,0.09181551,0.00000000,1.683170,1.702992,-0.011777,0.077721,0.077701,0.000265,0.853463,0.854459,0.000996,0.02269367,1.61911938,0.988298
xamn6,XAM-N-6,226,292.000,297.000,20918,300,82,0.585714,16.400000,19.374804,16.137550,0.322913,0.627641,1.236033,3.062271,0.000259,11.042848,16871,1.236033,6.33543062210083,20,0.243902,0.09056779,0.09056779,0.00000000,0.09056779,0.09056779,0.00000000,1.711684,1.729802,-0.010585,0.078994,0.078892,0.001299,0.853072,0.853950,0.000878,0.02339972,1.60057558,0.990255
xamn6,XAM-N-6,227,293.000,298.000,20516,300,82,0.585714,16.400000,19.799623,15.667999,0.329994,0.642893,1.210697,2.957247,0.000259,10.847099,16697,1.210697,6.10734224319458,17,0.207317,0.08852480,0.08852479,0.00000009,0.08852480,0.08852480,0.00000000,1.718025,1.734500,-0.009589,0.079019,0.078793,0.002862,0.853964,0.854978,0.001014,0.02387248,1.56977045,0.994122
xamn6,XAM-N-6,228,294.000,299.000,20263,300,82,0.585714,16.400000,20.239864,15.337877,0.337331,0.697323,1.323178,2.816039,0.041831,10.857468,16638,1.323178,5.853499889373779,19,0.231707,0.08690313,0.08690312,0.00000009,0.08690313,0.08690310,0.00000028,1.703400,1.716429,-0.007649,0.077387,0.077181,0.002663,0.856829,0.857380,0.000551,0.02407637,1.53951935,0.996469
xamn6,XAM-N-6,229,295.000,300.000,19984,300,81,0.578571,16.200000,20.725935,15.125895,0.345432,0.725442,1.415090,2.652781,0.184175,10.830289,16514,1.415090,5.525435924530029,20,0.246914,0.08510565,0.08510565,0.00000000,0.08510565,0.08510442,0.00001446,1.676491,1.691003,-0.008656,0.075337,0.075391,-0.000716,0.860180,0.859982,-0.000197,0.02441199,1.52915855,0.997838
xamn6,XAM-N-6,230,296.000,301.000,19722,300,80,0.571429,16.000000,21.225981,15.062273,0.353766,0.719336,1.408999,2.522439,0.184163,10.731380,16355,1.408999,5.217545032501221,20,0.250000,0.08290054,0.08290055,-0.00000010,0.08290054,0.08289792,0.00003161,1.644509,1.667072,-0.013721,0.072397,0.072827,-0.005938,0.864531,0.864046,-0.000485,0.02389790,1.55437504,0.998950
xamn6,XAM-N-6,231,297.000,302.000,19436,300,77,0.550000,15.400000,21.573891,15.014430,0.359565,0.707172,1.384109,2.469671,0.184163,10.851274,16164,1.384109,4.917494773864746,18,0.233766,0.08036416,0.08036416,0.00000010,0.08036416,0.08036154,0.00003261,1.613964,1.639844,-0.016035,0.069053,0.069619,-0.008200,0.871016,0.870375,-0.000641,0.02436954,1.57558844,0.999676
xamn6,XAM-N-6,232,298.000,303.000,19146,300,77,0.550000,15.400000,21.846775,15.105782,0.364113,0.693476,1.377532,2.413229,0.184163,11.229377,16031,1.377532,4.750405311584473,12,0.155844,0.07816960,0.07816960,0.00000000,0.07816960,0.07816698,0.00003343,1.613235,1.643529,-0.018778,0.071064,0.071735,-0.009441,0.865859,0.865272,-0.000587,0.02533843,1.59458777,0.999765
xamn6,XAM-N-6,233,299.000,304.000,18923,300,78,0.557143,15.600000,22.176723,15.224288,0.369612,0.695294,1.412843,2.375432,0.168645,11.535192,15895,1.412843,4.661034107208252,14,0.179487,0.07657999,0.07657999,0.00000000,0.07657999,0.07657739,0.00003391,1.606881,1.641759,-0.021705,0.072428,0.073348,-0.012697,0.862032,0.861332,-0.000700,0.02707542,1.61746600,1.000000
xamn6,XAM-N-6,234,300.000,305.000,18528,300,75,0.535714,15.000000,22.155035,15.205357,0.369251,0.643860,1.303197,2.429838,0.135494,12.021605,15515,1.303197,4.510011196136475,23,0.306667,0.07401943,0.07401943,0.00000000,0.07401943,0.07401805,0.00001868,1.561421,1.603951,-0.027238,0.067732,0.068907,-0.017351,0.869927,0.869015,-0.000912,0.02599389,1.61161254,1.000000
xamn6,XAM-N-6,235,301.000,306.000,18129,300,74,0.528571,14.800000,21.982185,15.064862,0.366370,0.687472,1.407957,2.446367,0.135494,12.354613,15116,1.407957,4.415781021118164,23,0.310811,0.07165825,0.07165825,0.00000000,0.07165825,0.07165825,0.00000000,1.544707,1.590546,-0.029674,0.066029,0.067173,-0.017330,0.873974,0.873207,-0.000767,0.02471121,1.60457061,1.000000
xamn6,XAM-N-6,236,302.000,307.000,17914,300,75,0.535714,15.000000,21.712685,14.809647,0.361878,0.649927,1.264757,2.444135,0.073026,12.446820,14901,1.264757,4.4178667068481445,23,0.306667,0.07011406,0.07011405,0.00000011,0.07011406,0.07011406,0.00000000,1.535447,1.584571,-0.031993,0.066791,0.067851,-0.015876,0.870920,0.870723,-0.000196,0.02397281,1.61189972,1.000000
xamn6,XAM-N-6,237,303.000,308.000,17846,300,75,0.535714,15.000000,21.549662,14.444715,0.359161,0.679261,1.349410,2.474025,0.052938,12.661712,14833,1.349410,4.427417278289795,22,0.293333,0.06911124,0.06911123,0.00000012,0.06911124,0.06911124,0.00000000,1.524095,1.572565,-0.031803,0.065843,0.066696,-0.012956,0.872926,0.873207,0.000282,0.02286168,1.62694017,1.000000
xamn6,XAM-N-6,238,304.000,309.000,17825,300,75,0.535714,15.000000,21.244837,13.840349,0.354081,0.729361,1.473694,2.455820,0.052938,12.813250,14825,1.473694,4.399205684661865,26,0.346667,0.06820709,0.06820708,0.00000012,0.06820709,0.06820709,0.00000000,1.522805,1.576886,-0.035514,0.064157,0.064803,-0.010063,0.877401,0.878151,0.000750,0.02265097,1.62453484,1.000000
xamn6,XAM-N-6,239,305.000,310.000,17914,300,74,0.528571,14.800000,20.965227,13.203473,0.349420,0.755475,1.490174,2.357793,0.052938,12.325862,14914,1.490174,4.270624160766602,21,0.283784,0.06809915,0.06809915,0.00000000,0.06809915,0.06809915,0.00000000,1.545272,1.597187,-0.033596,0.066596,0.066968,-0.005594,0.873708,0.874838,0.001131,0.02339863,1.62896524,1.000000
xamn6,XAM-N-6,240,306.000,311.000,17981,300,72,0.514286,14.400000,20.683550,12.646927,0.344726,0.745665,1.452157,2.310996,0.052938,12.041993,14977,1.452157,4.168366432189941,22,0.305556,0.06822474,0.06822474,0.00000000,0.06822474,0.06822474,0.00000000,1.547522,1.594906,-0.030619,0.066646,0.066941,-0.004421,0.873891,0.874992,0.001101,0.02350200,1.60637457,1.000000
xamn6,XAM-N-6,241,307.000,312.000,18044,300,74,0.528571,14.800000,20.559235,12.331914,0.342654,0.764317,1.515062,2.248252,0.052938,11.789042,15040,1.515062,4.19820499420166,21,0.283784,0.06850186,0.06850186,0.00000000,0.06850186,0.06850186,0.00000000,1.512137,1.557194,-0.029797,0.061819,0.062184,-0.005904,0.883433,0.884187,0.000754,0.02201210,1.59197862,1.000000
xamn6,XAM-N-6,242,308.000,313.000,18071,300,73,0.521429,14.600000,20.432009,12.194396,0.340533,0.766179,1.503185,2.163470,0.109676,11.273587,15067,1.503185,4.082895278930664,23,0.315068,0.06869983,0.06869984,-0.00000012,0.06869983,0.06869983,0.00000000,1.526424,1.570583,-0.028930,0.063857,0.064393,-0.008392,0.877967,0.878363,0.000396,0.02218382,1.56769298,1.000000
xamn6,XAM-N-6,243,309.000,314.000,18153,300,76,0.542857,15.200000,20.428856,12.342122,0.340481,0.701261,1.336428,2.121314,0.043816,10.741199,15149,1.336428,4.17287540435791,16,0.210526,0.06919603,0.06919603,0.00000000,0.06919603,0.06919603,0.00000000,1.514075,1.553407,-0.025978,0.062286,0.062925,-0.010260,0.881782,0.881848,0.000065,0.02260193,1.56465118,1.000000
xamn6,XAM-N-6,244,310.000,315.000,18327,300,73,0.521429,14.600000,20.627962,12.807675,0.343799,0.692010,1.343105,2.137875,0.043816,10.758106,15323,1.343105,4.088944435119629,14,0.191781,0.07006854,0.07006854,0.00000000,0.07006854,0.07006854,0.00000000,1.495116,1.533912,-0.025948,0.060166,0.060962,-0.013222,0.885044,0.884965,-0.000079,0.02320954,1.55370631,1.000000
xamn6,XAM-N-6,245,311.000,316.000,18670,300,76,0.542857,15.200000,21.086573,13.484854,0.351443,0.737712,1.493044,2.144108,0.043816,10.858479,15670,1.493044,4.229978084564209,13,0.171053,0.07153740,0.07153741,-0.00000011,0.07153740,0.07153740,0.00000000,1.500107,1.540653,-0.027029,0.061355,0.062341,-0.016070,0.881569,0.881274,-0.000294,0.02528049,1.57000435,1.000000
xamn6,XAM-N-6,246,312.000,317.000,19006,300,76,0.542857,15.200000,21.483330,14.119577,0.358055,0.748036,1.528278,2.147623,0.043816,10.946024,16006,1.528278,4.253872871398926,18,0.236842,0.07297118,0.07297118,0.00000000,0.07297118,0.07297118,0.00000000,1.529833,1.568663,-0.025382,0.065015,0.065720,-0.010845,0.875124,0.875182,0.000058,0.02705484,1.57962355,1.000000
xamn6,XAM-N-6,247,313.000,318.000,19227,300,77,0.550000,15.400000,21.698988,14.634345,0.361650,0.766396,1.625816,2.175720,0.043816,10.951450,16227,1.625816,4.341263771057129,16,0.207792,0.07391264,0.07391264,0.00000000,0.07391264,0.07391264,0.00000000,1.501950,1.537629,-0.023755,0.061226,0.061891,-0.010854,0.883382,0.883281,-0.000102,0.02711892,1.58373152,1.000000
xamn6,XAM-N-6,248,314.000,319.000,19253,300,77,0.550000,15.400000,21.690170,15.004390,0.361503,0.760708,1.624456,2.211997,0.098933,10.874067,16253,1.624456,4.3823628425598145,20,0.259740,0.07391612,0.07391612,0.00000000,0.07391612,0.07391612,0.00000000,1.506830,1.544331,-0.024887,0.062864,0.063776,-0.014501,0.878353,0.877975,-0.000378,0.02736145,1.57224744,1.000000
xamn6,XAM-N-6,249,315.000,320.000,19201,300,79,0.564286,15.800000,21.502047,15.249949,0.358367,0.773158,1.660703,2.297839,0.346670,10.943264,16201,1.660703,4.570610523223877,20,0.253165,0.07387777,0.07387777,0.00000000,0.07387777,0.07387777,0.00000000,1.516327,1.558565,-0.027855,0.063741,0.064612,-0.013664,0.877600,0.877567,-0.000033,0.02713642,1.57090919,0.999859
xamn6,XAM-N-6,250,316.000,321.000,19141,300,77,0.550000,15.400000,21.141527,15.397290,0.352359,0.734530,1.546259,2.391195,0.346670,11.046237,16139,1.546259,4.639071464538574,19,0.246753,0.07423692,0.07423692,0.00000011,0.07423692,0.07423692,0.00000000,1.509848,1.559950,-0.033183,0.062548,0.063232,-0.010937,0.880453,0.880968,0.000515,0.02709799,1.54961102,0.999600
xamn6,XAM-N-6,251,317.000,322.000,18924,300,78,0.557143,15.600000,20.844406,15.391967,0.347407,0.769990,1.600744,2.472777,0.079380,11.160189,15922,1.600744,4.784267902374268,15,0.192308,0.07397977,0.07397976,0.00000011,0.07397977,0.07397977,0.00000000,1.511837,1.568590,-0.037539,0.063482,0.064295,-0.012801,0.877946,0.878685,0.000739,0.02575864,1.51347346,0.999596
xamn6,XAM-N-6,252,318.000,323.000,18631,300,76,0.542857,15.200000,20.679480,15.339141,0.344658,0.747310,1.446497,2.563941,0.017174,11.500170,15629,1.446497,4.797110080718994,19,0.250000,0.07334987,0.07334987,0.00000011,0.07334987,0.07334987,0.00000000,1.533519,1.595674,-0.040531,0.066300,0.066933,-0.009551,0.872468,0.873862,0.001395,0.02505678,1.48182419,0.999589
xamn6,XAM-N-6,253,319.000,324.000,18337,300,73,0.521429,14.600000,20.657417,15.161563,0.344290,0.736714,1.378618,2.645062,0.017174,12.001314,15335,1.378618,4.751668453216553,14,0.191781,0.07283248,0.07283248,0.00000000,0.07283248,0.07283248,0.00000000,1.541310,1.600916,-0.038672,0.065970,0.066286,-0.004797,0.873993,0.875793,0.001800,0.02378170,1.44215482,0.999583
xamn6,XAM-N-6,254,320.000,325.000,17951,300,74,0.528571,14.800000,20.947388,14.949725,0.349123,0.723736,1.283137,2.645290,0.017174,12.425508,14949,1.283137,4.734837055206299,11,0.148649,0.07196975,0.07196975,0.00000000,0.07196975,0.07196975,0.00000000,1.540527,1.596624,-0.036414,0.065492,0.065857,-0.005576,0.875111,0.876495,0.001385,0.02456055,1.40363837,0.999724
xamn6,XAM-N-6,255,321.000,326.000,17637,300,75,0.535714,15.000000,21.527460,14.657117,0.358791,0.732541,1.306946,2.599284,0.017174,12.831362,14637,1.306946,4.647542953491211,10,0.133333,0.07124578,0.07124577,0.00000011,0.07124578,0.07124578,0.00000000,1.547315,1.594262,-0.030341,0.066320,0.066703,-0.005778,0.873983,0.875087,0.001104,0.02231283,1.36797030,1.000000
xamn6,XAM-N-6,256,322.000,327.000,17259,300,75,0.535714,15.000000,22.087294,14.416649,0.368122,0.704068,1.186881,2.520292,0.000001,13.033940,14257,1.186881,4.476848602294922,9,0.120000,0.07027498,0.07027498,0.00000000,0.07027498,0.07027498,0.00000000,1.541457,1.584970,-0.028229,0.066153,0.066750,-0.009014,0.873556,0.874097,0.000541,0.02169064,1.33611975,1.000000
xamn6,XAM-N-6,257,323.000,328.000,17000,300,72,0.514286,14.400000,22.840746,14.259245,0.380679,0.691887,1.176901,2.423030,0.000001,13.069146,13984,1.176901,4.1727471351623535,7,0.097222,0.06987234,0.06987234,0.00000000,0.06987234,0.06987234,0.00000000,1.515353,1.558412,-0.028415,0.062103,0.063097,-0.016010,0.881731,0.881496,-0.000235,0.02098259,1.32051779,1.000000
xamn6,XAM-N-6,258,324.000,329.000,16781,300,73,0.521429,14.600000,23.739080,14.168355,0.395651,0.694138,1.201350,2.337347,0.000001,13.274550,13705,1.201350,4.0352044105529785,9,0.123288,0.06969894,0.06969894,0.00000000,0.06969894,0.06969894,0.00000000,1.508134,1.555926,-0.031690,0.061669,0.062572,-0.014639,0.883095,0.883013,-0.000081,0.02186601,1.31441812,1.000000
xamn6,XAM-N-6,259,325.000,330.000,16884,300,75,0.535714,15.000000,24.725100,14.171268,0.412085,0.717287,1.297273,2.263328,0.000001,13.590970,13748,1.297273,3.9783406257629395,9,0.120000,0.07048778,0.07048778,-0.00000011,0.07048778,0.07048778,0.00000000,1.549455,1.596304,-0.030236,0.067931,0.068535,-0.008879,0.869587,0.869955,0.000368,0.02370131,1.33497572,1.000000
xamn6,XAM-N-6,260,326.000,331.000,16865,300,73,0.521429,14.600000,25.643646,14.186357,0.427394,0.679515,1.217896,2.159851,0.000001,13.413135,13669,1.217896,3.7138290405273438,11,0.150685,0.07065010,0.07065011,-0.00000011,0.07065010,0.07065010,0.00000000,1.544026,1.595849,-0.033564,0.066646,0.067244,-0.008976,0.872147,0.872545,0.000398,0.02452368,1.36167112,1.000000
xamn6,XAM-N-6,261,327.000,332.000,16871,300,72,0.514286,14.400000,26.385151,14.198809,0.439753,0.623397,1.058724,2.119614,0.003139,13.104220,13614,1.058724,3.5724682807922363,10,0.138889,0.07078079,0.07078079,-0.00000011,0.07078079,0.07078079,0.00000000,1.528540,1.584494,-0.036606,0.063262,0.063815,-0.008745,0.880023,0.880428,0.000405,0.02464984,1.38566402,1.000000
xamn6,XAM-N-6,262,328.000,333.000,17033,300,72,0.514286,14.400000,26.932125,14.148323,0.448869,0.604651,1.001028,2.060442,0.267293,12.873931,13730,1.001028,3.4784045219421387,7,0.097222,0.07125086,0.07125086,-0.00000011,0.07125086,0.07125086,0.00000000,1.543240,1.605237,-0.040173,0.065527,0.066031,-0.007690,0.875571,0.876084,0.000513,0.02380036,1.40544633,1.000000
xamn6,XAM-N-6,263,329.000,334.000,17104,300,72,0.514286,14.400000,27.461697,14.121775,0.457695,0.621726,1.086485,1.988833,0.024699,12.442884,13844,1.086485,3.345618486404419,6,0.083333,0.07101106,0.07101107,-0.00000011,0.07101106,0.07101106,0.00000000,1.562032,1.621901,-0.038328,0.068295,0.068775,-0.007024,0.869856,0.870424,0.000568,0.02412215,1.44456743,1.000000
xamn6,XAM-N-6,264,330.000,335.000,17099,300,73,0.521429,14.600000,27.895151,14.033182,0.464919,0.619090,1.106617,1.946385,0.000016,12.122141,13876,1.106617,3.281083583831787,7,0.095890,0.07046197,0.07046197,0.00000000,0.07046197,0.07046197,0.00000000,1.536757,1.597696,-0.039655,0.064862,0.065686,-0.012697,0.876660,0.876669,0.000008,0.02310294,1.47617425,1.000000
xamn6,XAM-N-6,265,331.000,336.000,17009,300,72,0.514286,14.400000,27.941401,13.797410,0.465690,0.644345,1.172517,1.929840,0.000016,12.128707,13846,1.172517,3.1807849407196045,6,0.083333,0.06942035,0.06942035,0.00000000,0.06942035,0.06942033,0.00000023,1.548533,1.604797,-0.036334,0.065872,0.066935,-0.016141,0.874446,0.874027,-0.000419,0.02058925,1.48583370,1.000000
xamn6,XAM-N-6,266,332.000,337.000,16930,300,69,0.492857,13.800000,28.187357,13.555509,0.469789,0.684610,1.325758,1.883204,0.000016,12.393717,13830,1.325758,2.955704689025879,8,0.115942,0.06848782,0.06848782,0.00000000,0.06848782,0.06848722,0.00000875,1.584111,1.632369,-0.030463,0.069407,0.070405,-0.014385,0.868455,0.867986,-0.000469,0.01957061,1.50557935,1.000000
xamn6,XAM-N-6,267,333.000,338.000,16775,300,73,0.521429,14.600000,28.409376,13.206527,0.473490,0.670595,1.331766,1.908937,0.000016,13.042014,13735,1.331766,3.084780693054199,8,0.109589,0.06746156,0.06746155,0.00000012,0.06746156,0.06746018,0.00002037,1.602325,1.639165,-0.022992,0.070934,0.071709,-0.010921,0.866529,0.866277,-0.000251,0.01832270,1.51582964,1.000000
xamn6,XAM-N-6,268,334.000,339.000,16503,300,71,0.507143,14.200000,28.484995,12.932748,0.474750,0.653945,1.304418,1.944376,0.000016,13.468398,13480,1.304418,2.9956583976745605,8,0.112676,0.06629439,0.06629440,-0.00000006,0.06629439,0.06629302,0.00002073,1.599891,1.632249,-0.020225,0.070538,0.071297,-0.010767,0.867320,0.866964,-0.000356,0.01738346,1.51497331,1.000000
xamn6,XAM-N-6,269,335.000,340.000,16153,300,73,0.521429,14.600000,28.272522,12.712660,0.471209,0.651047,1.290004,1.972561,0.099686,13.667984,13198,1.290004,3.068606376647949,8,0.109589,0.06481964,0.06481964,-0.00000006,0.06481964,0.06481826,0.00002120,1.602551,1.630904,-0.017693,0.070556,0.071150,-0.008426,0.867643,0.867384,-0.000259,0.01667939,1.47981860,1.000000
xamn6,XAM-N-6,270,336.000,341.000,15658,300,69,0.492857,13.800000,28.037348,12.617884,0.467289,0.641611,1.268267,2.033517,0.086528,13.880236,12763,1.268267,2.9278554916381836,8,0.115942,0.06291717,0.06291718,-0.00000013,0.06291717,0.06291582,0.00002146,1.590752,1.623196,-0.020395,0.070044,0.070543,-0.007114,0.868689,0.868659,-0.000030,0.01622770,1.44813214,1.000000
xamn6,XAM-N-6,271,337.000,342.000,15191,300,69,0.492857,13.800000,27.605679,12.461648,0.460095,0.644207,1.271555,2.119100,0.086528,14.111832,12294,1.271555,2.992811679840088,6,0.086957,0.06113621,0.06113621,0.00000000,0.06113621,0.06113543,0.00001268,1.573629,1.614838,-0.026187,0.069926,0.070574,-0.009271,0.867307,0.867231,-0.000076,0.01532913,1.40692320,1.000000
xamn6,XAM-N-6,272,338.000,343.000,14733,300,67,0.478571,13.400000,27.133537,12.366912,0.452226,0.690922,1.382837,2.136305,0.086528,13.867015,11800,1.382837,2.909470558166504,8,0.119403,0.05943073,0.05943073,0.00000000,0.05943073,0.05943073,0.00000000,1.554809,1.599606,-0.028812,0.067755,0.068515,-0.011224,0.870731,0.870469,-0.000262,0.01482955,1.36093225,1.000000
xamn6,XAM-N-6,273,339.000,344.000,14462,300,65,0.464286,13.000000,26.762922,12.211543,0.446049,0.772433,1.582484,2.089640,0.019232,13.612872,11487,1.582484,2.773235321044922,11,0.169231,0.05843750,0.05843749,0.00000014,0.05843750,0.05843750,0.00000000,1.573710,1.620799,-0.029922,0.070018,0.070789,-0.011014,0.866122,0.865990,-0.000132,0.01383131,1.31242466,1.000000
xamn6,XAM-N-6,274,340.000,345.000,14116,300,61,0.435714,12.200000,26.446276,12.096564,0.440771,0.793256,1.589910,2.044819,0.003493,13.409528,11092,1.589910,2.545384407043457,13,0.213115,0.05716338,0.05716338,0.00000000,0.05716338,0.05716338,0.00000000,1.565316,1.609663,-0.028331,0.068284,0.068969,-0.010024,0.870099,0.870066,-0.000033,0.01546409,1.27497069,1.000000
xamn6,XAM-N-6,275,341.000,346.000,14011,300,60,0.428571,12.000000,26.344105,12.012023,0.439068,0.825710,1.638729,2.024926,0.003493,13.513661,10911,1.638729,2.4806931018829346,13,0.216667,0.05684414,0.05684414,0.00000007,0.05684414,0.05684414,0.00000000,1.589822,1.628007,-0.024018,0.071361,0.072039,-0.009507,0.863871,0.863659,-0.000212,0.01593253,1.24519676,1.000000
xamn6,XAM-N-6,276,342.000,347.000,13963,300,61,0.435714,12.200000,26.499701,12.098376,0.441662,0.816510,1.552359,2.029847,0.003493,14.197859,10865,1.552359,2.51686429977417,13,0.213115,0.05696357,0.05696357,0.00000007,0.05696357,0.05696357,0.00000000,1.576953,1.607391,-0.019302,0.069294,0.069724,-0.006216,0.868327,0.868429,0.000101,0.01689502,1.24491198,1.000000
xamn6,XAM-N-6,277,343.000,348.000,13894,300,60,0.428571,12.000000,26.760605,12.316533,0.446010,0.852864,1.573017,2.008885,0.003493,14.429086,10809,1.573017,2.4316635131835938,14,0.233333,0.05694444,0.05694444,0.00000000,0.05694444,0.05694444,0.00000000,1.592990,1.624226,-0.019609,0.071646,0.072036,-0.005446,0.863480,0.863684,0.000204,0.01633451,1.24159639,1.000000
xamn6,XAM-N-6,278,344.000,349.000,13855,300,61,0.435714,12.200000,27.112368,12.517529,0.451873,0.809939,1.385719,2.022539,0.003493,14.818569,10757,1.385719,2.4615683555603027,16,0.262295,0.05707777,0.05707777,0.00000000,0.05707777,0.05707777,0.00000000,1.550198,1.580512,-0.019555,0.066493,0.067028,-0.008047,0.873644,0.873528,-0.000116,0.01441843,1.23356832,1.000000
xamn6,XAM-N-6,279,345.000,350.000,14027,300,62,0.442857,12.400000,28.036234,12.739613,0.467271,0.822881,1.411195,2.010015,0.003628,15.176072,10933,1.411195,2.4239015579223633,19,0.306452,0.05747116,0.05747116,0.00000000,0.05747116,0.05746635,0.00008370,1.556427,1.588080,-0.020337,0.068377,0.068937,-0.008196,0.869071,0.869015,-0.000056,0.01565493,1.26634862,1.000000
xamn6,XAM-N-6,280,346.000,351.000,14200,300,64,0.457143,12.800000,29.111712,12.940595,0.485195,0.805824,1.373657,1.971658,0.008937,15.372485,11122,1.373657,2.376500129699707,18,0.281250,0.05765253,0.05765254,-0.00000014,0.05765253,0.05764772,0.00008344,1.520352,1.554718,-0.022604,0.064080,0.064532,-0.007050,0.877233,0.877264,0.000031,0.01722598,1.31144804,1.000000
xamn6,XAM-N-6,281,347.000,352.000,14516,300,66,0.471429,13.200000,30.040287,12.933807,0.500671,0.817930,1.445181,1.914381,0.008937,15.101098,11438,1.445181,2.3365907669067383,22,0.333333,0.05826807,0.05826807,0.00000000,0.05826807,0.05826326,0.00008255,1.530242,1.564687,-0.022509,0.065250,0.065784,-0.008185,0.874963,0.874886,-0.000076,0.01726428,1.34248909,1.000000
xamn6,XAM-N-6,282,348.000,353.000,14822,300,65,0.464286,13.000000,31.037613,12.854597,0.517294,0.775087,1.387090,1.902536,0.035692,15.434278,11767,1.387090,2.226760149002075,24,0.369231,0.05897774,0.05897774,-0.00000007,0.05897774,0.05897293,0.00008156,1.513156,1.545338,-0.021268,0.062818,0.063307,-0.007782,0.879812,0.879765,-0.000046,0.01776203,1.39744940,1.000000
xamn6,XAM-N-6,283,349.000,354.000,14947,300,64,0.457143,12.800000,31.801937,12.845424,0.530032,0.771882,1.390933,1.890871,0.134248,15.484043,11947,1.390933,2.1121716499328613,21,0.328125,0.05902765,0.05902766,-0.00000007,0.05902765,0.05902284,0.00008149,1.518365,1.550947,-0.021458,0.063436,0.063826,-0.006157,0.878671,0.878720,0.000049,0.01560365,1.45733367,1.000000
xamn6,XAM-N-6,284,350.000,355.000,14852,300,64,0.457143,12.800000,31.913809,12.763858,0.531897,0.745714,1.346823,1.880005,0.000103,15.203820,11850,1.346823,2.076406240463257,16,0.250000,0.05863765,0.05863765,0.00000000,0.05863765,0.05863765,0.00000000,1.531713,1.563022,-0.020440,0.063664,0.063983,-0.005007,0.879582,0.879663,0.000081,0.01549436,1.46249307,1.000000
xamn6,XAM-N-6,285,351.000,356.000,14728,300,63,0.450000,12.600000,31.896442,12.773224,0.531607,0.758303,1.373731,1.890069,0.000103,15.059998,11720,1.373731,2.0351901054382324,18,0.285714,0.05824774,0.05824774,-0.00000007,0.05824774,0.05824774,0.00000000,1.548479,1.577743,-0.018899,0.065232,0.065464,-0.003559,0.876869,0.877160,0.000290,0.01395817,1.48065726,1.000000
xamn6,XAM-N-6,286,352.000,357.000,14324,300,61,0.435714,12.200000,31.587736,12.788513,0.526462,0.800196,1.405660,1.937597,0.000103,14.926723,11338,1.405660,1.971383810043335,16,0.262295,0.05653308,0.05653308,-0.00000007,0.05653308,0.05653308,0.00000000,1.565205,1.591734,-0.016949,0.066600,0.066701,-0.001515,0.874863,0.875283,0.000420,0.01423349,1.47452265,1.000000
xamn6,XAM-N-6,287,353.000,358.000,13949,300,63,0.450000,12.600000,31.102955,12.688932,0.518383,0.864974,1.544562,1.939535,0.000103,14.728499,11023,1.544562,2.0311243534088135,22,0.349206,0.05487108,0.05487108,0.00000000,0.05487108,0.05487108,0.00000000,1.583483,1.609076,-0.016163,0.069176,0.069268,-0.001323,0.870273,0.870698,0.000425,0.01561553,1.45607076,1.000000
xamn6,XAM-N-6,288,354.000,359.000,13681,300,63,0.450000,12.600000,30.802654,12.490026,0.513378,0.929521,1.715862,1.994988,0.000103,15.369517,10815,1.715862,2.069772243499756,22,0.349206,0.05357840,0.05357840,0.00000000,0.05357840,0.05357840,0.00000000,1.581902,1.605146,-0.014694,0.068799,0.068892,-0.001350,0.871308,0.871760,0.000452,0.01576504,1.46277269,1.000000
xamn6,XAM-N-6,289,355.000,360.000,13411,300,62,0.442857,12.400000,30.486536,12.437305,0.508109,1.005986,1.792428,2.055806,0.000026,16.114620,10574,1.792428,2.071763515472412,33,0.532258,0.05216217,0.05216217,0.00000015,0.05216217,0.05216213,0.00000092,1.594885,1.621207,-0.016504,0.069949,0.070163,-0.003052,0.869018,0.869376,0.000358,0.01571537,1.46120906,1.000000
xamn6,XAM-N-6,290,356.000,361.000,13078,300,57,0.407143,11.400000,30.117353,12.415901,0.501956,1.075411,1.858954,2.088782,0.000026,16.455585,10253,1.858954,1.8821314573287964,37,0.649123,0.05053525,0.05053525,0.00000000,0.05053525,0.05053496,0.00000561,1.602844,1.629683,-0.016745,0.069544,0.069903,-0.005164,0.870904,0.870996,0.000091,0.01492462,1.43125255,1.000000
xamn6,XAM-N-6,291,357.000,362.000,12639,300,55,0.392857,11.000000,30.157148,12.466894,0.502619,1.056076,1.829306,2.085081,0.000026,16.897148,9792,1.829306,1.7280713319778442,38,0.690909,0.04870800,0.04870800,0.00000000,0.04870800,0.04870771,0.00000591,1.604636,1.633911,-0.018244,0.068941,0.069533,-0.008587,0.872321,0.871957,-0.000364,0.01445115,1.43541074,1.000000
xamn6,XAM-N-6,292,358.000,363.000,12007,300,51,0.364286,10.200000,29.945801,12.763033,0.499097,1.003120,1.706735,2.094771,0.000026,16.935774,9100,1.706735,1.502483606338501,27,0.529412,0.04610656,0.04610656,0.00000000,0.04610656,0.04610627,0.00000624,1.623969,1.651037,-0.016668,0.069691,0.070395,-0.010106,0.871386,0.870745,-0.000641,0.01315472,1.41604936,1.000000
xamn6,XAM-N-6,293,359.000,364.000,11260,300,46,0.328571,9.200000,29.484486,13.293402,0.491408,0.954779,1.549948,2.037551,0.000026,16.026484,8293,1.549948,1.1684428453445435,26,0.565217,0.04307750,0.04307750,-0.00000009,0.04307750,0.04307722,0.00000658,1.649201,1.677176,-0.016963,0.070993,0.071871,-0.012372,0.869609,0.868712,-0.000896,0.01264946,1.35818377,1.000000
xamn6,XAM-N-6,294,360.000,365.000,10488,300,43,0.307143,8.600000,29.022945,13.855545,0.483716,0.891400,1.448302,2.016364,0.238037,15.441311,7523,1.448302,0.9587607383728027,19,0.441860,0.04020170,0.04020171,-0.00000010,0.04020170,0.04020138,0.00000795,1.632056,1.660660,-0.017526,0.067631,0.068776,-0.016931,0.876716,0.875235,-0.001481,0.01229755,1.31810458,1.000000
xamn6,XAM-N-6,295,361.000,366.000,9574,300,39,0.278571,7.800000,28.035881,14.362793,0.467265,0.776355,1.219683,2.008598,0.332494,14.729308,6696,1.219683,0.7475405931472778,12,0.307692,0.03675560,0.03675559,0.00000011,0.03675560,0.03675539,0.00000554,1.661583,1.687696,-0.015715,0.070926,0.072289,-0.019215,0.870117,0.868250,-0.001868,0.01190113,1.25868879,1.000000
xamn6,XAM-N-6,296,362.000,367.000,8732,300,36,0.257143,7.200000,26.328346,14.858778,0.438806,0.768650,1.278701,1.990900,0.000005,13.361296,5999,1.278701,0.6323994398117065,8,0.222222,0.03350478,0.03350477,0.00000018,0.03350478,0.03350458,0.00000608,1.668461,1.695144,-0.015993,0.071112,0.072298,-0.016685,0.870860,0.869378,-0.001481,0.01178829,1.14966277,0.997733
xamn6,XAM-N-6,297,363.000,368.000,7950,300,33,0.235714,6.600000,24.205305,15.283295,0.403422,0.788044,1.412977,2.168388,0.000005,12.139578,5395,1.412977,0.7782602310180664,10,0.303030,0.03051416,0.03051416,0.00000007,0.03051416,0.03051396,0.00000668,1.651950,1.669434,-0.010584,0.068462,0.069717,-0.018333,0.876997,0.874233,-0.002764,0.01202349,1.05711384,0.995019
xamn6,XAM-N-6,298,364.000,369.000,7296,300,31,0.221429,6.200000,21.759785,15.279255,0.362663,0.837609,1.635379,2.516274,0.000005,10.774450,4928,1.635379,1.1971514225006104,12,0.387097,0.02799818,0.02799818,0.00000007,0.02799818,0.02799798,0.00000728,1.713130,1.708745,0.002560,0.075369,0.076419,-0.013921,0.864917,0.860375,-0.004543,0.01233456,0.98386828,0.989453
xamn6,XAM-N-6,299,365.000,370.000,6635,300,29,0.207143,5.800000,18.709305,14.813375,0.311822,0.796863,1.643762,2.915689,0.000005,8.598553,4540,1.643762,1.7225950956344604,7,0.241379,0.02544520,0.02544520,0.00000008,0.02544520,0.02544508,0.00000463,1.719518,1.688169,0.018231,0.077099,0.078424,-0.017191,0.861189,0.853684,-0.007505,0.01184234,0.90146201,0.980060
xamn6,XAM-N-6,300,366.000,371.000,6052,300,24,0.171429,4.800000,15.668947,13.913126,0.261149,0.787158,1.691639,3.400520,0.000005,6.977307,4262,1.691639,2.236052989959717,7,0.291667,0.02321921,0.02321920,0.00000017,0.02321921,0.02321921,0.00000000,1.712822,1.663087,0.029037,0.075196,0.078064,-0.038133,0.866267,0.853159,-0.013108,0.01174537,0.83979270,0.968399
xamn6,XAM-N-6,301,367.000,372.000,5567,300,22,0.157143,4.400000,12.852970,12.619590,0.214216,0.694772,1.520044,3.922819,0.154884,5.742028,4005,1.520044,2.9051527976989746,7,0.318182,0.02139449,0.02139449,0.00000019,0.02139449,0.02139449,0.00000000,1.744387,1.679001,0.037483,0.078315,0.083656,-0.068194,0.860307,0.840374,-0.019932,0.01088538,0.83001978,0.967586
xamn6,XAM-N-6,302,368.000,373.000,5140,300,21,0.150000,4.200000,10.525152,10.945140,0.175419,0.631135,1.330118,4.269005,0.154884,4.939330,3735,1.330118,3.386028528213501,4,0.190476,0.01980426,0.01980426,0.00000030,0.01980426,0.01980426,0.00000000,1.789300,1.749611,0.022181,0.083812,0.092361,-0.102002,0.848745,0.823315,-0.025430,0.01016382,0.81287639,0.963842
xamn6,XAM-N-6,303,369.000,374.000,4720,300,21,0.150000,4.200000,8.195979,7.921713,0.136600,0.473946,0.633124,4.310280,0.483682,4.503122,3478,0.633124,3.568873882293701,0,0.000000,0.01823139,0.01823138,0.00000022,0.01823139,0.01823139,0.00000000,1.748517,1.749153,-0.000364,0.077797,0.089545,-0.151008,0.860886,0.831804,-0.029083,0.00997794,0.75118730,0.962341
xamn6,XAM-N-6,304,370.000,375.000,4422,300,17,0.121429,3.400000,6.946070,5.216623,0.115768,0.460566,0.604552,4.166287,0.653796,4.310452,3243,0.604552,3.31594181060791,0,0.000000,0.01713309,0.01713309,0.00000012,0.01713309,0.01713309,0.00000000,1.721393,1.768431,-0.027325,0.074287,0.088972,-0.197668,0.869210,0.837272,-0.031938,0.00947765,0.68657828,0.966927
xamn6,XAM-N-6,305,371.000,376.000,4138,300,16,0.114286,3.200000,6.804608,4.684968,0.113410,0.458141,0.597996,3.878613,0.653796,4.344365,2921,0.597996,2.9308979511260986,0,0.000000,0.01609570,0.01609570,0.00000000,0.01609570,0.01609570,0.00000000,1.725471,1.798695,-0.042437,0.073441,0.088451,-0.204383,0.872747,0.841918,-0.030829,0.00907061,0.65530192,0.976619
xamn6,XAM-N-6,306,372.000,377.000,3883,300,15,0.107143,3.000000,7.062519,4.505362,0.117709,0.454245,0.579852,3.650960,0.653796,4.536809,2685,0.579852,2.582821846008301,0,0.000000,0.01516436,0.01516436,0.00000000,0.01516436,0.01516436,0.00000000,1.721865,1.820242,-0.057134,0.076058,0.090875,-0.194808,0.865466,0.837267,-0.028199,0.00906616,0.58709994,0.976590
xamn6,XAM-N-6,307,373.000,378.000,3640,300,14,0.100000,2.800000,7.564403,4.334797,0.126073,0.450246,0.588885,3.320199,0.653796,4.911206,2527,0.588885,2.102078437805176,0,0.000000,0.01429087,0.01429087,0.00000000,0.01429087,0.01429087,0.00000000,1.692033,1.784615,-0.054717,0.074605,0.086833,-0.163904,0.869435,0.847220,-0.022215,0.00889066,0.51844258,0.981951
xamn6,XAM-N-6,308,374.000,379.000,3377,300,14,0.100000,2.800000,8.025212,4.207196,0.133754,0.443798,0.631672,3.136593,0.653796,5.392130,2334,0.631672,1.8243956565856934,0,0.000000,0.01333916,0.01333915,0.00000030,0.01333916,0.01333916,0.00000000,1.648801,1.724015,-0.045618,0.071346,0.081255,-0.138885,0.875211,0.856122,-0.019089,0.00843560,0.47557219,0.989206
xamn6,XAM-N-6,309,375.000,380.000,3065,300,13,0.092857,2.600000,8.387805,4.011680,0.139797,0.442694,0.647119,3.043065,0.724220,5.947788,2077,0.647119,1.6075031757354736,0,0.000000,0.01217199,0.01217198,0.00000033,0.01217199,0.01217199,0.00000000,1.700163,1.751713,-0.030320,0.078104,0.084682,-0.084214,0.861200,0.848364,-0.012835,0.00858867,0.44723083,0.995889
xamn6,XAM-N-6,310,376.000,381.000,2848,300,11,0.078571,2.200000,8.555848,3.683434,0.142597,0.458805,0.676639,3.098469,1.257304,6.290945,1920,0.676639,1.5444034337997437,0,0.000000,0.01131794,0.01131793,0.00000026,0.01131794,0.01131794,0.00000000,1.704003,1.744382,-0.023697,0.081958,0.085803,-0.046902,0.851203,0.844628,-0.006575,0.00838756,0.37979908,0.998894
xamn6,XAM-N-6,311,377.000,382.000,2604,300,11,0.078571,2.200000,8.425998,3.194230,0.140433,0.479448,0.700159,2.978913,1.257304,6.538750,1704,0.700159,1.3863989114761353,0,0.000000,0.01034086,0.01034085,0.00000019,0.01034086,0.01034086,0.00000000,1.650154,1.673963,-0.014429,0.071976,0.073831,-0.025778,0.872830,0.869626,-0.003204,0.00832170,0.35536825,1.000000
xamn6,XAM-N-6,312,378.000,383.000,2344,300,10,0.071429,2.000000,8.086178,2.876850,0.134770,0.485508,0.687864,3.020870,1.338405,6.771774,1444,0.687864,1.3826245069503784,0,0.000000,0.00927857,0.00927857,0.00000000,0.00927857,0.00927857,0.00000000,1.654010,1.665529,-0.006964,0.067231,0.068413,-0.017581,0.881819,0.879461,-0.002358,0.00773586,0.34546264,1.000000
xamn6,XAM-N-6,313,379.000,384.000,2127,300,9,0.064286,1.800000,7.612089,2.721404,0.126868,0.429718,0.593896,3.141533,1.678682,6.946911,1227,0.593896,1.4832873344421387,0,0.000000,0.00837454,0.00837454,0.00000012,0.00837454,0.00837454,0.00000000,1.753644,1.762576,-0.005094,0.071176,0.072672,-0.021017,0.877098,0.875470,-0.001627,0.00703460,0.32887171,0.990903
xamn6,XAM-N-6,314,380.000,385.000,1943,300,8,0.057143,1.600000,7.102399,2.590353,0.118373,0.408806,0.572869,3.270594,1.835610,7.039746,1043,0.572869,1.6022881269454956,0,0.000000,0.00763291,0.00763291,0.00000000,0.00763291,0.00763291,0.00000000,1.863613,1.864128,-0.000276,0.073249,0.074736,-0.020301,0.878046,0.876083,-0.001963,0.00703004,0.33432311,0.976145
xamn6,XAM-N-6,315,381.000,386.000,1769,300,7,0.050000,1.400000,6.688020,2.503086,0.111467,0.370948,0.530201,3.397691,1.937665,7.190485,869,0.530201,1.7139348983764648,0,0.000000,0.00696736,0.00696736,-0.00000007,0.00696736,0.00696736,0.00000000,1.955907,1.954211,0.000867,0.075162,0.076836,-0.022269,0.879124,0.876915,-0.002210,0.00682707,0.33105829,0.968202
xamn6,XAM-N-6,316,382.000,387.000,1614,300,6,0.042857,1.200000,6.561707,2.555649,0.109362,0.349495,0.503583,3.414459,2.812558,7.302658,714,0.503583,1.680806279182434,0,0.000000,0.00634909,0.00634909,0.00000031,0.00634909,0.00634909,0.00000000,1.986369,1.973978,0.006238,0.075251,0.075348,-0.001289,0.885386,0.885368,-0.000018,0.00643334,0.30184541,0.965149
xamn6,XAM-N-6,317,383.000,388.000,1494,300,6,0.042857,1.200000,6.662322,2.564168,0.111039,0.335011,0.486754,3.401683,2.812558,7.228706,594,0.486754,1.6393331289291382,0,0.000000,0.00584186,0.00584186,0.00000017,0.00584186,0.00584186,0.00000000,2.012048,2.003347,0.004325,0.084959,0.085226,-0.003142,0.866662,0.865950,-0.000712,0.00566444,0.27796473,0.962349
xamn6,XAM-N-6,318,384.000,389.000,1369,300,6,0.042857,1.200000,6.885005,2.339457,0.114750,0.363455,0.531375,3.534239,2.812558,7.128372,474,0.531375,1.748121738433838,0,0.000000,0.00531697,0.00531697,0.00000019,0.00531697,0.00531697,0.00000000,2.032140,2.024836,0.003595,0.097783,0.097414,0.003776,0.835104,0.835970,0.000865,0.00447302,0.26459595,0.973046
xamn6,XAM-N-6,319,385.000,390.000,1216,300,5,0.035714,1.000000,7.165955,1.965419,0.119433,0.417138,0.588516,3.715713,2.858963,7.071738,381,0.588516,1.863459587097168,0,0.000000,0.00469901,0.00469901,0.00000000,0.00469901,0.00469901,0.00000000,2.024671,2.017270,0.003656,0.105619,0.104740,0.008324,0.821271,0.822845,0.001574,0.00392759,0.23957188,0.991859
xamn6,XAM-N-6,320,386.000,391.000,1042,300,5,0.035714,1.000000,7.725697,1.857882,0.128762,0.435282,0.621881,3.852042,2.858963,6.972509,267,0.621881,1.9422829151153564,0,0.000000,0.00401681,0.00401681,0.00000000,0.00401681,0.00401681,0.00000000,1.969290,1.962572,0.003411,0.111536,0.110516,0.009141,0.804402,0.806372,0.001969,0.00331395,0.27155704,1.000000
xamn6,XAM-N-6,321,387.000,392.000,846,300,4,0.028571,0.800000,8.154020,1.862515,0.135900,0.462025,0.627352,3.943670,3.624948,6.934746,186,0.627352,1.9413883686065674,0,0.000000,0.00328502,0.00328502,-0.00000023,0.00328502,0.00328502,0.00000000,1.991726,1.988180,0.001780,0.117456,0.116797,0.005612,0.787983,0.789417,0.001434,0.00288879,0.26586823,1.000000
xamn6,XAM-N-6,322,388.000,393.000,666,300,4,0.028571,0.800000,8.660692,2.014367,0.144345,0.462055,0.613376,3.947498,3.624948,6.970812,126,0.613376,1.8788425922393799,0,0.000000,0.00263276,0.00263276,0.00000000,0.00263276,0.00263276,0.00000000,1.954955,1.951952,0.001536,0.105353,0.104379,0.009245,0.815125,0.817170,0.002046,0.00286428,0.27165313,1.000000
xamn6,XAM-N-6,323,389.000,394.000,491,300,3,0.021429,0.600000,9.525436,2.139949,0.158757,0.485357,0.607215,3.912921,3.624948,7.106946,66,0.607215,1.7049692869186401,0,0.000000,0.00199815,0.00199815,-0.00000025,0.00199815,0.00199815,0.00000000,1.940937,1.938900,0.001049,0.099273,0.097904,0.013790,0.832429,0.833925,0.001496,0.00271274,0.25760510,1.000000
